01:47:50 **** Incremental Build of configuration Debug for project Control_ECU ****
make all 
Building file: ../Door_Security_System2.c
Invoking: AVR Compiler
avr-gcc -Wall -g2 -gstabs -O0 -fpack-struct -fshort-enums -ffunction-sections -fdata-sections -std=gnu99 -funsigned-char -funsigned-bitfields -mmcu=atmega16 -DF_CPU=1000000UL -MMD -MP -MF"Door_Security_System2.d" -MT"Door_Security_System2.o" -c -o "Door_Security_System2.o" "../Door_Security_System2.c"
In file included from ../Door_Security_System2.c:1:
../std_types.h:42:1: warning: "F_CPU" redefined
<command-line>: warning: this is the location of the previous definition
In file included from ../Door_Security_System2.c:7:
c:/winavr-20100110/lib/gcc/../../avr/include/avr/delay.h:36:2: warning: #warning "This file has been moved to <util/delay.h>."
In file included from c:/winavr-20100110/lib/gcc/../../avr/include/avr/delay.h:37,
                 from ../Door_Security_System2.c:7:
c:/winavr-20100110/lib/gcc/../../avr/include/util/delay.h:90:3: warning: #warning "Compiler optimizations disabled; functions from <util/delay.h> won't work as designed"
../Door_Security_System2.c: In function 'main':
../Door_Security_System2.c:36: warning: passing argument 2 of 'EEPROM_readByte' makes pointer from integer without a cast
../Door_Security_System2.c:72: warning: passing argument 2 of 'EEPROM_readByte' makes pointer from integer without a cast
../Door_Security_System2.c: In function 'BUZZER_ON_MIN':
../Door_Security_System2.c:108: warning: implicit declaration of function 'Home'
Finished building: ../Door_Security_System2.c
 
Building target: Control_ECU.elf
Invoking: AVR C Linker
avr-gcc -Wl,-Map,Control_ECU.map -mmcu=atmega16 -o "Control_ECU.elf"  ./Door_Security_System2.o ./buzzer.o ./external_eeprom.o ./gpio.o ./motor.o ./pwm.o ./timer0.o ./twi.o ./uart.o   
./Door_Security_System2.o: In function `main':
../Door_Security_System2.c:18: undefined reference to `Home'
make: *** [Control_ECU.elf] Error 1
"make all" terminated with exit code 2. Build might be incomplete.
01:47:58 **** Incremental Build of configuration Debug for project Control_ECU ****
make all 
Building file: ../Door_Security_System2.c
Invoking: AVR Compiler
avr-gcc -Wall -g2 -gstabs -O0 -fpack-struct -fshort-enums -ffunction-sections -fdata-sections -std=gnu99 -funsigned-char -funsigned-bitfields -mmcu=atmega16 -DF_CPU=1000000UL -MMD -MP -MF"Door_Security_System2.d" -MT"Door_Security_System2.o" -c -o "Door_Security_System2.o" "../Door_Security_System2.c"
In file included from ../Door_Security_System2.c:1:
../std_types.h:42:1: warning: "F_CPU" redefined
<command-line>: warning: this is the location of the previous definition
In file included from ../Door_Security_System2.c:7:
c:/winavr-20100110/lib/gcc/../../avr/include/avr/delay.h:36:2: warning: #warning "This file has been moved to <util/delay.h>."
In file included from c:/winavr-20100110/lib/gcc/../../avr/include/avr/delay.h:37,
                 from ../Door_Security_System2.c:7:
c:/winavr-20100110/lib/gcc/../../avr/include/util/delay.h:90:3: warning: #warning "Compiler optimizations disabled; functions from <util/delay.h> won't work as designed"
../Door_Security_System2.c: In function 'main':
../Door_Security_System2.c:36: warning: passing argument 2 of 'EEPROM_readByte' makes pointer from integer without a cast
../Door_Security_System2.c:72: warning: passing argument 2 of 'EEPROM_readByte' makes pointer from integer without a cast
../Door_Security_System2.c: In function 'BUZZER_ON_MIN':
../Door_Security_System2.c:108: warning: implicit declaration of function 'Home'
Finished building: ../Door_Security_System2.c
 
Building target: Control_ECU.elf
Invoking: AVR C Linker
avr-gcc -Wl,-Map,Control_ECU.map -mmcu=atmega16 -o "Control_ECU.elf"  ./Door_Security_System2.o ./buzzer.o ./external_eeprom.o ./gpio.o ./motor.o ./pwm.o ./timer0.o ./twi.o ./uart.o   
./Door_Security_System2.o: In function `main':
../Door_Security_System2.c:16: undefined reference to `Home'
make: *** [Control_ECU.elf] Error 1
"make all" terminated with exit code 2. Build might be incomplete.
01:47:59 **** Incremental Build of configuration Debug for project Hmi_ECU ****
make all 
Invoking: Print Size
avr-size --format=avr --mcu=atmega16 Hmi_ECU.elf
AVR Memory Usage
----------------
Device: atmega16

Program:   13460 bytes (82.2% Full)
(.text + .data + .bootloader)

Data:        176 bytes (17.2% Full)
(.data + .bss + .noinit)


Finished building: sizedummy
 
01:47:59 **** Incremental Build of configuration Debug for project dgdgdgd ****
make all 
Building target: dgdgdgd.elf
Invoking: AVR C Linker
avr-gcc -Wl,-Map,dgdgdgd.map -mmcu=atmega16 -o "dgdgdgd.elf"  ./cbcb.o   
c:/winavr-20100110/bin/../lib/gcc/avr/4.3.3/../../../../avr/lib/avr5/crtm16.o:(.init9+0x0): undefined reference to `main'
make: *** [dgdgdgd.elf] Error 1
"make all" terminated with exit code 2. Build might be incomplete.
01:48:22 **** Incremental Build of configuration Debug for project Control_ECU ****
make all 
Building file: ../Door_Security_System2.c
Invoking: AVR Compiler
avr-gcc -Wall -g2 -gstabs -O0 -fpack-struct -fshort-enums -ffunction-sections -fdata-sections -std=gnu99 -funsigned-char -funsigned-bitfields -mmcu=atmega16 -DF_CPU=1000000UL -MMD -MP -MF"Door_Security_System2.d" -MT"Door_Security_System2.o" -c -o "Door_Security_System2.o" "../Door_Security_System2.c"
In file included from ../Door_Security_System2.c:1:
../std_types.h:42:1: warning: "F_CPU" redefined
<command-line>: warning: this is the location of the previous definition
In file included from ../Door_Security_System2.c:7:
c:/winavr-20100110/lib/gcc/../../avr/include/avr/delay.h:36:2: warning: #warning "This file has been moved to <util/delay.h>."
In file included from c:/winavr-20100110/lib/gcc/../../avr/include/avr/delay.h:37,
                 from ../Door_Security_System2.c:7:
c:/winavr-20100110/lib/gcc/../../avr/include/util/delay.h:90:3: warning: #warning "Compiler optimizations disabled; functions from <util/delay.h> won't work as designed"
../Door_Security_System2.c: In function 'main':
../Door_Security_System2.c:36: warning: passing argument 2 of 'EEPROM_readByte' makes pointer from integer without a cast
../Door_Security_System2.c:72: warning: passing argument 2 of 'EEPROM_readByte' makes pointer from integer without a cast
../Door_Security_System2.c: In function 'BUZZER_ON_MIN':
../Door_Security_System2.c:108: warning: implicit declaration of function 'Home'
Finished building: ../Door_Security_System2.c
 
Building target: Control_ECU.elf
Invoking: AVR C Linker
avr-gcc -Wl,-Map,Control_ECU.map -mmcu=atmega16 -o "Control_ECU.elf"  ./Door_Security_System2.o ./buzzer.o ./external_eeprom.o ./gpio.o ./motor.o ./pwm.o ./timer0.o ./twi.o ./uart.o   
./Door_Security_System2.o: In function `main':
../Door_Security_System2.c:15: undefined reference to `Home'
make: *** [Control_ECU.elf] Error 1
"make all" terminated with exit code 2. Build might be incomplete.
01:48:22 **** Incremental Build of configuration Debug for project Hmi_ECU ****
make all 
Invoking: Print Size
avr-size --format=avr --mcu=atmega16 Hmi_ECU.elf
AVR Memory Usage
----------------
Device: atmega16

Program:   13460 bytes (82.2% Full)
(.text + .data + .bootloader)

Data:        176 bytes (17.2% Full)
(.data + .bss + .noinit)


Finished building: sizedummy
 
01:48:23 **** Incremental Build of configuration Debug for project dgdgdgd ****
make all 
Building target: dgdgdgd.elf
Invoking: AVR C Linker
avr-gcc -Wl,-Map,dgdgdgd.map -mmcu=atmega16 -o "dgdgdgd.elf"  ./cbcb.o   
c:/winavr-20100110/bin/../lib/gcc/avr/4.3.3/../../../../avr/lib/avr5/crtm16.o:(.init9+0x0): undefined reference to `main'
make: *** [dgdgdgd.elf] Error 1
"make all" terminated with exit code 2. Build might be incomplete.
01:50:19 **** Incremental Build of configuration Debug for project Control_ECU ****
make all 
Building file: ../Door_Security_System2.c
Invoking: AVR Compiler
avr-gcc -Wall -g2 -gstabs -O0 -fpack-struct -fshort-enums -ffunction-sections -fdata-sections -std=gnu99 -funsigned-char -funsigned-bitfields -mmcu=atmega16 -DF_CPU=1000000UL -MMD -MP -MF"Door_Security_System2.d" -MT"Door_Security_System2.o" -c -o "Door_Security_System2.o" "../Door_Security_System2.c"
In file included from ../Door_Security_System2.c:1:
../std_types.h:42:1: warning: "F_CPU" redefined
<command-line>: warning: this is the location of the previous definition
In file included from ../Door_Security_System2.c:7:
c:/winavr-20100110/lib/gcc/../../avr/include/avr/delay.h:36:2: warning: #warning "This file has been moved to <util/delay.h>."
In file included from c:/winavr-20100110/lib/gcc/../../avr/include/avr/delay.h:37,
                 from ../Door_Security_System2.c:7:
c:/winavr-20100110/lib/gcc/../../avr/include/util/delay.h:90:3: warning: #warning "Compiler optimizations disabled; functions from <util/delay.h> won't work as designed"
../Door_Security_System2.c: In function 'main':
../Door_Security_System2.c:36: warning: passing argument 2 of 'EEPROM_readByte' makes pointer from integer without a cast
../Door_Security_System2.c:72: warning: passing argument 2 of 'EEPROM_readByte' makes pointer from integer without a cast
../Door_Security_System2.c: In function 'BUZZER_ON_MIN':
../Door_Security_System2.c:108: warning: implicit declaration of function 'Home'
Finished building: ../Door_Security_System2.c
 
Building target: Control_ECU.elf
Invoking: AVR C Linker
avr-gcc -Wl,-Map,Control_ECU.map -mmcu=atmega16 -o "Control_ECU.elf"  ./Door_Security_System2.o ./buzzer.o ./external_eeprom.o ./gpio.o ./motor.o ./pwm.o ./timer0.o ./twi.o ./uart.o   
./Door_Security_System2.o: In function `main':
../Door_Security_System2.c:15: undefined reference to `Home'
make: *** [Control_ECU.elf] Error 1
"make all" terminated with exit code 2. Build might be incomplete.
01:50:20 **** Incremental Build of configuration Debug for project Hmi_ECU ****
make all 
Invoking: Print Size
avr-size --format=avr --mcu=atmega16 Hmi_ECU.elf
AVR Memory Usage
----------------
Device: atmega16

Program:   13460 bytes (82.2% Full)
(.text + .data + .bootloader)

Data:        176 bytes (17.2% Full)
(.data + .bss + .noinit)


Finished building: sizedummy
 
11:28:36 **** Incremental Build of configuration Debug for project Control_ECU ****
make all 
Building file: ../Door_Security_System2.c
Invoking: AVR Compiler
avr-gcc -Wall -g2 -gstabs -O0 -fpack-struct -fshort-enums -ffunction-sections -fdata-sections -std=gnu99 -funsigned-char -funsigned-bitfields -mmcu=atmega16 -DF_CPU=1000000UL -MMD -MP -MF"Door_Security_System2.d" -MT"Door_Security_System2.o" -c -o "Door_Security_System2.o" "../Door_Security_System2.c"
In file included from ../Door_Security_System2.c:1:
../std_types.h:42:1: warning: "F_CPU" redefined
<command-line>: warning: this is the location of the previous definition
In file included from ../Door_Security_System2.c:7:
c:/winavr-20100110/lib/gcc/../../avr/include/avr/delay.h:36:2: warning: #warning "This file has been moved to <util/delay.h>."
In file included from c:/winavr-20100110/lib/gcc/../../avr/include/avr/delay.h:37,
                 from ../Door_Security_System2.c:7:
c:/winavr-20100110/lib/gcc/../../avr/include/util/delay.h:90:3: warning: #warning "Compiler optimizations disabled; functions from <util/delay.h> won't work as designed"
../Door_Security_System2.c: In function 'main':
../Door_Security_System2.c:36: warning: passing argument 2 of 'EEPROM_readByte' makes pointer from integer without a cast
../Door_Security_System2.c:72: warning: passing argument 2 of 'EEPROM_readByte' makes pointer from integer without a cast
../Door_Security_System2.c: In function 'BUZZER_ON_MIN':
../Door_Security_System2.c:108: warning: implicit declaration of function 'Home'
Finished building: ../Door_Security_System2.c
 
Building file: ../buzzer.c
Invoking: AVR Compiler
avr-gcc -Wall -g2 -gstabs -O0 -fpack-struct -fshort-enums -ffunction-sections -fdata-sections -std=gnu99 -funsigned-char -funsigned-bitfields -mmcu=atmega16 -DF_CPU=1000000UL -MMD -MP -MF"buzzer.d" -MT"buzzer.o" -c -o "buzzer.o" "../buzzer.c"
In file included from ../gpio.h:16,
                 from ../buzzer.h:2,
                 from ../buzzer.c:1:
../std_types.h:42:1: warning: "F_CPU" redefined
<command-line>: warning: this is the location of the previous definition
Finished building: ../buzzer.c
 
Building file: ../external_eeprom.c
Invoking: AVR Compiler
avr-gcc -Wall -g2 -gstabs -O0 -fpack-struct -fshort-enums -ffunction-sections -fdata-sections -std=gnu99 -funsigned-char -funsigned-bitfields -mmcu=atmega16 -DF_CPU=1000000UL -MMD -MP -MF"external_eeprom.d" -MT"external_eeprom.o" -c -o "external_eeprom.o" "../external_eeprom.c"
In file included from ../external_eeprom.h:17,
                 from ../external_eeprom.c:12:
../std_types.h:42:1: warning: "F_CPU" redefined
<command-line>: warning: this is the location of the previous definition
Finished building: ../external_eeprom.c
 
Building file: ../gpio.c
Invoking: AVR Compiler
avr-gcc -Wall -g2 -gstabs -O0 -fpack-struct -fshort-enums -ffunction-sections -fdata-sections -std=gnu99 -funsigned-char -funsigned-bitfields -mmcu=atmega16 -DF_CPU=1000000UL -MMD -MP -MF"gpio.d" -MT"gpio.o" -c -o "gpio.o" "../gpio.c"
In file included from ../gpio.h:16,
                 from ../gpio.c:13:
../std_types.h:42:1: warning: "F_CPU" redefined
<command-line>: warning: this is the location of the previous definition
Finished building: ../gpio.c
 
Building file: ../motor.c
Invoking: AVR Compiler
avr-gcc -Wall -g2 -gstabs -O0 -fpack-struct -fshort-enums -ffunction-sections -fdata-sections -std=gnu99 -funsigned-char -funsigned-bitfields -mmcu=atmega16 -DF_CPU=1000000UL -MMD -MP -MF"motor.d" -MT"motor.o" -c -o "motor.o" "../motor.c"
In file included from ../gpio.h:16,
                 from ../motor.h:16,
                 from ../motor.c:15:
../std_types.h:42:1: warning: "F_CPU" redefined
<command-line>: warning: this is the location of the previous definition
Finished building: ../motor.c
 
Building file: ../pwm.c
Invoking: AVR Compiler
avr-gcc -Wall -g2 -gstabs -O0 -fpack-struct -fshort-enums -ffunction-sections -fdata-sections -std=gnu99 -funsigned-char -funsigned-bitfields -mmcu=atmega16 -DF_CPU=1000000UL -MMD -MP -MF"pwm.d" -MT"pwm.o" -c -o "pwm.o" "../pwm.c"
In file included from ../gpio.h:16,
                 from ../pwm.h:14,
                 from ../pwm.c:15:
../std_types.h:42:1: warning: "F_CPU" redefined
<command-line>: warning: this is the location of the previous definition
Finished building: ../pwm.c
 
Building file: ../timer0.c
Invoking: AVR Compiler
avr-gcc -Wall -g2 -gstabs -O0 -fpack-struct -fshort-enums -ffunction-sections -fdata-sections -std=gnu99 -funsigned-char -funsigned-bitfields -mmcu=atmega16 -DF_CPU=1000000UL -MMD -MP -MF"timer0.d" -MT"timer0.o" -c -o "timer0.o" "../timer0.c"
In file included from ../timer0.h:2,
                 from ../timer0.c:1:
../std_types.h:42:1: warning: "F_CPU" redefined
<command-line>: warning: this is the location of the previous definition
../timer0.c: In function 'Timer0_SetcallBack':
../timer0.c:48: warning: function return types not compatible due to 'volatile'
Finished building: ../timer0.c
 
Building file: ../twi.c
Invoking: AVR Compiler
avr-gcc -Wall -g2 -gstabs -O0 -fpack-struct -fshort-enums -ffunction-sections -fdata-sections -std=gnu99 -funsigned-char -funsigned-bitfields -mmcu=atmega16 -DF_CPU=1000000UL -MMD -MP -MF"twi.d" -MT"twi.o" -c -o "twi.o" "../twi.c"
In file included from ../twi.h:16,
                 from ../twi.c:13:
../std_types.h:42:1: warning: "F_CPU" redefined
<command-line>: warning: this is the location of the previous definition
Finished building: ../twi.c
 
Building file: ../uart.c
Invoking: AVR Compiler
avr-gcc -Wall -g2 -gstabs -O0 -fpack-struct -fshort-enums -ffunction-sections -fdata-sections -std=gnu99 -funsigned-char -funsigned-bitfields -mmcu=atmega16 -DF_CPU=1000000UL -MMD -MP -MF"uart.d" -MT"uart.o" -c -o "uart.o" "../uart.c"
In file included from ../uart.h:16,
                 from ../uart.c:13:
../std_types.h:42:1: warning: "F_CPU" redefined
<command-line>: warning: this is the location of the previous definition
Finished building: ../uart.c
 
Building target: Control_ECU.elf
Invoking: AVR C Linker
avr-gcc -Wl,-Map,Control_ECU.map -mmcu=atmega16 -o "Control_ECU.elf"  ./Door_Security_System2.o ./buzzer.o ./external_eeprom.o ./gpio.o ./motor.o ./pwm.o ./timer0.o ./twi.o ./uart.o   
./Door_Security_System2.o: In function `main':
../Door_Security_System2.c:15: undefined reference to `Home'
make: *** [Control_ECU.elf] Error 1
"make all" terminated with exit code 2. Build might be incomplete.
11:28:39 **** Incremental Build of configuration Debug for project Hmi_ECU ****
make all 
Invoking: Print Size
avr-size --format=avr --mcu=atmega16 Hmi_ECU.elf
AVR Memory Usage
----------------
Device: atmega16

Program:   13460 bytes (82.2% Full)
(.text + .data + .bootloader)

Data:        176 bytes (17.2% Full)
(.data + .bss + .noinit)


Finished building: sizedummy
 
11:29:45 **** Incremental Build of configuration Debug for project Control_ECU ****
make all 
Building file: ../Door_Security_System2.c
Invoking: AVR Compiler
avr-gcc -Wall -g2 -gstabs -O0 -fpack-struct -fshort-enums -ffunction-sections -fdata-sections -std=gnu99 -funsigned-char -funsigned-bitfields -mmcu=atmega16 -DF_CPU=1000000UL -MMD -MP -MF"Door_Security_System2.d" -MT"Door_Security_System2.o" -c -o "Door_Security_System2.o" "../Door_Security_System2.c"
In file included from ../Door_Security_System2.c:1:
../std_types.h:42:1: warning: "F_CPU" redefined
<command-line>: warning: this is the location of the previous definition
In file included from ../Door_Security_System2.c:7:
c:/winavr-20100110/lib/gcc/../../avr/include/avr/delay.h:36:2: warning: #warning "This file has been moved to <util/delay.h>."
In file included from c:/winavr-20100110/lib/gcc/../../avr/include/avr/delay.h:37,
                 from ../Door_Security_System2.c:7:
c:/winavr-20100110/lib/gcc/../../avr/include/util/delay.h:90:3: warning: #warning "Compiler optimizations disabled; functions from <util/delay.h> won't work as designed"
../Door_Security_System2.c: In function 'main':
../Door_Security_System2.c:36: warning: passing argument 2 of 'EEPROM_readByte' makes pointer from integer without a cast
../Door_Security_System2.c:72: warning: passing argument 2 of 'EEPROM_readByte' makes pointer from integer without a cast
Finished building: ../Door_Security_System2.c
 
Building target: Control_ECU.elf
Invoking: AVR C Linker
avr-gcc -Wl,-Map,Control_ECU.map -mmcu=atmega16 -o "Control_ECU.elf"  ./Door_Security_System2.o ./buzzer.o ./external_eeprom.o ./gpio.o ./motor.o ./pwm.o ./timer0.o ./twi.o ./uart.o   
Finished building target: Control_ECU.elf
 
Invoking: AVR Create Extended Listing
avr-objdump -h -S Control_ECU.elf  >"Control_ECU.lss"
Finished building: Control_ECU.lss
 
Invoking: Print Size
avr-size --format=avr --mcu=atmega16 Control_ECU.elf
AVR Memory Usage
----------------
Device: atmega16

Program:    9972 bytes (60.9% Full)
(.text + .data + .bootloader)

Data:         65 bytes (6.3% Full)
(.data + .bss + .noinit)


Finished building: sizedummy
 
11:29:46 **** Incremental Build of configuration Debug for project Hmi_ECU ****
make all 
Invoking: Print Size
avr-size --format=avr --mcu=atmega16 Hmi_ECU.elf
AVR Memory Usage
----------------
Device: atmega16

Program:   13460 bytes (82.2% Full)
(.text + .data + .bootloader)

Data:        176 bytes (17.2% Full)
(.data + .bss + .noinit)


Finished building: sizedummy
 
11:31:28 **** Incremental Build of configuration Debug for project Control_ECU ****
make all 
Invoking: Print Size
avr-size --format=avr --mcu=atmega16 Control_ECU.elf
AVR Memory Usage
----------------
Device: atmega16

Program:    9972 bytes (60.9% Full)
(.text + .data + .bootloader)

Data:         65 bytes (6.3% Full)
(.data + .bss + .noinit)


Finished building: sizedummy
 
11:31:28 **** Incremental Build of configuration Debug for project Hmi_ECU ****
make all 
Invoking: Print Size
avr-size --format=avr --mcu=atmega16 Hmi_ECU.elf
AVR Memory Usage
----------------
Device: atmega16

Program:   13460 bytes (82.2% Full)
(.text + .data + .bootloader)

Data:        176 bytes (17.2% Full)
(.data + .bss + .noinit)


Finished building: sizedummy
 
11:32:32 **** Incremental Build of configuration Debug for project Control_ECU ****
make all 
Invoking: Print Size
avr-size --format=avr --mcu=atmega16 Control_ECU.elf
AVR Memory Usage
----------------
Device: atmega16

Program:    9972 bytes (60.9% Full)
(.text + .data + .bootloader)

Data:         65 bytes (6.3% Full)
(.data + .bss + .noinit)


Finished building: sizedummy
 
11:32:33 **** Incremental Build of configuration Debug for project Hmi_ECU ****
make all 
Building file: ../Door_Security_System.c
Invoking: AVR Compiler
avr-gcc -Wall -g2 -gstabs -O0 -fpack-struct -fshort-enums -ffunction-sections -fdata-sections -std=gnu99 -funsigned-char -funsigned-bitfields -mmcu=atmega16 -DF_CPU=1000000UL -MMD -MP -MF"Door_Security_System.d" -MT"Door_Security_System.o" -c -o "Door_Security_System.o" "../Door_Security_System.c"
In file included from ../Door_Security_System.c:1:
c:/winavr-20100110/lib/gcc/../../avr/include/avr/delay.h:36:2: warning: #warning "This file has been moved to <util/delay.h>."
In file included from c:/winavr-20100110/lib/gcc/../../avr/include/avr/delay.h:37,
                 from ../Door_Security_System.c:1:
c:/winavr-20100110/lib/gcc/../../avr/include/util/delay.h:90:3: warning: #warning "Compiler optimizations disabled; functions from <util/delay.h> won't work as designed"
In file included from ../timer0.h:2,
                 from ../Door_Security_System.c:2:
../std_types.h:42:1: warning: "F_CPU" redefined
<command-line>: warning: this is the location of the previous definition
../Door_Security_System.c: In function 'main':
../Door_Security_System.c:24: warning: implicit declaration of function 'KEYPAD_getPressedKey'
Finished building: ../Door_Security_System.c
 
Building target: Hmi_ECU.elf
Invoking: AVR C Linker
avr-gcc -Wl,-Map,Hmi_ECU.map -mmcu=atmega16 -o "Hmi_ECU.elf"  ./Door_Security_System.o ./gpio.o ./keypad.o ./lcd.o ./timer0.o ./uart.o   
Finished building target: Hmi_ECU.elf
 
Invoking: AVR Create Extended Listing
avr-objdump -h -S Hmi_ECU.elf  >"Hmi_ECU.lss"
Finished building: Hmi_ECU.lss
 
Invoking: Print Size
avr-size --format=avr --mcu=atmega16 Hmi_ECU.elf
AVR Memory Usage
----------------
Device: atmega16

Program:   14176 bytes (86.5% Full)
(.text + .data + .bootloader)

Data:        176 bytes (17.2% Full)
(.data + .bss + .noinit)


Finished building: sizedummy
 
11:39:26 **** Incremental Build of configuration Debug for project Control_ECU ****
make all 
Invoking: Print Size
avr-size --format=avr --mcu=atmega16 Control_ECU.elf
AVR Memory Usage
----------------
Device: atmega16

Program:    9972 bytes (60.9% Full)
(.text + .data + .bootloader)

Data:         65 bytes (6.3% Full)
(.data + .bss + .noinit)


Finished building: sizedummy
 
11:39:27 **** Incremental Build of configuration Debug for project Hmi_ECU ****
make all 
Building file: ../Door_Security_System.c
Invoking: AVR Compiler
avr-gcc -Wall -g2 -gstabs -O0 -fpack-struct -fshort-enums -ffunction-sections -fdata-sections -std=gnu99 -funsigned-char -funsigned-bitfields -mmcu=atmega16 -DF_CPU=1000000UL -MMD -MP -MF"Door_Security_System.d" -MT"Door_Security_System.o" -c -o "Door_Security_System.o" "../Door_Security_System.c"
In file included from ../Door_Security_System.c:1:
c:/winavr-20100110/lib/gcc/../../avr/include/avr/delay.h:36:2: warning: #warning "This file has been moved to <util/delay.h>."
In file included from c:/winavr-20100110/lib/gcc/../../avr/include/avr/delay.h:37,
                 from ../Door_Security_System.c:1:
c:/winavr-20100110/lib/gcc/../../avr/include/util/delay.h:90:3: warning: #warning "Compiler optimizations disabled; functions from <util/delay.h> won't work as designed"
In file included from ../timer0.h:2,
                 from ../Door_Security_System.c:2:
../std_types.h:42:1: warning: "F_CPU" redefined
<command-line>: warning: this is the location of the previous definition
../Door_Security_System.c: In function 'main':
../Door_Security_System.c:24: warning: implicit declaration of function 'KEYPAD_getPressedKey'
Finished building: ../Door_Security_System.c
 
Building target: Hmi_ECU.elf
Invoking: AVR C Linker
avr-gcc -Wl,-Map,Hmi_ECU.map -mmcu=atmega16 -o "Hmi_ECU.elf"  ./Door_Security_System.o ./gpio.o ./keypad.o ./lcd.o ./timer0.o ./uart.o   
Finished building target: Hmi_ECU.elf
 
Invoking: AVR Create Extended Listing
avr-objdump -h -S Hmi_ECU.elf  >"Hmi_ECU.lss"
Finished building: Hmi_ECU.lss
 
Invoking: Print Size
avr-size --format=avr --mcu=atmega16 Hmi_ECU.elf
AVR Memory Usage
----------------
Device: atmega16

Program:   13862 bytes (84.6% Full)
(.text + .data + .bootloader)

Data:        176 bytes (17.2% Full)
(.data + .bss + .noinit)


Finished building: sizedummy
 
11:40:17 **** Incremental Build of configuration Debug for project Control_ECU ****
make all 
Invoking: Print Size
avr-size --format=avr --mcu=atmega16 Control_ECU.elf
AVR Memory Usage
----------------
Device: atmega16

Program:    9972 bytes (60.9% Full)
(.text + .data + .bootloader)

Data:         65 bytes (6.3% Full)
(.data + .bss + .noinit)


Finished building: sizedummy
 
11:40:17 **** Incremental Build of configuration Debug for project Hmi_ECU ****
make all 
Building file: ../Door_Security_System.c
Invoking: AVR Compiler
avr-gcc -Wall -g2 -gstabs -O0 -fpack-struct -fshort-enums -ffunction-sections -fdata-sections -std=gnu99 -funsigned-char -funsigned-bitfields -mmcu=atmega16 -DF_CPU=1000000UL -MMD -MP -MF"Door_Security_System.d" -MT"Door_Security_System.o" -c -o "Door_Security_System.o" "../Door_Security_System.c"
In file included from ../Door_Security_System.c:1:
c:/winavr-20100110/lib/gcc/../../avr/include/avr/delay.h:36:2: warning: #warning "This file has been moved to <util/delay.h>."
In file included from c:/winavr-20100110/lib/gcc/../../avr/include/avr/delay.h:37,
                 from ../Door_Security_System.c:1:
c:/winavr-20100110/lib/gcc/../../avr/include/util/delay.h:90:3: warning: #warning "Compiler optimizations disabled; functions from <util/delay.h> won't work as designed"
In file included from ../timer0.h:2,
                 from ../Door_Security_System.c:2:
../std_types.h:42:1: warning: "F_CPU" redefined
<command-line>: warning: this is the location of the previous definition
../Door_Security_System.c: In function 'main':
../Door_Security_System.c:24: warning: implicit declaration of function 'KEYPAD_getPressedKey'
Finished building: ../Door_Security_System.c
 
Building target: Hmi_ECU.elf
Invoking: AVR C Linker
avr-gcc -Wl,-Map,Hmi_ECU.map -mmcu=atmega16 -o "Hmi_ECU.elf"  ./Door_Security_System.o ./gpio.o ./keypad.o ./lcd.o ./timer0.o ./uart.o   
Finished building target: Hmi_ECU.elf
 
Invoking: AVR Create Extended Listing
avr-objdump -h -S Hmi_ECU.elf  >"Hmi_ECU.lss"
Finished building: Hmi_ECU.lss
 
Invoking: Print Size
avr-size --format=avr --mcu=atmega16 Hmi_ECU.elf
AVR Memory Usage
----------------
Device: atmega16

Program:   13860 bytes (84.6% Full)
(.text + .data + .bootloader)

Data:        176 bytes (17.2% Full)
(.data + .bss + .noinit)


Finished building: sizedummy
 
11:41:15 **** Incremental Build of configuration Debug for project Control_ECU ****
make all 
Invoking: Print Size
avr-size --format=avr --mcu=atmega16 Control_ECU.elf
AVR Memory Usage
----------------
Device: atmega16

Program:    9972 bytes (60.9% Full)
(.text + .data + .bootloader)

Data:         65 bytes (6.3% Full)
(.data + .bss + .noinit)


Finished building: sizedummy
 
11:41:15 **** Incremental Build of configuration Debug for project Hmi_ECU ****
make all 
Building file: ../Door_Security_System.c
Invoking: AVR Compiler
avr-gcc -Wall -g2 -gstabs -O0 -fpack-struct -fshort-enums -ffunction-sections -fdata-sections -std=gnu99 -funsigned-char -funsigned-bitfields -mmcu=atmega16 -DF_CPU=1000000UL -MMD -MP -MF"Door_Security_System.d" -MT"Door_Security_System.o" -c -o "Door_Security_System.o" "../Door_Security_System.c"
In file included from ../Door_Security_System.c:1:
c:/winavr-20100110/lib/gcc/../../avr/include/avr/delay.h:36:2: warning: #warning "This file has been moved to <util/delay.h>."
In file included from c:/winavr-20100110/lib/gcc/../../avr/include/avr/delay.h:37,
                 from ../Door_Security_System.c:1:
c:/winavr-20100110/lib/gcc/../../avr/include/util/delay.h:90:3: warning: #warning "Compiler optimizations disabled; functions from <util/delay.h> won't work as designed"
In file included from ../timer0.h:2,
                 from ../Door_Security_System.c:2:
../std_types.h:42:1: warning: "F_CPU" redefined
<command-line>: warning: this is the location of the previous definition
../Door_Security_System.c: In function 'main':
../Door_Security_System.c:24: warning: implicit declaration of function 'KEYPAD_getPressedKey'
Finished building: ../Door_Security_System.c
 
Building target: Hmi_ECU.elf
Invoking: AVR C Linker
avr-gcc -Wl,-Map,Hmi_ECU.map -mmcu=atmega16 -o "Hmi_ECU.elf"  ./Door_Security_System.o ./gpio.o ./keypad.o ./lcd.o ./timer0.o ./uart.o   
Finished building target: Hmi_ECU.elf
 
Invoking: AVR Create Extended Listing
avr-objdump -h -S Hmi_ECU.elf  >"Hmi_ECU.lss"
Finished building: Hmi_ECU.lss
 
Invoking: Print Size
avr-size --format=avr --mcu=atmega16 Hmi_ECU.elf
AVR Memory Usage
----------------
Device: atmega16

Program:   13502 bytes (82.4% Full)
(.text + .data + .bootloader)

Data:        176 bytes (17.2% Full)
(.data + .bss + .noinit)


Finished building: sizedummy
 
11:41:54 **** Incremental Build of configuration Debug for project Control_ECU ****
make all 
Invoking: Print Size
avr-size --format=avr --mcu=atmega16 Control_ECU.elf
AVR Memory Usage
----------------
Device: atmega16

Program:    9972 bytes (60.9% Full)
(.text + .data + .bootloader)

Data:         65 bytes (6.3% Full)
(.data + .bss + .noinit)


Finished building: sizedummy
 
11:41:54 **** Incremental Build of configuration Debug for project Hmi_ECU ****
make all 
Building file: ../Door_Security_System.c
Invoking: AVR Compiler
avr-gcc -Wall -g2 -gstabs -O0 -fpack-struct -fshort-enums -ffunction-sections -fdata-sections -std=gnu99 -funsigned-char -funsigned-bitfields -mmcu=atmega16 -DF_CPU=1000000UL -MMD -MP -MF"Door_Security_System.d" -MT"Door_Security_System.o" -c -o "Door_Security_System.o" "../Door_Security_System.c"
In file included from ../Door_Security_System.c:1:
c:/winavr-20100110/lib/gcc/../../avr/include/avr/delay.h:36:2: warning: #warning "This file has been moved to <util/delay.h>."
In file included from c:/winavr-20100110/lib/gcc/../../avr/include/avr/delay.h:37,
                 from ../Door_Security_System.c:1:
c:/winavr-20100110/lib/gcc/../../avr/include/util/delay.h:90:3: warning: #warning "Compiler optimizations disabled; functions from <util/delay.h> won't work as designed"
In file included from ../timer0.h:2,
                 from ../Door_Security_System.c:2:
../std_types.h:42:1: warning: "F_CPU" redefined
<command-line>: warning: this is the location of the previous definition
../Door_Security_System.c: In function 'main':
../Door_Security_System.c:24: warning: implicit declaration of function 'KEYPAD_getPressedKey'
Finished building: ../Door_Security_System.c
 
Building target: Hmi_ECU.elf
Invoking: AVR C Linker
avr-gcc -Wl,-Map,Hmi_ECU.map -mmcu=atmega16 -o "Hmi_ECU.elf"  ./Door_Security_System.o ./gpio.o ./keypad.o ./lcd.o ./timer0.o ./uart.o   
Finished building target: Hmi_ECU.elf
 
Invoking: AVR Create Extended Listing
avr-objdump -h -S Hmi_ECU.elf  >"Hmi_ECU.lss"
Finished building: Hmi_ECU.lss
 
Invoking: Print Size
avr-size --format=avr --mcu=atmega16 Hmi_ECU.elf
AVR Memory Usage
----------------
Device: atmega16

Program:   13502 bytes (82.4% Full)
(.text + .data + .bootloader)

Data:        176 bytes (17.2% Full)
(.data + .bss + .noinit)


Finished building: sizedummy
 
11:45:24 **** Incremental Build of configuration Debug for project Control_ECU ****
make all 
Invoking: Print Size
avr-size --format=avr --mcu=atmega16 Control_ECU.elf
AVR Memory Usage
----------------
Device: atmega16

Program:    9972 bytes (60.9% Full)
(.text + .data + .bootloader)

Data:         65 bytes (6.3% Full)
(.data + .bss + .noinit)


Finished building: sizedummy
 
11:45:24 **** Incremental Build of configuration Debug for project Hmi_ECU ****
make all 
Building file: ../Door_Security_System.c
Invoking: AVR Compiler
avr-gcc -Wall -g2 -gstabs -O0 -fpack-struct -fshort-enums -ffunction-sections -fdata-sections -std=gnu99 -funsigned-char -funsigned-bitfields -mmcu=atmega16 -DF_CPU=1000000UL -MMD -MP -MF"Door_Security_System.d" -MT"Door_Security_System.o" -c -o "Door_Security_System.o" "../Door_Security_System.c"
In file included from ../Door_Security_System.c:1:
c:/winavr-20100110/lib/gcc/../../avr/include/avr/delay.h:36:2: warning: #warning "This file has been moved to <util/delay.h>."
In file included from c:/winavr-20100110/lib/gcc/../../avr/include/avr/delay.h:37,
                 from ../Door_Security_System.c:1:
c:/winavr-20100110/lib/gcc/../../avr/include/util/delay.h:90:3: warning: #warning "Compiler optimizations disabled; functions from <util/delay.h> won't work as designed"
In file included from ../timer0.h:2,
                 from ../Door_Security_System.c:2:
../std_types.h:42:1: warning: "F_CPU" redefined
<command-line>: warning: this is the location of the previous definition
../Door_Security_System.c: In function 'main':
../Door_Security_System.c:24: warning: implicit declaration of function 'KEYPAD_getPressedKey'
Finished building: ../Door_Security_System.c
 
Building target: Hmi_ECU.elf
Invoking: AVR C Linker
avr-gcc -Wl,-Map,Hmi_ECU.map -mmcu=atmega16 -o "Hmi_ECU.elf"  ./Door_Security_System.o ./gpio.o ./keypad.o ./lcd.o ./timer0.o ./uart.o   
Finished building target: Hmi_ECU.elf
 
Invoking: AVR Create Extended Listing
avr-objdump -h -S Hmi_ECU.elf  >"Hmi_ECU.lss"
Finished building: Hmi_ECU.lss
 
Invoking: Print Size
avr-size --format=avr --mcu=atmega16 Hmi_ECU.elf
AVR Memory Usage
----------------
Device: atmega16

Program:   13502 bytes (82.4% Full)
(.text + .data + .bootloader)

Data:        176 bytes (17.2% Full)
(.data + .bss + .noinit)


Finished building: sizedummy
 
11:46:01 **** Incremental Build of configuration Debug for project Control_ECU ****
make all 
Invoking: Print Size
avr-size --format=avr --mcu=atmega16 Control_ECU.elf
AVR Memory Usage
----------------
Device: atmega16

Program:    9972 bytes (60.9% Full)
(.text + .data + .bootloader)

Data:         65 bytes (6.3% Full)
(.data + .bss + .noinit)


Finished building: sizedummy
 
11:46:01 **** Incremental Build of configuration Debug for project Hmi_ECU ****
make all 
Building file: ../Door_Security_System.c
Invoking: AVR Compiler
avr-gcc -Wall -g2 -gstabs -O0 -fpack-struct -fshort-enums -ffunction-sections -fdata-sections -std=gnu99 -funsigned-char -funsigned-bitfields -mmcu=atmega16 -DF_CPU=1000000UL -MMD -MP -MF"Door_Security_System.d" -MT"Door_Security_System.o" -c -o "Door_Security_System.o" "../Door_Security_System.c"
In file included from ../Door_Security_System.c:1:
c:/winavr-20100110/lib/gcc/../../avr/include/avr/delay.h:36:2: warning: #warning "This file has been moved to <util/delay.h>."
In file included from c:/winavr-20100110/lib/gcc/../../avr/include/avr/delay.h:37,
                 from ../Door_Security_System.c:1:
c:/winavr-20100110/lib/gcc/../../avr/include/util/delay.h:90:3: warning: #warning "Compiler optimizations disabled; functions from <util/delay.h> won't work as designed"
In file included from ../timer0.h:2,
                 from ../Door_Security_System.c:2:
../std_types.h:42:1: warning: "F_CPU" redefined
<command-line>: warning: this is the location of the previous definition
../Door_Security_System.c: In function 'main':
../Door_Security_System.c:24: warning: implicit declaration of function 'KEYPAD_getPressedKey'
Finished building: ../Door_Security_System.c
 
Building target: Hmi_ECU.elf
Invoking: AVR C Linker
avr-gcc -Wl,-Map,Hmi_ECU.map -mmcu=atmega16 -o "Hmi_ECU.elf"  ./Door_Security_System.o ./gpio.o ./keypad.o ./lcd.o ./timer0.o ./uart.o   
Finished building target: Hmi_ECU.elf
 
Invoking: AVR Create Extended Listing
avr-objdump -h -S Hmi_ECU.elf  >"Hmi_ECU.lss"
Finished building: Hmi_ECU.lss
 
Invoking: Print Size
avr-size --format=avr --mcu=atmega16 Hmi_ECU.elf
AVR Memory Usage
----------------
Device: atmega16

Program:   13502 bytes (82.4% Full)
(.text + .data + .bootloader)

Data:        176 bytes (17.2% Full)
(.data + .bss + .noinit)


Finished building: sizedummy
 
11:46:25 **** Incremental Build of configuration Debug for project Control_ECU ****
make all 
Invoking: Print Size
avr-size --format=avr --mcu=atmega16 Control_ECU.elf
AVR Memory Usage
----------------
Device: atmega16

Program:    9972 bytes (60.9% Full)
(.text + .data + .bootloader)

Data:         65 bytes (6.3% Full)
(.data + .bss + .noinit)


Finished building: sizedummy
 
11:46:25 **** Incremental Build of configuration Debug for project Hmi_ECU ****
make all 
Building file: ../Door_Security_System.c
Invoking: AVR Compiler
avr-gcc -Wall -g2 -gstabs -O0 -fpack-struct -fshort-enums -ffunction-sections -fdata-sections -std=gnu99 -funsigned-char -funsigned-bitfields -mmcu=atmega16 -DF_CPU=1000000UL -MMD -MP -MF"Door_Security_System.d" -MT"Door_Security_System.o" -c -o "Door_Security_System.o" "../Door_Security_System.c"
In file included from ../Door_Security_System.c:1:
c:/winavr-20100110/lib/gcc/../../avr/include/avr/delay.h:36:2: warning: #warning "This file has been moved to <util/delay.h>."
In file included from c:/winavr-20100110/lib/gcc/../../avr/include/avr/delay.h:37,
                 from ../Door_Security_System.c:1:
c:/winavr-20100110/lib/gcc/../../avr/include/util/delay.h:90:3: warning: #warning "Compiler optimizations disabled; functions from <util/delay.h> won't work as designed"
In file included from ../timer0.h:2,
                 from ../Door_Security_System.c:2:
../std_types.h:42:1: warning: "F_CPU" redefined
<command-line>: warning: this is the location of the previous definition
../Door_Security_System.c: In function 'main':
../Door_Security_System.c:24: warning: implicit declaration of function 'KEYPAD_getPressedKey'
Finished building: ../Door_Security_System.c
 
Building target: Hmi_ECU.elf
Invoking: AVR C Linker
avr-gcc -Wl,-Map,Hmi_ECU.map -mmcu=atmega16 -o "Hmi_ECU.elf"  ./Door_Security_System.o ./gpio.o ./keypad.o ./lcd.o ./timer0.o ./uart.o   
Finished building target: Hmi_ECU.elf
 
Invoking: AVR Create Extended Listing
avr-objdump -h -S Hmi_ECU.elf  >"Hmi_ECU.lss"
Finished building: Hmi_ECU.lss
 
Invoking: Print Size
avr-size --format=avr --mcu=atmega16 Hmi_ECU.elf
AVR Memory Usage
----------------
Device: atmega16

Program:   13502 bytes (82.4% Full)
(.text + .data + .bootloader)

Data:        176 bytes (17.2% Full)
(.data + .bss + .noinit)


Finished building: sizedummy
 
11:47:59 **** Incremental Build of configuration Debug for project Control_ECU ****
make all 
Invoking: Print Size
avr-size --format=avr --mcu=atmega16 Control_ECU.elf
AVR Memory Usage
----------------
Device: atmega16

Program:    9972 bytes (60.9% Full)
(.text + .data + .bootloader)

Data:         65 bytes (6.3% Full)
(.data + .bss + .noinit)


Finished building: sizedummy
 
11:47:59 **** Incremental Build of configuration Debug for project Hmi_ECU ****
make all 
Building file: ../Door_Security_System.c
Invoking: AVR Compiler
avr-gcc -Wall -g2 -gstabs -O0 -fpack-struct -fshort-enums -ffunction-sections -fdata-sections -std=gnu99 -funsigned-char -funsigned-bitfields -mmcu=atmega16 -DF_CPU=1000000UL -MMD -MP -MF"Door_Security_System.d" -MT"Door_Security_System.o" -c -o "Door_Security_System.o" "../Door_Security_System.c"
In file included from ../Door_Security_System.c:1:
c:/winavr-20100110/lib/gcc/../../avr/include/avr/delay.h:36:2: warning: #warning "This file has been moved to <util/delay.h>."
In file included from c:/winavr-20100110/lib/gcc/../../avr/include/avr/delay.h:37,
                 from ../Door_Security_System.c:1:
c:/winavr-20100110/lib/gcc/../../avr/include/util/delay.h:90:3: warning: #warning "Compiler optimizations disabled; functions from <util/delay.h> won't work as designed"
In file included from ../timer0.h:2,
                 from ../Door_Security_System.c:2:
../std_types.h:42:1: warning: "F_CPU" redefined
<command-line>: warning: this is the location of the previous definition
../Door_Security_System.c: In function 'main':
../Door_Security_System.c:24: warning: implicit declaration of function 'KEYPAD_getPressedKey'
Finished building: ../Door_Security_System.c
 
Building target: Hmi_ECU.elf
Invoking: AVR C Linker
avr-gcc -Wl,-Map,Hmi_ECU.map -mmcu=atmega16 -o "Hmi_ECU.elf"  ./Door_Security_System.o ./gpio.o ./keypad.o ./lcd.o ./timer0.o ./uart.o   
Finished building target: Hmi_ECU.elf
 
Invoking: AVR Create Extended Listing
avr-objdump -h -S Hmi_ECU.elf  >"Hmi_ECU.lss"
Finished building: Hmi_ECU.lss
 
Invoking: Print Size
avr-size --format=avr --mcu=atmega16 Hmi_ECU.elf
AVR Memory Usage
----------------
Device: atmega16

Program:   13502 bytes (82.4% Full)
(.text + .data + .bootloader)

Data:        176 bytes (17.2% Full)
(.data + .bss + .noinit)


Finished building: sizedummy
 
11:48:23 **** Incremental Build of configuration Debug for project Control_ECU ****
make all 
Invoking: Print Size
avr-size --format=avr --mcu=atmega16 Control_ECU.elf
AVR Memory Usage
----------------
Device: atmega16

Program:    9972 bytes (60.9% Full)
(.text + .data + .bootloader)

Data:         65 bytes (6.3% Full)
(.data + .bss + .noinit)


Finished building: sizedummy
 
11:48:23 **** Incremental Build of configuration Debug for project Hmi_ECU ****
make all 
Building file: ../Door_Security_System.c
Invoking: AVR Compiler
avr-gcc -Wall -g2 -gstabs -O0 -fpack-struct -fshort-enums -ffunction-sections -fdata-sections -std=gnu99 -funsigned-char -funsigned-bitfields -mmcu=atmega16 -DF_CPU=1000000UL -MMD -MP -MF"Door_Security_System.d" -MT"Door_Security_System.o" -c -o "Door_Security_System.o" "../Door_Security_System.c"
In file included from ../Door_Security_System.c:1:
c:/winavr-20100110/lib/gcc/../../avr/include/avr/delay.h:36:2: warning: #warning "This file has been moved to <util/delay.h>."
In file included from c:/winavr-20100110/lib/gcc/../../avr/include/avr/delay.h:37,
                 from ../Door_Security_System.c:1:
c:/winavr-20100110/lib/gcc/../../avr/include/util/delay.h:90:3: warning: #warning "Compiler optimizations disabled; functions from <util/delay.h> won't work as designed"
In file included from ../timer0.h:2,
                 from ../Door_Security_System.c:2:
../std_types.h:42:1: warning: "F_CPU" redefined
<command-line>: warning: this is the location of the previous definition
../Door_Security_System.c: In function 'main':
../Door_Security_System.c:24: warning: implicit declaration of function 'KEYPAD_getPressedKey'
Finished building: ../Door_Security_System.c
 
Building target: Hmi_ECU.elf
Invoking: AVR C Linker
avr-gcc -Wl,-Map,Hmi_ECU.map -mmcu=atmega16 -o "Hmi_ECU.elf"  ./Door_Security_System.o ./gpio.o ./keypad.o ./lcd.o ./timer0.o ./uart.o   
Finished building target: Hmi_ECU.elf
 
Invoking: AVR Create Extended Listing
avr-objdump -h -S Hmi_ECU.elf  >"Hmi_ECU.lss"
Finished building: Hmi_ECU.lss
 
Invoking: Print Size
avr-size --format=avr --mcu=atmega16 Hmi_ECU.elf
AVR Memory Usage
----------------
Device: atmega16

Program:   13502 bytes (82.4% Full)
(.text + .data + .bootloader)

Data:        176 bytes (17.2% Full)
(.data + .bss + .noinit)


Finished building: sizedummy
 
11:52:29 **** Incremental Build of configuration Debug for project Control_ECU ****
make all 
Invoking: Print Size
avr-size --format=avr --mcu=atmega16 Control_ECU.elf
AVR Memory Usage
----------------
Device: atmega16

Program:    9972 bytes (60.9% Full)
(.text + .data + .bootloader)

Data:         65 bytes (6.3% Full)
(.data + .bss + .noinit)


Finished building: sizedummy
 
11:52:29 **** Incremental Build of configuration Debug for project Hmi_ECU ****
make all 
Building file: ../Door_Security_System.c
Invoking: AVR Compiler
avr-gcc -Wall -g2 -gstabs -O0 -fpack-struct -fshort-enums -ffunction-sections -fdata-sections -std=gnu99 -funsigned-char -funsigned-bitfields -mmcu=atmega16 -DF_CPU=1000000UL -MMD -MP -MF"Door_Security_System.d" -MT"Door_Security_System.o" -c -o "Door_Security_System.o" "../Door_Security_System.c"
In file included from ../Door_Security_System.c:1:
c:/winavr-20100110/lib/gcc/../../avr/include/avr/delay.h:36:2: warning: #warning "This file has been moved to <util/delay.h>."
In file included from c:/winavr-20100110/lib/gcc/../../avr/include/avr/delay.h:37,
                 from ../Door_Security_System.c:1:
c:/winavr-20100110/lib/gcc/../../avr/include/util/delay.h:90:3: warning: #warning "Compiler optimizations disabled; functions from <util/delay.h> won't work as designed"
In file included from ../timer0.h:2,
                 from ../Door_Security_System.c:2:
../std_types.h:42:1: warning: "F_CPU" redefined
<command-line>: warning: this is the location of the previous definition
../Door_Security_System.c: In function 'main':
../Door_Security_System.c:24: warning: implicit declaration of function 'KEYPAD_getPressedKey'
Finished building: ../Door_Security_System.c
 
Building target: Hmi_ECU.elf
Invoking: AVR C Linker
avr-gcc -Wl,-Map,Hmi_ECU.map -mmcu=atmega16 -o "Hmi_ECU.elf"  ./Door_Security_System.o ./gpio.o ./keypad.o ./lcd.o ./timer0.o ./uart.o   
Finished building target: Hmi_ECU.elf
 
Invoking: AVR Create Extended Listing
avr-objdump -h -S Hmi_ECU.elf  >"Hmi_ECU.lss"
Finished building: Hmi_ECU.lss
 
Invoking: Print Size
avr-size --format=avr --mcu=atmega16 Hmi_ECU.elf
AVR Memory Usage
----------------
Device: atmega16

Program:   13502 bytes (82.4% Full)
(.text + .data + .bootloader)

Data:        176 bytes (17.2% Full)
(.data + .bss + .noinit)


Finished building: sizedummy
 
11:55:49 **** Incremental Build of configuration Debug for project Control_ECU ****
make all 
Invoking: Print Size
avr-size --format=avr --mcu=atmega16 Control_ECU.elf
AVR Memory Usage
----------------
Device: atmega16

Program:    9972 bytes (60.9% Full)
(.text + .data + .bootloader)

Data:         65 bytes (6.3% Full)
(.data + .bss + .noinit)


Finished building: sizedummy
 
11:55:50 **** Incremental Build of configuration Debug for project Hmi_ECU ****
make all 
Building file: ../Door_Security_System.c
Invoking: AVR Compiler
avr-gcc -Wall -g2 -gstabs -O0 -fpack-struct -fshort-enums -ffunction-sections -fdata-sections -std=gnu99 -funsigned-char -funsigned-bitfields -mmcu=atmega16 -DF_CPU=1000000UL -MMD -MP -MF"Door_Security_System.d" -MT"Door_Security_System.o" -c -o "Door_Security_System.o" "../Door_Security_System.c"
In file included from ../Door_Security_System.c:1:
c:/winavr-20100110/lib/gcc/../../avr/include/avr/delay.h:36:2: warning: #warning "This file has been moved to <util/delay.h>."
In file included from c:/winavr-20100110/lib/gcc/../../avr/include/avr/delay.h:37,
                 from ../Door_Security_System.c:1:
c:/winavr-20100110/lib/gcc/../../avr/include/util/delay.h:90:3: warning: #warning "Compiler optimizations disabled; functions from <util/delay.h> won't work as designed"
In file included from ../timer0.h:2,
                 from ../Door_Security_System.c:2:
../std_types.h:42:1: warning: "F_CPU" redefined
<command-line>: warning: this is the location of the previous definition
../Door_Security_System.c: In function 'main':
../Door_Security_System.c:24: warning: implicit declaration of function 'KEYPAD_getPressedKey'
Finished building: ../Door_Security_System.c
 
Building target: Hmi_ECU.elf
Invoking: AVR C Linker
avr-gcc -Wl,-Map,Hmi_ECU.map -mmcu=atmega16 -o "Hmi_ECU.elf"  ./Door_Security_System.o ./gpio.o ./keypad.o ./lcd.o ./timer0.o ./uart.o   
Finished building target: Hmi_ECU.elf
 
Invoking: AVR Create Extended Listing
avr-objdump -h -S Hmi_ECU.elf  >"Hmi_ECU.lss"
Finished building: Hmi_ECU.lss
 
Invoking: Print Size
avr-size --format=avr --mcu=atmega16 Hmi_ECU.elf
AVR Memory Usage
----------------
Device: atmega16

Program:   13860 bytes (84.6% Full)
(.text + .data + .bootloader)

Data:        176 bytes (17.2% Full)
(.data + .bss + .noinit)


Finished building: sizedummy
 
11:58:10 **** Incremental Build of configuration Debug for project Control_ECU ****
make all 
Invoking: Print Size
avr-size --format=avr --mcu=atmega16 Control_ECU.elf
AVR Memory Usage
----------------
Device: atmega16

Program:    9972 bytes (60.9% Full)
(.text + .data + .bootloader)

Data:         65 bytes (6.3% Full)
(.data + .bss + .noinit)


Finished building: sizedummy
 
11:58:10 **** Incremental Build of configuration Debug for project Hmi_ECU ****
make all 
Building file: ../Door_Security_System.c
Invoking: AVR Compiler
avr-gcc -Wall -g2 -gstabs -O0 -fpack-struct -fshort-enums -ffunction-sections -fdata-sections -std=gnu99 -funsigned-char -funsigned-bitfields -mmcu=atmega16 -DF_CPU=1000000UL -MMD -MP -MF"Door_Security_System.d" -MT"Door_Security_System.o" -c -o "Door_Security_System.o" "../Door_Security_System.c"
In file included from ../Door_Security_System.c:1:
c:/winavr-20100110/lib/gcc/../../avr/include/avr/delay.h:36:2: warning: #warning "This file has been moved to <util/delay.h>."
In file included from c:/winavr-20100110/lib/gcc/../../avr/include/avr/delay.h:37,
                 from ../Door_Security_System.c:1:
c:/winavr-20100110/lib/gcc/../../avr/include/util/delay.h:90:3: warning: #warning "Compiler optimizations disabled; functions from <util/delay.h> won't work as designed"
In file included from ../timer0.h:2,
                 from ../Door_Security_System.c:2:
../std_types.h:42:1: warning: "F_CPU" redefined
<command-line>: warning: this is the location of the previous definition
../Door_Security_System.c: In function 'main':
../Door_Security_System.c:24: warning: implicit declaration of function 'KEYPAD_getPressedKey'
Finished building: ../Door_Security_System.c
 
Building target: Hmi_ECU.elf
Invoking: AVR C Linker
avr-gcc -Wl,-Map,Hmi_ECU.map -mmcu=atmega16 -o "Hmi_ECU.elf"  ./Door_Security_System.o ./gpio.o ./keypad.o ./lcd.o ./timer0.o ./uart.o   
Finished building target: Hmi_ECU.elf
 
Invoking: AVR Create Extended Listing
avr-objdump -h -S Hmi_ECU.elf  >"Hmi_ECU.lss"
Finished building: Hmi_ECU.lss
 
Invoking: Print Size
avr-size --format=avr --mcu=atmega16 Hmi_ECU.elf
AVR Memory Usage
----------------
Device: atmega16

Program:   13860 bytes (84.6% Full)
(.text + .data + .bootloader)

Data:        176 bytes (17.2% Full)
(.data + .bss + .noinit)


Finished building: sizedummy
 
12:00:29 **** Incremental Build of configuration Debug for project Control_ECU ****
make all 
Invoking: Print Size
avr-size --format=avr --mcu=atmega16 Control_ECU.elf
AVR Memory Usage
----------------
Device: atmega16

Program:    9972 bytes (60.9% Full)
(.text + .data + .bootloader)

Data:         65 bytes (6.3% Full)
(.data + .bss + .noinit)


Finished building: sizedummy
 
12:00:29 **** Incremental Build of configuration Debug for project Hmi_ECU ****
make all 
Building file: ../Door_Security_System.c
Invoking: AVR Compiler
avr-gcc -Wall -g2 -gstabs -O0 -fpack-struct -fshort-enums -ffunction-sections -fdata-sections -std=gnu99 -funsigned-char -funsigned-bitfields -mmcu=atmega16 -DF_CPU=1000000UL -MMD -MP -MF"Door_Security_System.d" -MT"Door_Security_System.o" -c -o "Door_Security_System.o" "../Door_Security_System.c"
In file included from ../Door_Security_System.c:1:
c:/winavr-20100110/lib/gcc/../../avr/include/avr/delay.h:36:2: warning: #warning "This file has been moved to <util/delay.h>."
In file included from c:/winavr-20100110/lib/gcc/../../avr/include/avr/delay.h:37,
                 from ../Door_Security_System.c:1:
c:/winavr-20100110/lib/gcc/../../avr/include/util/delay.h:90:3: warning: #warning "Compiler optimizations disabled; functions from <util/delay.h> won't work as designed"
In file included from ../timer0.h:2,
                 from ../Door_Security_System.c:2:
../std_types.h:42:1: warning: "F_CPU" redefined
<command-line>: warning: this is the location of the previous definition
../Door_Security_System.c: In function 'main':
../Door_Security_System.c:24: warning: implicit declaration of function 'KEYPAD_getPressedKey'
Finished building: ../Door_Security_System.c
 
Building target: Hmi_ECU.elf
Invoking: AVR C Linker
avr-gcc -Wl,-Map,Hmi_ECU.map -mmcu=atmega16 -o "Hmi_ECU.elf"  ./Door_Security_System.o ./gpio.o ./keypad.o ./lcd.o ./timer0.o ./uart.o   
Finished building target: Hmi_ECU.elf
 
Invoking: AVR Create Extended Listing
avr-objdump -h -S Hmi_ECU.elf  >"Hmi_ECU.lss"
Finished building: Hmi_ECU.lss
 
Invoking: Print Size
avr-size --format=avr --mcu=atmega16 Hmi_ECU.elf
AVR Memory Usage
----------------
Device: atmega16

Program:   14258 bytes (87.0% Full)
(.text + .data + .bootloader)

Data:        176 bytes (17.2% Full)
(.data + .bss + .noinit)


Finished building: sizedummy
 
12:02:15 **** Incremental Build of configuration Debug for project Control_ECU ****
make all 
Invoking: Print Size
avr-size --format=avr --mcu=atmega16 Control_ECU.elf
AVR Memory Usage
----------------
Device: atmega16

Program:    9972 bytes (60.9% Full)
(.text + .data + .bootloader)

Data:         65 bytes (6.3% Full)
(.data + .bss + .noinit)


Finished building: sizedummy
 
12:02:15 **** Incremental Build of configuration Debug for project Hmi_ECU ****
make all 
Building file: ../Door_Security_System.c
Invoking: AVR Compiler
avr-gcc -Wall -g2 -gstabs -O0 -fpack-struct -fshort-enums -ffunction-sections -fdata-sections -std=gnu99 -funsigned-char -funsigned-bitfields -mmcu=atmega16 -DF_CPU=1000000UL -MMD -MP -MF"Door_Security_System.d" -MT"Door_Security_System.o" -c -o "Door_Security_System.o" "../Door_Security_System.c"
In file included from ../Door_Security_System.c:1:
c:/winavr-20100110/lib/gcc/../../avr/include/avr/delay.h:36:2: warning: #warning "This file has been moved to <util/delay.h>."
In file included from c:/winavr-20100110/lib/gcc/../../avr/include/avr/delay.h:37,
                 from ../Door_Security_System.c:1:
c:/winavr-20100110/lib/gcc/../../avr/include/util/delay.h:90:3: warning: #warning "Compiler optimizations disabled; functions from <util/delay.h> won't work as designed"
In file included from ../timer0.h:2,
                 from ../Door_Security_System.c:2:
../std_types.h:42:1: warning: "F_CPU" redefined
<command-line>: warning: this is the location of the previous definition
../Door_Security_System.c: In function 'main':
../Door_Security_System.c:24: warning: implicit declaration of function 'KEYPAD_getPressedKey'
Finished building: ../Door_Security_System.c
 
Building target: Hmi_ECU.elf
Invoking: AVR C Linker
avr-gcc -Wl,-Map,Hmi_ECU.map -mmcu=atmega16 -o "Hmi_ECU.elf"  ./Door_Security_System.o ./gpio.o ./keypad.o ./lcd.o ./timer0.o ./uart.o   
Finished building target: Hmi_ECU.elf
 
Invoking: AVR Create Extended Listing
avr-objdump -h -S Hmi_ECU.elf  >"Hmi_ECU.lss"
Finished building: Hmi_ECU.lss
 
Invoking: Print Size
avr-size --format=avr --mcu=atmega16 Hmi_ECU.elf
AVR Memory Usage
----------------
Device: atmega16

Program:   14258 bytes (87.0% Full)
(.text + .data + .bootloader)

Data:        176 bytes (17.2% Full)
(.data + .bss + .noinit)


Finished building: sizedummy
 
12:04:44 **** Incremental Build of configuration Debug for project Control_ECU ****
make all 
Invoking: Print Size
avr-size --format=avr --mcu=atmega16 Control_ECU.elf
AVR Memory Usage
----------------
Device: atmega16

Program:    9972 bytes (60.9% Full)
(.text + .data + .bootloader)

Data:         65 bytes (6.3% Full)
(.data + .bss + .noinit)


Finished building: sizedummy
 
12:04:44 **** Incremental Build of configuration Debug for project Hmi_ECU ****
make all 
Building file: ../Door_Security_System.c
Invoking: AVR Compiler
avr-gcc -Wall -g2 -gstabs -O0 -fpack-struct -fshort-enums -ffunction-sections -fdata-sections -std=gnu99 -funsigned-char -funsigned-bitfields -mmcu=atmega16 -DF_CPU=1000000UL -MMD -MP -MF"Door_Security_System.d" -MT"Door_Security_System.o" -c -o "Door_Security_System.o" "../Door_Security_System.c"
In file included from ../Door_Security_System.c:1:
c:/winavr-20100110/lib/gcc/../../avr/include/avr/delay.h:36:2: warning: #warning "This file has been moved to <util/delay.h>."
In file included from c:/winavr-20100110/lib/gcc/../../avr/include/avr/delay.h:37,
                 from ../Door_Security_System.c:1:
c:/winavr-20100110/lib/gcc/../../avr/include/util/delay.h:90:3: warning: #warning "Compiler optimizations disabled; functions from <util/delay.h> won't work as designed"
In file included from ../timer0.h:2,
                 from ../Door_Security_System.c:2:
../std_types.h:42:1: warning: "F_CPU" redefined
<command-line>: warning: this is the location of the previous definition
../Door_Security_System.c: In function 'main':
../Door_Security_System.c:24: warning: implicit declaration of function 'KEYPAD_getPressedKey'
Finished building: ../Door_Security_System.c
 
Building target: Hmi_ECU.elf
Invoking: AVR C Linker
avr-gcc -Wl,-Map,Hmi_ECU.map -mmcu=atmega16 -o "Hmi_ECU.elf"  ./Door_Security_System.o ./gpio.o ./keypad.o ./lcd.o ./timer0.o ./uart.o   
Finished building target: Hmi_ECU.elf
 
Invoking: AVR Create Extended Listing
avr-objdump -h -S Hmi_ECU.elf  >"Hmi_ECU.lss"
Finished building: Hmi_ECU.lss
 
Invoking: Print Size
avr-size --format=avr --mcu=atmega16 Hmi_ECU.elf
AVR Memory Usage
----------------
Device: atmega16

Program:   14258 bytes (87.0% Full)
(.text + .data + .bootloader)

Data:        176 bytes (17.2% Full)
(.data + .bss + .noinit)


Finished building: sizedummy
 
12:04:53 **** Incremental Build of configuration Debug for project Control_ECU ****
make all 
Invoking: Print Size
avr-size --format=avr --mcu=atmega16 Control_ECU.elf
AVR Memory Usage
----------------
Device: atmega16

Program:    9972 bytes (60.9% Full)
(.text + .data + .bootloader)

Data:         65 bytes (6.3% Full)
(.data + .bss + .noinit)


Finished building: sizedummy
 
12:04:54 **** Incremental Build of configuration Debug for project Hmi_ECU ****
make all 
Building file: ../Door_Security_System.c
Invoking: AVR Compiler
avr-gcc -Wall -g2 -gstabs -O0 -fpack-struct -fshort-enums -ffunction-sections -fdata-sections -std=gnu99 -funsigned-char -funsigned-bitfields -mmcu=atmega16 -DF_CPU=1000000UL -MMD -MP -MF"Door_Security_System.d" -MT"Door_Security_System.o" -c -o "Door_Security_System.o" "../Door_Security_System.c"
In file included from ../Door_Security_System.c:1:
c:/winavr-20100110/lib/gcc/../../avr/include/avr/delay.h:36:2: warning: #warning "This file has been moved to <util/delay.h>."
In file included from c:/winavr-20100110/lib/gcc/../../avr/include/avr/delay.h:37,
                 from ../Door_Security_System.c:1:
c:/winavr-20100110/lib/gcc/../../avr/include/util/delay.h:90:3: warning: #warning "Compiler optimizations disabled; functions from <util/delay.h> won't work as designed"
In file included from ../timer0.h:2,
                 from ../Door_Security_System.c:2:
../std_types.h:42:1: warning: "F_CPU" redefined
<command-line>: warning: this is the location of the previous definition
../Door_Security_System.c: In function 'main':
../Door_Security_System.c:24: warning: implicit declaration of function 'KEYPAD_getPressedKey'
Finished building: ../Door_Security_System.c
 
Building target: Hmi_ECU.elf
Invoking: AVR C Linker
avr-gcc -Wl,-Map,Hmi_ECU.map -mmcu=atmega16 -o "Hmi_ECU.elf"  ./Door_Security_System.o ./gpio.o ./keypad.o ./lcd.o ./timer0.o ./uart.o   
Finished building target: Hmi_ECU.elf
 
Invoking: AVR Create Extended Listing
avr-objdump -h -S Hmi_ECU.elf  >"Hmi_ECU.lss"
Finished building: Hmi_ECU.lss
 
Invoking: Print Size
avr-size --format=avr --mcu=atmega16 Hmi_ECU.elf
AVR Memory Usage
----------------
Device: atmega16

Program:   14258 bytes (87.0% Full)
(.text + .data + .bootloader)

Data:        176 bytes (17.2% Full)
(.data + .bss + .noinit)


Finished building: sizedummy
 
12:07:03 **** Incremental Build of configuration Debug for project Control_ECU ****
make all 
Invoking: Print Size
avr-size --format=avr --mcu=atmega16 Control_ECU.elf
AVR Memory Usage
----------------
Device: atmega16

Program:    9972 bytes (60.9% Full)
(.text + .data + .bootloader)

Data:         65 bytes (6.3% Full)
(.data + .bss + .noinit)


Finished building: sizedummy
 
12:07:04 **** Incremental Build of configuration Debug for project Hmi_ECU ****
make all 
Building file: ../Door_Security_System.c
Invoking: AVR Compiler
avr-gcc -Wall -g2 -gstabs -O0 -fpack-struct -fshort-enums -ffunction-sections -fdata-sections -std=gnu99 -funsigned-char -funsigned-bitfields -mmcu=atmega16 -DF_CPU=1000000UL -MMD -MP -MF"Door_Security_System.d" -MT"Door_Security_System.o" -c -o "Door_Security_System.o" "../Door_Security_System.c"
In file included from ../Door_Security_System.c:1:
c:/winavr-20100110/lib/gcc/../../avr/include/avr/delay.h:36:2: warning: #warning "This file has been moved to <util/delay.h>."
In file included from c:/winavr-20100110/lib/gcc/../../avr/include/avr/delay.h:37,
                 from ../Door_Security_System.c:1:
c:/winavr-20100110/lib/gcc/../../avr/include/util/delay.h:90:3: warning: #warning "Compiler optimizations disabled; functions from <util/delay.h> won't work as designed"
In file included from ../timer0.h:2,
                 from ../Door_Security_System.c:2:
../std_types.h:42:1: warning: "F_CPU" redefined
<command-line>: warning: this is the location of the previous definition
../Door_Security_System.c: In function 'main':
../Door_Security_System.c:24: warning: implicit declaration of function 'KEYPAD_getPressedKey'
Finished building: ../Door_Security_System.c
 
Building target: Hmi_ECU.elf
Invoking: AVR C Linker
avr-gcc -Wl,-Map,Hmi_ECU.map -mmcu=atmega16 -o "Hmi_ECU.elf"  ./Door_Security_System.o ./gpio.o ./keypad.o ./lcd.o ./timer0.o ./uart.o   
Finished building target: Hmi_ECU.elf
 
Invoking: AVR Create Extended Listing
avr-objdump -h -S Hmi_ECU.elf  >"Hmi_ECU.lss"
Finished building: Hmi_ECU.lss
 
Invoking: Print Size
avr-size --format=avr --mcu=atmega16 Hmi_ECU.elf
AVR Memory Usage
----------------
Device: atmega16

Program:   14258 bytes (87.0% Full)
(.text + .data + .bootloader)

Data:        176 bytes (17.2% Full)
(.data + .bss + .noinit)


Finished building: sizedummy
 
12:13:43 **** Incremental Build of configuration Debug for project Control_ECU ****
make all 
Building file: ../Door_Security_System2.c
Invoking: AVR Compiler
avr-gcc -Wall -g2 -gstabs -O0 -fpack-struct -fshort-enums -ffunction-sections -fdata-sections -std=gnu99 -funsigned-char -funsigned-bitfields -mmcu=atmega16 -DF_CPU=1000000UL -MMD -MP -MF"Door_Security_System2.d" -MT"Door_Security_System2.o" -c -o "Door_Security_System2.o" "../Door_Security_System2.c"
In file included from ../Door_Security_System2.c:1:
../std_types.h:42:1: warning: "F_CPU" redefined
<command-line>: warning: this is the location of the previous definition
In file included from ../Door_Security_System2.c:7:
c:/winavr-20100110/lib/gcc/../../avr/include/avr/delay.h:36:2: warning: #warning "This file has been moved to <util/delay.h>."
In file included from c:/winavr-20100110/lib/gcc/../../avr/include/avr/delay.h:37,
                 from ../Door_Security_System2.c:7:
c:/winavr-20100110/lib/gcc/../../avr/include/util/delay.h:90:3: warning: #warning "Compiler optimizations disabled; functions from <util/delay.h> won't work as designed"
../Door_Security_System2.c: In function 'main':
../Door_Security_System2.c:38: warning: passing argument 2 of 'EEPROM_readByte' makes pointer from integer without a cast
../Door_Security_System2.c:74: warning: passing argument 2 of 'EEPROM_readByte' makes pointer from integer without a cast
Finished building: ../Door_Security_System2.c
 
Building target: Control_ECU.elf
Invoking: AVR C Linker
avr-gcc -Wl,-Map,Control_ECU.map -mmcu=atmega16 -o "Control_ECU.elf"  ./Door_Security_System2.o ./buzzer.o ./external_eeprom.o ./gpio.o ./motor.o ./pwm.o ./timer0.o ./twi.o ./uart.o   
Finished building target: Control_ECU.elf
 
Invoking: AVR Create Extended Listing
avr-objdump -h -S Control_ECU.elf  >"Control_ECU.lss"
Finished building: Control_ECU.lss
 
Invoking: Print Size
avr-size --format=avr --mcu=atmega16 Control_ECU.elf
AVR Memory Usage
----------------
Device: atmega16

Program:    9654 bytes (58.9% Full)
(.text + .data + .bootloader)

Data:         65 bytes (6.3% Full)
(.data + .bss + .noinit)


Finished building: sizedummy
 
12:13:44 **** Incremental Build of configuration Debug for project Hmi_ECU ****
make all 
Building file: ../Door_Security_System.c
Invoking: AVR Compiler
avr-gcc -Wall -g2 -gstabs -O0 -fpack-struct -fshort-enums -ffunction-sections -fdata-sections -std=gnu99 -funsigned-char -funsigned-bitfields -mmcu=atmega16 -DF_CPU=1000000UL -MMD -MP -MF"Door_Security_System.d" -MT"Door_Security_System.o" -c -o "Door_Security_System.o" "../Door_Security_System.c"
In file included from ../Door_Security_System.c:1:
c:/winavr-20100110/lib/gcc/../../avr/include/avr/delay.h:36:2: warning: #warning "This file has been moved to <util/delay.h>."
In file included from c:/winavr-20100110/lib/gcc/../../avr/include/avr/delay.h:37,
                 from ../Door_Security_System.c:1:
c:/winavr-20100110/lib/gcc/../../avr/include/util/delay.h:90:3: warning: #warning "Compiler optimizations disabled; functions from <util/delay.h> won't work as designed"
In file included from ../timer0.h:2,
                 from ../Door_Security_System.c:2:
../std_types.h:42:1: warning: "F_CPU" redefined
<command-line>: warning: this is the location of the previous definition
../Door_Security_System.c: In function 'main':
../Door_Security_System.c:24: warning: implicit declaration of function 'KEYPAD_getPressedKey'
Finished building: ../Door_Security_System.c
 
Building target: Hmi_ECU.elf
Invoking: AVR C Linker
avr-gcc -Wl,-Map,Hmi_ECU.map -mmcu=atmega16 -o "Hmi_ECU.elf"  ./Door_Security_System.o ./gpio.o ./keypad.o ./lcd.o ./timer0.o ./uart.o   
Finished building target: Hmi_ECU.elf
 
Invoking: AVR Create Extended Listing
avr-objdump -h -S Hmi_ECU.elf  >"Hmi_ECU.lss"
Finished building: Hmi_ECU.lss
 
Invoking: Print Size
avr-size --format=avr --mcu=atmega16 Hmi_ECU.elf
AVR Memory Usage
----------------
Device: atmega16

Program:   13190 bytes (80.5% Full)
(.text + .data + .bootloader)

Data:        176 bytes (17.2% Full)
(.data + .bss + .noinit)


Finished building: sizedummy
 
12:14:20 **** Incremental Build of configuration Debug for project Control_ECU ****
make all 
Invoking: Print Size
avr-size --format=avr --mcu=atmega16 Control_ECU.elf
AVR Memory Usage
----------------
Device: atmega16

Program:    9654 bytes (58.9% Full)
(.text + .data + .bootloader)

Data:         65 bytes (6.3% Full)
(.data + .bss + .noinit)


Finished building: sizedummy
 
12:14:20 **** Incremental Build of configuration Debug for project Hmi_ECU ****
make all 
Building file: ../Door_Security_System.c
Invoking: AVR Compiler
avr-gcc -Wall -g2 -gstabs -O0 -fpack-struct -fshort-enums -ffunction-sections -fdata-sections -std=gnu99 -funsigned-char -funsigned-bitfields -mmcu=atmega16 -DF_CPU=1000000UL -MMD -MP -MF"Door_Security_System.d" -MT"Door_Security_System.o" -c -o "Door_Security_System.o" "../Door_Security_System.c"
In file included from ../Door_Security_System.c:1:
c:/winavr-20100110/lib/gcc/../../avr/include/avr/delay.h:36:2: warning: #warning "This file has been moved to <util/delay.h>."
In file included from c:/winavr-20100110/lib/gcc/../../avr/include/avr/delay.h:37,
                 from ../Door_Security_System.c:1:
c:/winavr-20100110/lib/gcc/../../avr/include/util/delay.h:90:3: warning: #warning "Compiler optimizations disabled; functions from <util/delay.h> won't work as designed"
In file included from ../timer0.h:2,
                 from ../Door_Security_System.c:2:
../std_types.h:42:1: warning: "F_CPU" redefined
<command-line>: warning: this is the location of the previous definition
../Door_Security_System.c: In function 'main':
../Door_Security_System.c:24: warning: implicit declaration of function 'KEYPAD_getPressedKey'
Finished building: ../Door_Security_System.c
 
Building target: Hmi_ECU.elf
Invoking: AVR C Linker
avr-gcc -Wl,-Map,Hmi_ECU.map -mmcu=atmega16 -o "Hmi_ECU.elf"  ./Door_Security_System.o ./gpio.o ./keypad.o ./lcd.o ./timer0.o ./uart.o   
Finished building target: Hmi_ECU.elf
 
Invoking: AVR Create Extended Listing
avr-objdump -h -S Hmi_ECU.elf  >"Hmi_ECU.lss"
Finished building: Hmi_ECU.lss
 
Invoking: Print Size
avr-size --format=avr --mcu=atmega16 Hmi_ECU.elf
AVR Memory Usage
----------------
Device: atmega16

Program:   12962 bytes (79.1% Full)
(.text + .data + .bootloader)

Data:        176 bytes (17.2% Full)
(.data + .bss + .noinit)


Finished building: sizedummy
 
12:15:38 **** Incremental Build of configuration Debug for project Control_ECU ****
make all 
Invoking: Print Size
avr-size --format=avr --mcu=atmega16 Control_ECU.elf
AVR Memory Usage
----------------
Device: atmega16

Program:    9654 bytes (58.9% Full)
(.text + .data + .bootloader)

Data:         65 bytes (6.3% Full)
(.data + .bss + .noinit)


Finished building: sizedummy
 
12:15:39 **** Incremental Build of configuration Debug for project Hmi_ECU ****
make all 
Building file: ../Door_Security_System.c
Invoking: AVR Compiler
avr-gcc -Wall -g2 -gstabs -O0 -fpack-struct -fshort-enums -ffunction-sections -fdata-sections -std=gnu99 -funsigned-char -funsigned-bitfields -mmcu=atmega16 -DF_CPU=1000000UL -MMD -MP -MF"Door_Security_System.d" -MT"Door_Security_System.o" -c -o "Door_Security_System.o" "../Door_Security_System.c"
In file included from ../Door_Security_System.c:1:
c:/winavr-20100110/lib/gcc/../../avr/include/avr/delay.h:36:2: warning: #warning "This file has been moved to <util/delay.h>."
In file included from c:/winavr-20100110/lib/gcc/../../avr/include/avr/delay.h:37,
                 from ../Door_Security_System.c:1:
c:/winavr-20100110/lib/gcc/../../avr/include/util/delay.h:90:3: warning: #warning "Compiler optimizations disabled; functions from <util/delay.h> won't work as designed"
In file included from ../timer0.h:2,
                 from ../Door_Security_System.c:2:
../std_types.h:42:1: warning: "F_CPU" redefined
<command-line>: warning: this is the location of the previous definition
../Door_Security_System.c: In function 'main':
../Door_Security_System.c:24: warning: implicit declaration of function 'KEYPAD_getPressedKey'
Finished building: ../Door_Security_System.c
 
Building target: Hmi_ECU.elf
Invoking: AVR C Linker
avr-gcc -Wl,-Map,Hmi_ECU.map -mmcu=atmega16 -o "Hmi_ECU.elf"  ./Door_Security_System.o ./gpio.o ./keypad.o ./lcd.o ./timer0.o ./uart.o   
Finished building target: Hmi_ECU.elf
 
Invoking: AVR Create Extended Listing
avr-objdump -h -S Hmi_ECU.elf  >"Hmi_ECU.lss"
Finished building: Hmi_ECU.lss
 
Invoking: Print Size
avr-size --format=avr --mcu=atmega16 Hmi_ECU.elf
AVR Memory Usage
----------------
Device: atmega16

Program:   13190 bytes (80.5% Full)
(.text + .data + .bootloader)

Data:        176 bytes (17.2% Full)
(.data + .bss + .noinit)


Finished building: sizedummy
 
12:22:13 **** Incremental Build of configuration Debug for project Control_ECU ****
make all 
Building file: ../Door_Security_System2.c
Invoking: AVR Compiler
avr-gcc -Wall -g2 -gstabs -O0 -fpack-struct -fshort-enums -ffunction-sections -fdata-sections -std=gnu99 -funsigned-char -funsigned-bitfields -mmcu=atmega16 -DF_CPU=1000000UL -MMD -MP -MF"Door_Security_System2.d" -MT"Door_Security_System2.o" -c -o "Door_Security_System2.o" "../Door_Security_System2.c"
In file included from ../Door_Security_System2.c:1:
../std_types.h:42:1: warning: "F_CPU" redefined
<command-line>: warning: this is the location of the previous definition
In file included from ../Door_Security_System2.c:7:
c:/winavr-20100110/lib/gcc/../../avr/include/avr/delay.h:36:2: warning: #warning "This file has been moved to <util/delay.h>."
In file included from c:/winavr-20100110/lib/gcc/../../avr/include/avr/delay.h:37,
                 from ../Door_Security_System2.c:7:
c:/winavr-20100110/lib/gcc/../../avr/include/util/delay.h:90:3: warning: #warning "Compiler optimizations disabled; functions from <util/delay.h> won't work as designed"
../Door_Security_System2.c: In function 'main':
../Door_Security_System2.c:38: warning: passing argument 2 of 'EEPROM_readByte' makes pointer from integer without a cast
../Door_Security_System2.c:75: warning: passing argument 2 of 'EEPROM_readByte' makes pointer from integer without a cast
../Door_Security_System2.c:115: error: expected declaration or statement at end of input
make: *** [Door_Security_System2.o] Error 1
"make all" terminated with exit code 2. Build might be incomplete.
12:22:14 **** Incremental Build of configuration Debug for project Hmi_ECU ****
make all 
Invoking: Print Size
avr-size --format=avr --mcu=atmega16 Hmi_ECU.elf
AVR Memory Usage
----------------
Device: atmega16

Program:   13190 bytes (80.5% Full)
(.text + .data + .bootloader)

Data:        176 bytes (17.2% Full)
(.data + .bss + .noinit)


Finished building: sizedummy
 
12:23:08 **** Incremental Build of configuration Debug for project Control_ECU ****
make all 
Building file: ../Door_Security_System2.c
Invoking: AVR Compiler
avr-gcc -Wall -g2 -gstabs -O0 -fpack-struct -fshort-enums -ffunction-sections -fdata-sections -std=gnu99 -funsigned-char -funsigned-bitfields -mmcu=atmega16 -DF_CPU=1000000UL -MMD -MP -MF"Door_Security_System2.d" -MT"Door_Security_System2.o" -c -o "Door_Security_System2.o" "../Door_Security_System2.c"
In file included from ../Door_Security_System2.c:1:
../std_types.h:42:1: warning: "F_CPU" redefined
<command-line>: warning: this is the location of the previous definition
In file included from ../Door_Security_System2.c:7:
c:/winavr-20100110/lib/gcc/../../avr/include/avr/delay.h:36:2: warning: #warning "This file has been moved to <util/delay.h>."
In file included from c:/winavr-20100110/lib/gcc/../../avr/include/avr/delay.h:37,
                 from ../Door_Security_System2.c:7:
c:/winavr-20100110/lib/gcc/../../avr/include/util/delay.h:90:3: warning: #warning "Compiler optimizations disabled; functions from <util/delay.h> won't work as designed"
../Door_Security_System2.c: In function 'main':
../Door_Security_System2.c:38: warning: passing argument 2 of 'EEPROM_readByte' makes pointer from integer without a cast
../Door_Security_System2.c:75: warning: passing argument 2 of 'EEPROM_readByte' makes pointer from integer without a cast
Finished building: ../Door_Security_System2.c
 
Building target: Control_ECU.elf
Invoking: AVR C Linker
avr-gcc -Wl,-Map,Control_ECU.map -mmcu=atmega16 -o "Control_ECU.elf"  ./Door_Security_System2.o ./buzzer.o ./external_eeprom.o ./gpio.o ./motor.o ./pwm.o ./timer0.o ./twi.o ./uart.o   
Finished building target: Control_ECU.elf
 
Invoking: AVR Create Extended Listing
avr-objdump -h -S Control_ECU.elf  >"Control_ECU.lss"
Finished building: Control_ECU.lss
 
Invoking: Print Size
avr-size --format=avr --mcu=atmega16 Control_ECU.elf
AVR Memory Usage
----------------
Device: atmega16

Program:    9672 bytes (59.0% Full)
(.text + .data + .bootloader)

Data:         65 bytes (6.3% Full)
(.data + .bss + .noinit)


Finished building: sizedummy
 
12:23:09 **** Incremental Build of configuration Debug for project Hmi_ECU ****
make all 
Invoking: Print Size
avr-size --format=avr --mcu=atmega16 Hmi_ECU.elf
AVR Memory Usage
----------------
Device: atmega16

Program:   13190 bytes (80.5% Full)
(.text + .data + .bootloader)

Data:        176 bytes (17.2% Full)
(.data + .bss + .noinit)


Finished building: sizedummy
 
12:27:20 **** Incremental Build of configuration Debug for project Control_ECU ****
make all 
Building file: ../Door_Security_System2.c
Invoking: AVR Compiler
avr-gcc -Wall -g2 -gstabs -O0 -fpack-struct -fshort-enums -ffunction-sections -fdata-sections -std=gnu99 -funsigned-char -funsigned-bitfields -mmcu=atmega16 -DF_CPU=1000000UL -MMD -MP -MF"Door_Security_System2.d" -MT"Door_Security_System2.o" -c -o "Door_Security_System2.o" "../Door_Security_System2.c"
In file included from ../Door_Security_System2.c:1:
../std_types.h:42:1: warning: "F_CPU" redefined
<command-line>: warning: this is the location of the previous definition
In file included from ../Door_Security_System2.c:7:
c:/winavr-20100110/lib/gcc/../../avr/include/avr/delay.h:36:2: warning: #warning "This file has been moved to <util/delay.h>."
In file included from c:/winavr-20100110/lib/gcc/../../avr/include/avr/delay.h:37,
                 from ../Door_Security_System2.c:7:
c:/winavr-20100110/lib/gcc/../../avr/include/util/delay.h:90:3: warning: #warning "Compiler optimizations disabled; functions from <util/delay.h> won't work as designed"
../Door_Security_System2.c: In function 'main':
../Door_Security_System2.c:38: warning: passing argument 2 of 'EEPROM_readByte' makes pointer from integer without a cast
../Door_Security_System2.c:75: warning: passing argument 2 of 'EEPROM_readByte' makes pointer from integer without a cast
Finished building: ../Door_Security_System2.c
 
Building target: Control_ECU.elf
Invoking: AVR C Linker
avr-gcc -Wl,-Map,Control_ECU.map -mmcu=atmega16 -o "Control_ECU.elf"  ./Door_Security_System2.o ./buzzer.o ./external_eeprom.o ./gpio.o ./motor.o ./pwm.o ./timer0.o ./twi.o ./uart.o   
Finished building target: Control_ECU.elf
 
Invoking: AVR Create Extended Listing
avr-objdump -h -S Control_ECU.elf  >"Control_ECU.lss"
Finished building: Control_ECU.lss
 
Invoking: Print Size
avr-size --format=avr --mcu=atmega16 Control_ECU.elf
AVR Memory Usage
----------------
Device: atmega16

Program:    9672 bytes (59.0% Full)
(.text + .data + .bootloader)

Data:         65 bytes (6.3% Full)
(.data + .bss + .noinit)


Finished building: sizedummy
 
12:27:21 **** Incremental Build of configuration Debug for project Hmi_ECU ****
make all 
Building file: ../Door_Security_System.c
Invoking: AVR Compiler
avr-gcc -Wall -g2 -gstabs -O0 -fpack-struct -fshort-enums -ffunction-sections -fdata-sections -std=gnu99 -funsigned-char -funsigned-bitfields -mmcu=atmega16 -DF_CPU=1000000UL -MMD -MP -MF"Door_Security_System.d" -MT"Door_Security_System.o" -c -o "Door_Security_System.o" "../Door_Security_System.c"
In file included from ../Door_Security_System.c:1:
c:/winavr-20100110/lib/gcc/../../avr/include/avr/delay.h:36:2: warning: #warning "This file has been moved to <util/delay.h>."
In file included from c:/winavr-20100110/lib/gcc/../../avr/include/avr/delay.h:37,
                 from ../Door_Security_System.c:1:
c:/winavr-20100110/lib/gcc/../../avr/include/util/delay.h:90:3: warning: #warning "Compiler optimizations disabled; functions from <util/delay.h> won't work as designed"
In file included from ../timer0.h:2,
                 from ../Door_Security_System.c:2:
../std_types.h:42:1: warning: "F_CPU" redefined
<command-line>: warning: this is the location of the previous definition
../Door_Security_System.c: In function 'main':
../Door_Security_System.c:24: warning: implicit declaration of function 'KEYPAD_getPressedKey'
Finished building: ../Door_Security_System.c
 
Building target: Hmi_ECU.elf
Invoking: AVR C Linker
avr-gcc -Wl,-Map,Hmi_ECU.map -mmcu=atmega16 -o "Hmi_ECU.elf"  ./Door_Security_System.o ./gpio.o ./keypad.o ./lcd.o ./timer0.o ./uart.o   
Finished building target: Hmi_ECU.elf
 
Invoking: AVR Create Extended Listing
avr-objdump -h -S Hmi_ECU.elf  >"Hmi_ECU.lss"
Finished building: Hmi_ECU.lss
 
Invoking: Print Size
avr-size --format=avr --mcu=atmega16 Hmi_ECU.elf
AVR Memory Usage
----------------
Device: atmega16

Program:   13190 bytes (80.5% Full)
(.text + .data + .bootloader)

Data:        176 bytes (17.2% Full)
(.data + .bss + .noinit)


Finished building: sizedummy
 
12:28:54 **** Incremental Build of configuration Debug for project Control_ECU ****
make all 
Building file: ../Door_Security_System2.c
Invoking: AVR Compiler
avr-gcc -Wall -g2 -gstabs -O0 -fpack-struct -fshort-enums -ffunction-sections -fdata-sections -std=gnu99 -funsigned-char -funsigned-bitfields -mmcu=atmega16 -DF_CPU=1000000UL -MMD -MP -MF"Door_Security_System2.d" -MT"Door_Security_System2.o" -c -o "Door_Security_System2.o" "../Door_Security_System2.c"
In file included from ../Door_Security_System2.c:1:
../std_types.h:42:1: warning: "F_CPU" redefined
<command-line>: warning: this is the location of the previous definition
In file included from ../Door_Security_System2.c:7:
c:/winavr-20100110/lib/gcc/../../avr/include/avr/delay.h:36:2: warning: #warning "This file has been moved to <util/delay.h>."
In file included from c:/winavr-20100110/lib/gcc/../../avr/include/avr/delay.h:37,
                 from ../Door_Security_System2.c:7:
c:/winavr-20100110/lib/gcc/../../avr/include/util/delay.h:90:3: warning: #warning "Compiler optimizations disabled; functions from <util/delay.h> won't work as designed"
../Door_Security_System2.c: In function 'main':
../Door_Security_System2.c:38: warning: passing argument 2 of 'EEPROM_readByte' makes pointer from integer without a cast
../Door_Security_System2.c:75: warning: passing argument 2 of 'EEPROM_readByte' makes pointer from integer without a cast
Finished building: ../Door_Security_System2.c
 
Building target: Control_ECU.elf
Invoking: AVR C Linker
avr-gcc -Wl,-Map,Control_ECU.map -mmcu=atmega16 -o "Control_ECU.elf"  ./Door_Security_System2.o ./buzzer.o ./external_eeprom.o ./gpio.o ./motor.o ./pwm.o ./timer0.o ./twi.o ./uart.o   
Finished building target: Control_ECU.elf
 
Invoking: AVR Create Extended Listing
avr-objdump -h -S Control_ECU.elf  >"Control_ECU.lss"
Finished building: Control_ECU.lss
 
Invoking: Print Size
avr-size --format=avr --mcu=atmega16 Control_ECU.elf
AVR Memory Usage
----------------
Device: atmega16

Program:    9672 bytes (59.0% Full)
(.text + .data + .bootloader)

Data:         65 bytes (6.3% Full)
(.data + .bss + .noinit)


Finished building: sizedummy
 
12:28:55 **** Incremental Build of configuration Debug for project Hmi_ECU ****
make all 
Invoking: Print Size
avr-size --format=avr --mcu=atmega16 Hmi_ECU.elf
AVR Memory Usage
----------------
Device: atmega16

Program:   13190 bytes (80.5% Full)
(.text + .data + .bootloader)

Data:        176 bytes (17.2% Full)
(.data + .bss + .noinit)


Finished building: sizedummy
 
12:33:14 **** Incremental Build of configuration Debug for project Control_ECU ****
make all 
Invoking: Print Size
avr-size --format=avr --mcu=atmega16 Control_ECU.elf
AVR Memory Usage
----------------
Device: atmega16

Program:    9672 bytes (59.0% Full)
(.text + .data + .bootloader)

Data:         65 bytes (6.3% Full)
(.data + .bss + .noinit)


Finished building: sizedummy
 
12:33:14 **** Incremental Build of configuration Debug for project Hmi_ECU ****
make all 
Building file: ../Door_Security_System.c
Invoking: AVR Compiler
avr-gcc -Wall -g2 -gstabs -O0 -fpack-struct -fshort-enums -ffunction-sections -fdata-sections -std=gnu99 -funsigned-char -funsigned-bitfields -mmcu=atmega16 -DF_CPU=1000000UL -MMD -MP -MF"Door_Security_System.d" -MT"Door_Security_System.o" -c -o "Door_Security_System.o" "../Door_Security_System.c"
In file included from ../Door_Security_System.c:1:
c:/winavr-20100110/lib/gcc/../../avr/include/avr/delay.h:36:2: warning: #warning "This file has been moved to <util/delay.h>."
In file included from c:/winavr-20100110/lib/gcc/../../avr/include/avr/delay.h:37,
                 from ../Door_Security_System.c:1:
c:/winavr-20100110/lib/gcc/../../avr/include/util/delay.h:90:3: warning: #warning "Compiler optimizations disabled; functions from <util/delay.h> won't work as designed"
In file included from ../timer0.h:2,
                 from ../Door_Security_System.c:2:
../std_types.h:42:1: warning: "F_CPU" redefined
<command-line>: warning: this is the location of the previous definition
../Door_Security_System.c: In function 'main':
../Door_Security_System.c:24: warning: implicit declaration of function 'KEYPAD_getPressedKey'
Finished building: ../Door_Security_System.c
 
Building target: Hmi_ECU.elf
Invoking: AVR C Linker
avr-gcc -Wl,-Map,Hmi_ECU.map -mmcu=atmega16 -o "Hmi_ECU.elf"  ./Door_Security_System.o ./gpio.o ./keypad.o ./lcd.o ./timer0.o ./uart.o   
Finished building target: Hmi_ECU.elf
 
Invoking: AVR Create Extended Listing
avr-objdump -h -S Hmi_ECU.elf  >"Hmi_ECU.lss"
Finished building: Hmi_ECU.lss
 
Invoking: Print Size
avr-size --format=avr --mcu=atmega16 Hmi_ECU.elf
AVR Memory Usage
----------------
Device: atmega16

Program:   13404 bytes (81.8% Full)
(.text + .data + .bootloader)

Data:        176 bytes (17.2% Full)
(.data + .bss + .noinit)


Finished building: sizedummy
 
12:36:55 **** Incremental Build of configuration Debug for project Control_ECU ****
make all 
Building file: ../Door_Security_System2.c
Invoking: AVR Compiler
avr-gcc -Wall -g2 -gstabs -O0 -fpack-struct -fshort-enums -ffunction-sections -fdata-sections -std=gnu99 -funsigned-char -funsigned-bitfields -mmcu=atmega16 -DF_CPU=1000000UL -MMD -MP -MF"Door_Security_System2.d" -MT"Door_Security_System2.o" -c -o "Door_Security_System2.o" "../Door_Security_System2.c"
In file included from ../Door_Security_System2.c:1:
../std_types.h:42:1: warning: "F_CPU" redefined
<command-line>: warning: this is the location of the previous definition
In file included from ../Door_Security_System2.c:7:
c:/winavr-20100110/lib/gcc/../../avr/include/avr/delay.h:36:2: warning: #warning "This file has been moved to <util/delay.h>."
In file included from c:/winavr-20100110/lib/gcc/../../avr/include/avr/delay.h:37,
                 from ../Door_Security_System2.c:7:
c:/winavr-20100110/lib/gcc/../../avr/include/util/delay.h:90:3: warning: #warning "Compiler optimizations disabled; functions from <util/delay.h> won't work as designed"
../Door_Security_System2.c: In function 'main':
../Door_Security_System2.c:38: warning: passing argument 2 of 'EEPROM_readByte' makes pointer from integer without a cast
../Door_Security_System2.c:75: warning: passing argument 2 of 'EEPROM_readByte' makes pointer from integer without a cast
Finished building: ../Door_Security_System2.c
 
Building target: Control_ECU.elf
Invoking: AVR C Linker
avr-gcc -Wl,-Map,Control_ECU.map -mmcu=atmega16 -o "Control_ECU.elf"  ./Door_Security_System2.o ./buzzer.o ./external_eeprom.o ./gpio.o ./motor.o ./pwm.o ./timer0.o ./twi.o ./uart.o   
Finished building target: Control_ECU.elf
 
Invoking: AVR Create Extended Listing
avr-objdump -h -S Control_ECU.elf  >"Control_ECU.lss"
Finished building: Control_ECU.lss
 
Invoking: Print Size
avr-size --format=avr --mcu=atmega16 Control_ECU.elf
AVR Memory Usage
----------------
Device: atmega16

Program:   10032 bytes (61.2% Full)
(.text + .data + .bootloader)

Data:         65 bytes (6.3% Full)
(.data + .bss + .noinit)


Finished building: sizedummy
 
12:36:56 **** Incremental Build of configuration Debug for project Hmi_ECU ****
make all 
Building file: ../Door_Security_System.c
Invoking: AVR Compiler
avr-gcc -Wall -g2 -gstabs -O0 -fpack-struct -fshort-enums -ffunction-sections -fdata-sections -std=gnu99 -funsigned-char -funsigned-bitfields -mmcu=atmega16 -DF_CPU=1000000UL -MMD -MP -MF"Door_Security_System.d" -MT"Door_Security_System.o" -c -o "Door_Security_System.o" "../Door_Security_System.c"
In file included from ../Door_Security_System.c:1:
c:/winavr-20100110/lib/gcc/../../avr/include/avr/delay.h:36:2: warning: #warning "This file has been moved to <util/delay.h>."
In file included from c:/winavr-20100110/lib/gcc/../../avr/include/avr/delay.h:37,
                 from ../Door_Security_System.c:1:
c:/winavr-20100110/lib/gcc/../../avr/include/util/delay.h:90:3: warning: #warning "Compiler optimizations disabled; functions from <util/delay.h> won't work as designed"
In file included from ../timer0.h:2,
                 from ../Door_Security_System.c:2:
../std_types.h:42:1: warning: "F_CPU" redefined
<command-line>: warning: this is the location of the previous definition
../Door_Security_System.c: In function 'main':
../Door_Security_System.c:24: warning: implicit declaration of function 'KEYPAD_getPressedKey'
Finished building: ../Door_Security_System.c
 
Building target: Hmi_ECU.elf
Invoking: AVR C Linker
avr-gcc -Wl,-Map,Hmi_ECU.map -mmcu=atmega16 -o "Hmi_ECU.elf"  ./Door_Security_System.o ./gpio.o ./keypad.o ./lcd.o ./timer0.o ./uart.o   
Finished building target: Hmi_ECU.elf
 
Invoking: AVR Create Extended Listing
avr-objdump -h -S Hmi_ECU.elf  >"Hmi_ECU.lss"
Finished building: Hmi_ECU.lss
 
Invoking: Print Size
avr-size --format=avr --mcu=atmega16 Hmi_ECU.elf
AVR Memory Usage
----------------
Device: atmega16

Program:   14106 bytes (86.1% Full)
(.text + .data + .bootloader)

Data:        176 bytes (17.2% Full)
(.data + .bss + .noinit)


Finished building: sizedummy
 
12:40:53 **** Incremental Build of configuration Debug for project Control_ECU ****
make all 
Invoking: Print Size
avr-size --format=avr --mcu=atmega16 Control_ECU.elf
AVR Memory Usage
----------------
Device: atmega16

Program:   10032 bytes (61.2% Full)
(.text + .data + .bootloader)

Data:         65 bytes (6.3% Full)
(.data + .bss + .noinit)


Finished building: sizedummy
 
12:40:53 **** Incremental Build of configuration Debug for project Hmi_ECU ****
make all 
Building file: ../Door_Security_System.c
Invoking: AVR Compiler
avr-gcc -Wall -g2 -gstabs -O0 -fpack-struct -fshort-enums -ffunction-sections -fdata-sections -std=gnu99 -funsigned-char -funsigned-bitfields -mmcu=atmega16 -DF_CPU=1000000UL -MMD -MP -MF"Door_Security_System.d" -MT"Door_Security_System.o" -c -o "Door_Security_System.o" "../Door_Security_System.c"
In file included from ../Door_Security_System.c:1:
c:/winavr-20100110/lib/gcc/../../avr/include/avr/delay.h:36:2: warning: #warning "This file has been moved to <util/delay.h>."
In file included from c:/winavr-20100110/lib/gcc/../../avr/include/avr/delay.h:37,
                 from ../Door_Security_System.c:1:
c:/winavr-20100110/lib/gcc/../../avr/include/util/delay.h:90:3: warning: #warning "Compiler optimizations disabled; functions from <util/delay.h> won't work as designed"
In file included from ../timer0.h:2,
                 from ../Door_Security_System.c:2:
../std_types.h:42:1: warning: "F_CPU" redefined
<command-line>: warning: this is the location of the previous definition
../Door_Security_System.c: In function 'main':
../Door_Security_System.c:24: warning: implicit declaration of function 'KEYPAD_getPressedKey'
Finished building: ../Door_Security_System.c
 
Building target: Hmi_ECU.elf
Invoking: AVR C Linker
avr-gcc -Wl,-Map,Hmi_ECU.map -mmcu=atmega16 -o "Hmi_ECU.elf"  ./Door_Security_System.o ./gpio.o ./keypad.o ./lcd.o ./timer0.o ./uart.o   
Finished building target: Hmi_ECU.elf
 
Invoking: AVR Create Extended Listing
avr-objdump -h -S Hmi_ECU.elf  >"Hmi_ECU.lss"
Finished building: Hmi_ECU.lss
 
Invoking: Print Size
avr-size --format=avr --mcu=atmega16 Hmi_ECU.elf
AVR Memory Usage
----------------
Device: atmega16

Program:   14108 bytes (86.1% Full)
(.text + .data + .bootloader)

Data:        176 bytes (17.2% Full)
(.data + .bss + .noinit)


Finished building: sizedummy
 
12:56:34 **** Incremental Build of configuration Debug for project Control_ECU ****
make all 
Building file: ../Door_Security_System2.c
Invoking: AVR Compiler
avr-gcc -Wall -g2 -gstabs -O0 -fpack-struct -fshort-enums -ffunction-sections -fdata-sections -std=gnu99 -funsigned-char -funsigned-bitfields -mmcu=atmega16 -DF_CPU=1000000UL -MMD -MP -MF"Door_Security_System2.d" -MT"Door_Security_System2.o" -c -o "Door_Security_System2.o" "../Door_Security_System2.c"
In file included from ../Door_Security_System2.c:1:
../std_types.h:42:1: warning: "F_CPU" redefined
<command-line>: warning: this is the location of the previous definition
In file included from ../Door_Security_System2.c:7:
c:/winavr-20100110/lib/gcc/../../avr/include/avr/delay.h:36:2: warning: #warning "This file has been moved to <util/delay.h>."
In file included from c:/winavr-20100110/lib/gcc/../../avr/include/avr/delay.h:37,
                 from ../Door_Security_System2.c:7:
c:/winavr-20100110/lib/gcc/../../avr/include/util/delay.h:90:3: warning: #warning "Compiler optimizations disabled; functions from <util/delay.h> won't work as designed"
../Door_Security_System2.c: In function 'main':
../Door_Security_System2.c:37: warning: passing argument 2 of 'EEPROM_readByte' makes pointer from integer without a cast
../Door_Security_System2.c:74: warning: passing argument 2 of 'EEPROM_readByte' makes pointer from integer without a cast
Finished building: ../Door_Security_System2.c
 
Building target: Control_ECU.elf
Invoking: AVR C Linker
avr-gcc -Wl,-Map,Control_ECU.map -mmcu=atmega16 -o "Control_ECU.elf"  ./Door_Security_System2.o ./buzzer.o ./external_eeprom.o ./gpio.o ./motor.o ./pwm.o ./timer0.o ./twi.o ./uart.o   
Finished building target: Control_ECU.elf
 
Invoking: AVR Create Extended Listing
avr-objdump -h -S Control_ECU.elf  >"Control_ECU.lss"
Finished building: Control_ECU.lss
 
Invoking: Print Size
avr-size --format=avr --mcu=atmega16 Control_ECU.elf
AVR Memory Usage
----------------
Device: atmega16

Program:   10032 bytes (61.2% Full)
(.text + .data + .bootloader)

Data:         65 bytes (6.3% Full)
(.data + .bss + .noinit)


Finished building: sizedummy
 
12:56:35 **** Incremental Build of configuration Debug for project Hmi_ECU ****
make all 
Building file: ../Door_Security_System.c
Invoking: AVR Compiler
avr-gcc -Wall -g2 -gstabs -O0 -fpack-struct -fshort-enums -ffunction-sections -fdata-sections -std=gnu99 -funsigned-char -funsigned-bitfields -mmcu=atmega16 -DF_CPU=1000000UL -MMD -MP -MF"Door_Security_System.d" -MT"Door_Security_System.o" -c -o "Door_Security_System.o" "../Door_Security_System.c"
In file included from ../Door_Security_System.c:1:
c:/winavr-20100110/lib/gcc/../../avr/include/avr/delay.h:36:2: warning: #warning "This file has been moved to <util/delay.h>."
In file included from c:/winavr-20100110/lib/gcc/../../avr/include/avr/delay.h:37,
                 from ../Door_Security_System.c:1:
c:/winavr-20100110/lib/gcc/../../avr/include/util/delay.h:90:3: warning: #warning "Compiler optimizations disabled; functions from <util/delay.h> won't work as designed"
In file included from ../timer0.h:2,
                 from ../Door_Security_System.c:2:
../std_types.h:42:1: warning: "F_CPU" redefined
<command-line>: warning: this is the location of the previous definition
../Door_Security_System.c: In function 'main':
../Door_Security_System.c:24: warning: implicit declaration of function 'KEYPAD_getPressedKey'
Finished building: ../Door_Security_System.c
 
Building target: Hmi_ECU.elf
Invoking: AVR C Linker
avr-gcc -Wl,-Map,Hmi_ECU.map -mmcu=atmega16 -o "Hmi_ECU.elf"  ./Door_Security_System.o ./gpio.o ./keypad.o ./lcd.o ./timer0.o ./uart.o   
Finished building target: Hmi_ECU.elf
 
Invoking: AVR Create Extended Listing
avr-objdump -h -S Hmi_ECU.elf  >"Hmi_ECU.lss"
Finished building: Hmi_ECU.lss
 
Invoking: Print Size
avr-size --format=avr --mcu=atmega16 Hmi_ECU.elf
AVR Memory Usage
----------------
Device: atmega16

Program:   13650 bytes (83.3% Full)
(.text + .data + .bootloader)

Data:        176 bytes (17.2% Full)
(.data + .bss + .noinit)


Finished building: sizedummy
 
13:00:12 **** Incremental Build of configuration Debug for project Control_ECU ****
make all 
Invoking: Print Size
avr-size --format=avr --mcu=atmega16 Control_ECU.elf
AVR Memory Usage
----------------
Device: atmega16

Program:   10032 bytes (61.2% Full)
(.text + .data + .bootloader)

Data:         65 bytes (6.3% Full)
(.data + .bss + .noinit)


Finished building: sizedummy
 
13:00:12 **** Incremental Build of configuration Debug for project Hmi_ECU ****
make all 
Building file: ../Door_Security_System.c
Invoking: AVR Compiler
avr-gcc -Wall -g2 -gstabs -O0 -fpack-struct -fshort-enums -ffunction-sections -fdata-sections -std=gnu99 -funsigned-char -funsigned-bitfields -mmcu=atmega16 -DF_CPU=1000000UL -MMD -MP -MF"Door_Security_System.d" -MT"Door_Security_System.o" -c -o "Door_Security_System.o" "../Door_Security_System.c"
In file included from ../Door_Security_System.c:1:
c:/winavr-20100110/lib/gcc/../../avr/include/avr/delay.h:36:2: warning: #warning "This file has been moved to <util/delay.h>."
In file included from c:/winavr-20100110/lib/gcc/../../avr/include/avr/delay.h:37,
                 from ../Door_Security_System.c:1:
c:/winavr-20100110/lib/gcc/../../avr/include/util/delay.h:90:3: warning: #warning "Compiler optimizations disabled; functions from <util/delay.h> won't work as designed"
In file included from ../timer0.h:2,
                 from ../Door_Security_System.c:2:
../std_types.h:42:1: warning: "F_CPU" redefined
<command-line>: warning: this is the location of the previous definition
../Door_Security_System.c: In function 'main':
../Door_Security_System.c:24: warning: implicit declaration of function 'KEYPAD_getPressedKey'
Finished building: ../Door_Security_System.c
 
Building target: Hmi_ECU.elf
Invoking: AVR C Linker
avr-gcc -Wl,-Map,Hmi_ECU.map -mmcu=atmega16 -o "Hmi_ECU.elf"  ./Door_Security_System.o ./gpio.o ./keypad.o ./lcd.o ./timer0.o ./uart.o   
Finished building target: Hmi_ECU.elf
 
Invoking: AVR Create Extended Listing
avr-objdump -h -S Hmi_ECU.elf  >"Hmi_ECU.lss"
Finished building: Hmi_ECU.lss
 
Invoking: Print Size
avr-size --format=avr --mcu=atmega16 Hmi_ECU.elf
AVR Memory Usage
----------------
Device: atmega16

Program:   13650 bytes (83.3% Full)
(.text + .data + .bootloader)

Data:        176 bytes (17.2% Full)
(.data + .bss + .noinit)


Finished building: sizedummy
 
13:00:55 **** Incremental Build of configuration Debug for project Control_ECU ****
make all 
Invoking: Print Size
avr-size --format=avr --mcu=atmega16 Control_ECU.elf
AVR Memory Usage
----------------
Device: atmega16

Program:   10032 bytes (61.2% Full)
(.text + .data + .bootloader)

Data:         65 bytes (6.3% Full)
(.data + .bss + .noinit)


Finished building: sizedummy
 
13:00:55 **** Incremental Build of configuration Debug for project Hmi_ECU ****
make all 
Building file: ../Door_Security_System.c
Invoking: AVR Compiler
avr-gcc -Wall -g2 -gstabs -O0 -fpack-struct -fshort-enums -ffunction-sections -fdata-sections -std=gnu99 -funsigned-char -funsigned-bitfields -mmcu=atmega16 -DF_CPU=1000000UL -MMD -MP -MF"Door_Security_System.d" -MT"Door_Security_System.o" -c -o "Door_Security_System.o" "../Door_Security_System.c"
In file included from ../Door_Security_System.c:1:
c:/winavr-20100110/lib/gcc/../../avr/include/avr/delay.h:36:2: warning: #warning "This file has been moved to <util/delay.h>."
In file included from c:/winavr-20100110/lib/gcc/../../avr/include/avr/delay.h:37,
                 from ../Door_Security_System.c:1:
c:/winavr-20100110/lib/gcc/../../avr/include/util/delay.h:90:3: warning: #warning "Compiler optimizations disabled; functions from <util/delay.h> won't work as designed"
In file included from ../timer0.h:2,
                 from ../Door_Security_System.c:2:
../std_types.h:42:1: warning: "F_CPU" redefined
<command-line>: warning: this is the location of the previous definition
../Door_Security_System.c: In function 'main':
../Door_Security_System.c:24: warning: implicit declaration of function 'KEYPAD_getPressedKey'
Finished building: ../Door_Security_System.c
 
Building target: Hmi_ECU.elf
Invoking: AVR C Linker
avr-gcc -Wl,-Map,Hmi_ECU.map -mmcu=atmega16 -o "Hmi_ECU.elf"  ./Door_Security_System.o ./gpio.o ./keypad.o ./lcd.o ./timer0.o ./uart.o   
Finished building target: Hmi_ECU.elf
 
Invoking: AVR Create Extended Listing
avr-objdump -h -S Hmi_ECU.elf  >"Hmi_ECU.lss"
Finished building: Hmi_ECU.lss
 
Invoking: Print Size
avr-size --format=avr --mcu=atmega16 Hmi_ECU.elf
AVR Memory Usage
----------------
Device: atmega16

Program:   13650 bytes (83.3% Full)
(.text + .data + .bootloader)

Data:        176 bytes (17.2% Full)
(.data + .bss + .noinit)


Finished building: sizedummy
 
13:01:07 **** Incremental Build of configuration Debug for project Control_ECU ****
make all 
Invoking: Print Size
avr-size --format=avr --mcu=atmega16 Control_ECU.elf
AVR Memory Usage
----------------
Device: atmega16

Program:   10032 bytes (61.2% Full)
(.text + .data + .bootloader)

Data:         65 bytes (6.3% Full)
(.data + .bss + .noinit)


Finished building: sizedummy
 
13:01:07 **** Incremental Build of configuration Debug for project Hmi_ECU ****
make all 
Building file: ../Door_Security_System.c
Invoking: AVR Compiler
avr-gcc -Wall -g2 -gstabs -O0 -fpack-struct -fshort-enums -ffunction-sections -fdata-sections -std=gnu99 -funsigned-char -funsigned-bitfields -mmcu=atmega16 -DF_CPU=1000000UL -MMD -MP -MF"Door_Security_System.d" -MT"Door_Security_System.o" -c -o "Door_Security_System.o" "../Door_Security_System.c"
In file included from ../Door_Security_System.c:1:
c:/winavr-20100110/lib/gcc/../../avr/include/avr/delay.h:36:2: warning: #warning "This file has been moved to <util/delay.h>."
In file included from c:/winavr-20100110/lib/gcc/../../avr/include/avr/delay.h:37,
                 from ../Door_Security_System.c:1:
c:/winavr-20100110/lib/gcc/../../avr/include/util/delay.h:90:3: warning: #warning "Compiler optimizations disabled; functions from <util/delay.h> won't work as designed"
In file included from ../timer0.h:2,
                 from ../Door_Security_System.c:2:
../std_types.h:42:1: warning: "F_CPU" redefined
<command-line>: warning: this is the location of the previous definition
../Door_Security_System.c: In function 'main':
../Door_Security_System.c:24: warning: implicit declaration of function 'KEYPAD_getPressedKey'
Finished building: ../Door_Security_System.c
 
Building target: Hmi_ECU.elf
Invoking: AVR C Linker
avr-gcc -Wl,-Map,Hmi_ECU.map -mmcu=atmega16 -o "Hmi_ECU.elf"  ./Door_Security_System.o ./gpio.o ./keypad.o ./lcd.o ./timer0.o ./uart.o   
Finished building target: Hmi_ECU.elf
 
Invoking: AVR Create Extended Listing
avr-objdump -h -S Hmi_ECU.elf  >"Hmi_ECU.lss"
Finished building: Hmi_ECU.lss
 
Invoking: Print Size
avr-size --format=avr --mcu=atmega16 Hmi_ECU.elf
AVR Memory Usage
----------------
Device: atmega16

Program:   13650 bytes (83.3% Full)
(.text + .data + .bootloader)

Data:        176 bytes (17.2% Full)
(.data + .bss + .noinit)


Finished building: sizedummy
 
13:23:57 **** Incremental Build of configuration Debug for project Control_ECU ****
make all 
Building file: ../Door_Security_System2.c
Invoking: AVR Compiler
avr-gcc -Wall -g2 -gstabs -O0 -fpack-struct -fshort-enums -ffunction-sections -fdata-sections -std=gnu99 -funsigned-char -funsigned-bitfields -mmcu=atmega16 -DF_CPU=1000000UL -MMD -MP -MF"Door_Security_System2.d" -MT"Door_Security_System2.o" -c -o "Door_Security_System2.o" "../Door_Security_System2.c"
In file included from ../Door_Security_System2.c:1:
../std_types.h:42:1: warning: "F_CPU" redefined
<command-line>: warning: this is the location of the previous definition
In file included from ../Door_Security_System2.c:7:
c:/winavr-20100110/lib/gcc/../../avr/include/avr/delay.h:36:2: warning: #warning "This file has been moved to <util/delay.h>."
In file included from c:/winavr-20100110/lib/gcc/../../avr/include/avr/delay.h:37,
                 from ../Door_Security_System2.c:7:
c:/winavr-20100110/lib/gcc/../../avr/include/util/delay.h:90:3: warning: #warning "Compiler optimizations disabled; functions from <util/delay.h> won't work as designed"
../Door_Security_System2.c: In function 'main':
../Door_Security_System2.c:37: warning: passing argument 2 of 'EEPROM_readByte' makes pointer from integer without a cast
../Door_Security_System2.c:74: warning: passing argument 2 of 'EEPROM_readByte' makes pointer from integer without a cast
Finished building: ../Door_Security_System2.c
 
Building file: ../buzzer.c
Invoking: AVR Compiler
avr-gcc -Wall -g2 -gstabs -O0 -fpack-struct -fshort-enums -ffunction-sections -fdata-sections -std=gnu99 -funsigned-char -funsigned-bitfields -mmcu=atmega16 -DF_CPU=1000000UL -MMD -MP -MF"buzzer.d" -MT"buzzer.o" -c -o "buzzer.o" "../buzzer.c"
In file included from ../gpio.h:16,
                 from ../buzzer.h:2,
                 from ../buzzer.c:1:
../std_types.h:42:1: warning: "F_CPU" redefined
<command-line>: warning: this is the location of the previous definition
Finished building: ../buzzer.c
 
Building file: ../external_eeprom.c
Invoking: AVR Compiler
avr-gcc -Wall -g2 -gstabs -O0 -fpack-struct -fshort-enums -ffunction-sections -fdata-sections -std=gnu99 -funsigned-char -funsigned-bitfields -mmcu=atmega16 -DF_CPU=1000000UL -MMD -MP -MF"external_eeprom.d" -MT"external_eeprom.o" -c -o "external_eeprom.o" "../external_eeprom.c"
In file included from ../external_eeprom.h:17,
                 from ../external_eeprom.c:12:
../std_types.h:42:1: warning: "F_CPU" redefined
<command-line>: warning: this is the location of the previous definition
Finished building: ../external_eeprom.c
 
Building file: ../gpio.c
Invoking: AVR Compiler
avr-gcc -Wall -g2 -gstabs -O0 -fpack-struct -fshort-enums -ffunction-sections -fdata-sections -std=gnu99 -funsigned-char -funsigned-bitfields -mmcu=atmega16 -DF_CPU=1000000UL -MMD -MP -MF"gpio.d" -MT"gpio.o" -c -o "gpio.o" "../gpio.c"
In file included from ../gpio.h:16,
                 from ../gpio.c:13:
../std_types.h:42:1: warning: "F_CPU" redefined
<command-line>: warning: this is the location of the previous definition
Finished building: ../gpio.c
 
Building file: ../motor.c
Invoking: AVR Compiler
avr-gcc -Wall -g2 -gstabs -O0 -fpack-struct -fshort-enums -ffunction-sections -fdata-sections -std=gnu99 -funsigned-char -funsigned-bitfields -mmcu=atmega16 -DF_CPU=1000000UL -MMD -MP -MF"motor.d" -MT"motor.o" -c -o "motor.o" "../motor.c"
In file included from ../gpio.h:16,
                 from ../motor.h:16,
                 from ../motor.c:15:
../std_types.h:42:1: warning: "F_CPU" redefined
<command-line>: warning: this is the location of the previous definition
Finished building: ../motor.c
 
Building file: ../pwm.c
Invoking: AVR Compiler
avr-gcc -Wall -g2 -gstabs -O0 -fpack-struct -fshort-enums -ffunction-sections -fdata-sections -std=gnu99 -funsigned-char -funsigned-bitfields -mmcu=atmega16 -DF_CPU=1000000UL -MMD -MP -MF"pwm.d" -MT"pwm.o" -c -o "pwm.o" "../pwm.c"
In file included from ../gpio.h:16,
                 from ../pwm.h:14,
                 from ../pwm.c:15:
../std_types.h:42:1: warning: "F_CPU" redefined
<command-line>: warning: this is the location of the previous definition
Finished building: ../pwm.c
 
Building file: ../timer0.c
Invoking: AVR Compiler
avr-gcc -Wall -g2 -gstabs -O0 -fpack-struct -fshort-enums -ffunction-sections -fdata-sections -std=gnu99 -funsigned-char -funsigned-bitfields -mmcu=atmega16 -DF_CPU=1000000UL -MMD -MP -MF"timer0.d" -MT"timer0.o" -c -o "timer0.o" "../timer0.c"
In file included from ../timer0.h:2,
                 from ../timer0.c:1:
../std_types.h:42:1: warning: "F_CPU" redefined
<command-line>: warning: this is the location of the previous definition
../timer0.c: In function 'Timer0_SetcallBack':
../timer0.c:48: warning: function return types not compatible due to 'volatile'
Finished building: ../timer0.c
 
Building file: ../twi.c
Invoking: AVR Compiler
avr-gcc -Wall -g2 -gstabs -O0 -fpack-struct -fshort-enums -ffunction-sections -fdata-sections -std=gnu99 -funsigned-char -funsigned-bitfields -mmcu=atmega16 -DF_CPU=1000000UL -MMD -MP -MF"twi.d" -MT"twi.o" -c -o "twi.o" "../twi.c"
In file included from ../twi.h:16,
                 from ../twi.c:13:
../std_types.h:42:1: warning: "F_CPU" redefined
<command-line>: warning: this is the location of the previous definition
Finished building: ../twi.c
 
Building file: ../uart.c
Invoking: AVR Compiler
avr-gcc -Wall -g2 -gstabs -O0 -fpack-struct -fshort-enums -ffunction-sections -fdata-sections -std=gnu99 -funsigned-char -funsigned-bitfields -mmcu=atmega16 -DF_CPU=1000000UL -MMD -MP -MF"uart.d" -MT"uart.o" -c -o "uart.o" "../uart.c"
In file included from ../uart.h:16,
                 from ../uart.c:13:
../std_types.h:42:1: warning: "F_CPU" redefined
<command-line>: warning: this is the location of the previous definition
Finished building: ../uart.c
 
Building target: Control_ECU.elf
Invoking: AVR C Linker
avr-gcc -Wl,-Map,Control_ECU.map -mmcu=atmega16 -o "Control_ECU.elf"  ./Door_Security_System2.o ./buzzer.o ./external_eeprom.o ./gpio.o ./motor.o ./pwm.o ./timer0.o ./twi.o ./uart.o   
Finished building target: Control_ECU.elf
 
Invoking: AVR Create Extended Listing
avr-objdump -h -S Control_ECU.elf  >"Control_ECU.lss"
Finished building: Control_ECU.lss
 
Invoking: Print Size
avr-size --format=avr --mcu=atmega16 Control_ECU.elf
AVR Memory Usage
----------------
Device: atmega16

Program:   10032 bytes (61.2% Full)
(.text + .data + .bootloader)

Data:         65 bytes (6.3% Full)
(.data + .bss + .noinit)


Finished building: sizedummy
 
13:23:59 **** Incremental Build of configuration Debug for project Hmi_ECU ****
make all 
Building file: ../Door_Security_System.c
Invoking: AVR Compiler
avr-gcc -Wall -g2 -gstabs -O0 -fpack-struct -fshort-enums -ffunction-sections -fdata-sections -std=gnu99 -funsigned-char -funsigned-bitfields -mmcu=atmega16 -DF_CPU=1000000UL -MMD -MP -MF"Door_Security_System.d" -MT"Door_Security_System.o" -c -o "Door_Security_System.o" "../Door_Security_System.c"
In file included from ../Door_Security_System.c:1:
c:/winavr-20100110/lib/gcc/../../avr/include/avr/delay.h:36:2: warning: #warning "This file has been moved to <util/delay.h>."
In file included from c:/winavr-20100110/lib/gcc/../../avr/include/avr/delay.h:37,
                 from ../Door_Security_System.c:1:
c:/winavr-20100110/lib/gcc/../../avr/include/util/delay.h:90:3: warning: #warning "Compiler optimizations disabled; functions from <util/delay.h> won't work as designed"
In file included from ../timer0.h:2,
                 from ../Door_Security_System.c:2:
../std_types.h:42:1: warning: "F_CPU" redefined
<command-line>: warning: this is the location of the previous definition
../Door_Security_System.c: In function 'main':
../Door_Security_System.c:24: warning: implicit declaration of function 'KEYPAD_getPressedKey'
Finished building: ../Door_Security_System.c
 
Building target: Hmi_ECU.elf
Invoking: AVR C Linker
avr-gcc -Wl,-Map,Hmi_ECU.map -mmcu=atmega16 -o "Hmi_ECU.elf"  ./Door_Security_System.o ./gpio.o ./keypad.o ./lcd.o ./timer0.o ./uart.o   
Finished building target: Hmi_ECU.elf
 
Invoking: AVR Create Extended Listing
avr-objdump -h -S Hmi_ECU.elf  >"Hmi_ECU.lss"
Finished building: Hmi_ECU.lss
 
Invoking: Print Size
avr-size --format=avr --mcu=atmega16 Hmi_ECU.elf
AVR Memory Usage
----------------
Device: atmega16

Program:   13650 bytes (83.3% Full)
(.text + .data + .bootloader)

Data:        176 bytes (17.2% Full)
(.data + .bss + .noinit)


Finished building: sizedummy
 
15:37:20 **** Build of configuration Debug for project Control_ECU ****
make all 
Building file: ../Door_Security_System2.c
Invoking: AVR Compiler
avr-gcc -Wall -g2 -gstabs -O0 -fpack-struct -fshort-enums -ffunction-sections -fdata-sections -std=gnu99 -funsigned-char -funsigned-bitfields -mmcu=atmega16 -DF_CPU=1000000UL -MMD -MP -MF"Door_Security_System2.d" -MT"Door_Security_System2.o" -c -o "Door_Security_System2.o" "../Door_Security_System2.c"
In file included from ../Door_Security_System2.c:1:
../std_types.h:42:1: warning: "F_CPU" redefined
<command-line>: warning: this is the location of the previous definition
In file included from ../Door_Security_System2.c:7:
c:/winavr-20100110/lib/gcc/../../avr/include/avr/delay.h:36:2: warning: #warning "This file has been moved to <util/delay.h>."
In file included from c:/winavr-20100110/lib/gcc/../../avr/include/avr/delay.h:37,
                 from ../Door_Security_System2.c:7:
c:/winavr-20100110/lib/gcc/../../avr/include/util/delay.h:90:3: warning: #warning "Compiler optimizations disabled; functions from <util/delay.h> won't work as designed"
../Door_Security_System2.c: In function 'main':
../Door_Security_System2.c:37: warning: passing argument 2 of 'EEPROM_readByte' makes pointer from integer without a cast
../Door_Security_System2.c:74: warning: passing argument 2 of 'EEPROM_readByte' makes pointer from integer without a cast
Finished building: ../Door_Security_System2.c
 
Building file: ../buzzer.c
Invoking: AVR Compiler
avr-gcc -Wall -g2 -gstabs -O0 -fpack-struct -fshort-enums -ffunction-sections -fdata-sections -std=gnu99 -funsigned-char -funsigned-bitfields -mmcu=atmega16 -DF_CPU=1000000UL -MMD -MP -MF"buzzer.d" -MT"buzzer.o" -c -o "buzzer.o" "../buzzer.c"
In file included from ../gpio.h:16,
                 from ../buzzer.h:2,
                 from ../buzzer.c:1:
../std_types.h:42:1: warning: "F_CPU" redefined
<command-line>: warning: this is the location of the previous definition
Finished building: ../buzzer.c
 
Building file: ../external_eeprom.c
Invoking: AVR Compiler
avr-gcc -Wall -g2 -gstabs -O0 -fpack-struct -fshort-enums -ffunction-sections -fdata-sections -std=gnu99 -funsigned-char -funsigned-bitfields -mmcu=atmega16 -DF_CPU=1000000UL -MMD -MP -MF"external_eeprom.d" -MT"external_eeprom.o" -c -o "external_eeprom.o" "../external_eeprom.c"
In file included from ../external_eeprom.h:17,
                 from ../external_eeprom.c:12:
../std_types.h:42:1: warning: "F_CPU" redefined
<command-line>: warning: this is the location of the previous definition
Finished building: ../external_eeprom.c
 
Building file: ../gpio.c
Invoking: AVR Compiler
avr-gcc -Wall -g2 -gstabs -O0 -fpack-struct -fshort-enums -ffunction-sections -fdata-sections -std=gnu99 -funsigned-char -funsigned-bitfields -mmcu=atmega16 -DF_CPU=1000000UL -MMD -MP -MF"gpio.d" -MT"gpio.o" -c -o "gpio.o" "../gpio.c"
In file included from ../gpio.h:16,
                 from ../gpio.c:13:
../std_types.h:42:1: warning: "F_CPU" redefined
<command-line>: warning: this is the location of the previous definition
Finished building: ../gpio.c
 
Building file: ../motor.c
Invoking: AVR Compiler
avr-gcc -Wall -g2 -gstabs -O0 -fpack-struct -fshort-enums -ffunction-sections -fdata-sections -std=gnu99 -funsigned-char -funsigned-bitfields -mmcu=atmega16 -DF_CPU=1000000UL -MMD -MP -MF"motor.d" -MT"motor.o" -c -o "motor.o" "../motor.c"
In file included from ../gpio.h:16,
                 from ../motor.h:16,
                 from ../motor.c:15:
../std_types.h:42:1: warning: "F_CPU" redefined
<command-line>: warning: this is the location of the previous definition
Finished building: ../motor.c
 
Building file: ../pwm.c
Invoking: AVR Compiler
avr-gcc -Wall -g2 -gstabs -O0 -fpack-struct -fshort-enums -ffunction-sections -fdata-sections -std=gnu99 -funsigned-char -funsigned-bitfields -mmcu=atmega16 -DF_CPU=1000000UL -MMD -MP -MF"pwm.d" -MT"pwm.o" -c -o "pwm.o" "../pwm.c"
In file included from ../gpio.h:16,
                 from ../pwm.h:14,
                 from ../pwm.c:15:
../std_types.h:42:1: warning: "F_CPU" redefined
<command-line>: warning: this is the location of the previous definition
Finished building: ../pwm.c
 
Building file: ../timer0.c
Invoking: AVR Compiler
avr-gcc -Wall -g2 -gstabs -O0 -fpack-struct -fshort-enums -ffunction-sections -fdata-sections -std=gnu99 -funsigned-char -funsigned-bitfields -mmcu=atmega16 -DF_CPU=1000000UL -MMD -MP -MF"timer0.d" -MT"timer0.o" -c -o "timer0.o" "../timer0.c"
In file included from ../timer0.h:2,
                 from ../timer0.c:1:
../std_types.h:42:1: warning: "F_CPU" redefined
<command-line>: warning: this is the location of the previous definition
../timer0.c: In function 'Timer0_SetcallBack':
../timer0.c:48: warning: function return types not compatible due to 'volatile'
Finished building: ../timer0.c
 
Building file: ../twi.c
Invoking: AVR Compiler
avr-gcc -Wall -g2 -gstabs -O0 -fpack-struct -fshort-enums -ffunction-sections -fdata-sections -std=gnu99 -funsigned-char -funsigned-bitfields -mmcu=atmega16 -DF_CPU=1000000UL -MMD -MP -MF"twi.d" -MT"twi.o" -c -o "twi.o" "../twi.c"
In file included from ../twi.h:16,
                 from ../twi.c:13:
../std_types.h:42:1: warning: "F_CPU" redefined
<command-line>: warning: this is the location of the previous definition
Finished building: ../twi.c
 
Building file: ../uart.c
Invoking: AVR Compiler
avr-gcc -Wall -g2 -gstabs -O0 -fpack-struct -fshort-enums -ffunction-sections -fdata-sections -std=gnu99 -funsigned-char -funsigned-bitfields -mmcu=atmega16 -DF_CPU=1000000UL -MMD -MP -MF"uart.d" -MT"uart.o" -c -o "uart.o" "../uart.c"
In file included from ../uart.h:16,
                 from ../uart.c:13:
../std_types.h:42:1: warning: "F_CPU" redefined
<command-line>: warning: this is the location of the previous definition
Finished building: ../uart.c
 
Building target: Control_ECU.elf
Invoking: AVR C Linker
avr-gcc -Wl,-Map,Control_ECU.map -mmcu=atmega16 -o "Control_ECU.elf"  ./Door_Security_System2.o ./buzzer.o ./external_eeprom.o ./gpio.o ./motor.o ./pwm.o ./timer0.o ./twi.o ./uart.o   
Finished building target: Control_ECU.elf
 
Invoking: AVR Create Extended Listing
avr-objdump -h -S Control_ECU.elf  >"Control_ECU.lss"
Finished building: Control_ECU.lss
 
Invoking: Print Size
avr-size --format=avr --mcu=atmega16 Control_ECU.elf
AVR Memory Usage
----------------
Device: atmega16

Program:    9312 bytes (56.8% Full)
(.text + .data + .bootloader)

Data:         65 bytes (6.3% Full)
(.data + .bss + .noinit)


Finished building: sizedummy
 
15:37:24 **** Build of configuration Debug for project Hmi_ECU ****
make all 
Building file: ../Door_Security_System.c
Invoking: AVR Compiler
avr-gcc -Wall -g2 -gstabs -O0 -fpack-struct -fshort-enums -ffunction-sections -fdata-sections -std=gnu99 -funsigned-char -funsigned-bitfields -mmcu=atmega16 -DF_CPU=1000000UL -MMD -MP -MF"Door_Security_System.d" -MT"Door_Security_System.o" -c -o "Door_Security_System.o" "../Door_Security_System.c"
In file included from ../Door_Security_System.c:1:
c:/winavr-20100110/lib/gcc/../../avr/include/avr/delay.h:36:2: warning: #warning "This file has been moved to <util/delay.h>."
In file included from c:/winavr-20100110/lib/gcc/../../avr/include/avr/delay.h:37,
                 from ../Door_Security_System.c:1:
c:/winavr-20100110/lib/gcc/../../avr/include/util/delay.h:90:3: warning: #warning "Compiler optimizations disabled; functions from <util/delay.h> won't work as designed"
In file included from ../timer0.h:2,
                 from ../Door_Security_System.c:2:
../std_types.h:42:1: warning: "F_CPU" redefined
<command-line>: warning: this is the location of the previous definition
../Door_Security_System.c: In function 'main':
../Door_Security_System.c:24: warning: implicit declaration of function 'KEYPAD_getPressedKey'
Finished building: ../Door_Security_System.c
 
Building target: Hmi_ECU.elf
Invoking: AVR C Linker
avr-gcc -Wl,-Map,Hmi_ECU.map -mmcu=atmega16 -o "Hmi_ECU.elf"  ./Door_Security_System.o ./gpio.o ./keypad.o ./lcd.o ./timer0.o ./uart.o   
Finished building target: Hmi_ECU.elf
 
Invoking: AVR Create Extended Listing
avr-objdump -h -S Hmi_ECU.elf  >"Hmi_ECU.lss"
Finished building: Hmi_ECU.lss
 
Invoking: Print Size
avr-size --format=avr --mcu=atmega16 Hmi_ECU.elf
AVR Memory Usage
----------------
Device: atmega16

Program:   14010 bytes (85.5% Full)
(.text + .data + .bootloader)

Data:        176 bytes (17.2% Full)
(.data + .bss + .noinit)


Finished building: sizedummy
 
15:40:32 **** Incremental Build of configuration Debug for project Control_ECU ****
make all 
Invoking: Print Size
avr-size --format=avr --mcu=atmega16 Control_ECU.elf
AVR Memory Usage
----------------
Device: atmega16

Program:    9312 bytes (56.8% Full)
(.text + .data + .bootloader)

Data:         65 bytes (6.3% Full)
(.data + .bss + .noinit)


Finished building: sizedummy
 
15:40:32 **** Incremental Build of configuration Debug for project Hmi_ECU ****
make all 
Building file: ../Door_Security_System.c
Invoking: AVR Compiler
avr-gcc -Wall -g2 -gstabs -O0 -fpack-struct -fshort-enums -ffunction-sections -fdata-sections -std=gnu99 -funsigned-char -funsigned-bitfields -mmcu=atmega16 -DF_CPU=1000000UL -MMD -MP -MF"Door_Security_System.d" -MT"Door_Security_System.o" -c -o "Door_Security_System.o" "../Door_Security_System.c"
In file included from ../Door_Security_System.c:1:
c:/winavr-20100110/lib/gcc/../../avr/include/avr/delay.h:36:2: warning: #warning "This file has been moved to <util/delay.h>."
In file included from c:/winavr-20100110/lib/gcc/../../avr/include/avr/delay.h:37,
                 from ../Door_Security_System.c:1:
c:/winavr-20100110/lib/gcc/../../avr/include/util/delay.h:90:3: warning: #warning "Compiler optimizations disabled; functions from <util/delay.h> won't work as designed"
In file included from ../timer0.h:2,
                 from ../Door_Security_System.c:2:
../std_types.h:42:1: warning: "F_CPU" redefined
<command-line>: warning: this is the location of the previous definition
../Door_Security_System.c: In function 'main':
../Door_Security_System.c:24: warning: implicit declaration of function 'KEYPAD_getPressedKey'
Finished building: ../Door_Security_System.c
 
Building target: Hmi_ECU.elf
Invoking: AVR C Linker
avr-gcc -Wl,-Map,Hmi_ECU.map -mmcu=atmega16 -o "Hmi_ECU.elf"  ./Door_Security_System.o ./gpio.o ./keypad.o ./lcd.o ./timer0.o ./uart.o   
Finished building target: Hmi_ECU.elf
 
Invoking: AVR Create Extended Listing
avr-objdump -h -S Hmi_ECU.elf  >"Hmi_ECU.lss"
Finished building: Hmi_ECU.lss
 
Invoking: Print Size
avr-size --format=avr --mcu=atmega16 Hmi_ECU.elf
AVR Memory Usage
----------------
Device: atmega16

Program:   14298 bytes (87.3% Full)
(.text + .data + .bootloader)

Data:        176 bytes (17.2% Full)
(.data + .bss + .noinit)


Finished building: sizedummy
 
15:44:18 **** Incremental Build of configuration Debug for project Control_ECU ****
make all 
Building file: ../Door_Security_System2.c
Invoking: AVR Compiler
avr-gcc -Wall -g2 -gstabs -O0 -fpack-struct -fshort-enums -ffunction-sections -fdata-sections -std=gnu99 -funsigned-char -funsigned-bitfields -mmcu=atmega16 -DF_CPU=1000000UL -MMD -MP -MF"Door_Security_System2.d" -MT"Door_Security_System2.o" -c -o "Door_Security_System2.o" "../Door_Security_System2.c"
In file included from ../Door_Security_System2.c:1:
../std_types.h:42:1: warning: "F_CPU" redefined
<command-line>: warning: this is the location of the previous definition
In file included from ../Door_Security_System2.c:7:
c:/winavr-20100110/lib/gcc/../../avr/include/avr/delay.h:36:2: warning: #warning "This file has been moved to <util/delay.h>."
In file included from c:/winavr-20100110/lib/gcc/../../avr/include/avr/delay.h:37,
                 from ../Door_Security_System2.c:7:
c:/winavr-20100110/lib/gcc/../../avr/include/util/delay.h:90:3: warning: #warning "Compiler optimizations disabled; functions from <util/delay.h> won't work as designed"
../Door_Security_System2.c: In function 'main':
../Door_Security_System2.c:37: warning: passing argument 2 of 'EEPROM_readByte' makes pointer from integer without a cast
../Door_Security_System2.c:74: warning: passing argument 2 of 'EEPROM_readByte' makes pointer from integer without a cast
Finished building: ../Door_Security_System2.c
 
Building target: Control_ECU.elf
Invoking: AVR C Linker
avr-gcc -Wl,-Map,Control_ECU.map -mmcu=atmega16 -o "Control_ECU.elf"  ./Door_Security_System2.o ./buzzer.o ./external_eeprom.o ./gpio.o ./motor.o ./pwm.o ./timer0.o ./twi.o ./uart.o   
Finished building target: Control_ECU.elf
 
Invoking: AVR Create Extended Listing
avr-objdump -h -S Control_ECU.elf  >"Control_ECU.lss"
Finished building: Control_ECU.lss
 
Invoking: Print Size
avr-size --format=avr --mcu=atmega16 Control_ECU.elf
AVR Memory Usage
----------------
Device: atmega16

Program:    9312 bytes (56.8% Full)
(.text + .data + .bootloader)

Data:         65 bytes (6.3% Full)
(.data + .bss + .noinit)


Finished building: sizedummy
 
15:44:19 **** Incremental Build of configuration Debug for project Hmi_ECU ****
make all 
Building file: ../Door_Security_System.c
Invoking: AVR Compiler
avr-gcc -Wall -g2 -gstabs -O0 -fpack-struct -fshort-enums -ffunction-sections -fdata-sections -std=gnu99 -funsigned-char -funsigned-bitfields -mmcu=atmega16 -DF_CPU=1000000UL -MMD -MP -MF"Door_Security_System.d" -MT"Door_Security_System.o" -c -o "Door_Security_System.o" "../Door_Security_System.c"
In file included from ../Door_Security_System.c:1:
c:/winavr-20100110/lib/gcc/../../avr/include/avr/delay.h:36:2: warning: #warning "This file has been moved to <util/delay.h>."
In file included from c:/winavr-20100110/lib/gcc/../../avr/include/avr/delay.h:37,
                 from ../Door_Security_System.c:1:
c:/winavr-20100110/lib/gcc/../../avr/include/util/delay.h:90:3: warning: #warning "Compiler optimizations disabled; functions from <util/delay.h> won't work as designed"
In file included from ../timer0.h:2,
                 from ../Door_Security_System.c:2:
../std_types.h:42:1: warning: "F_CPU" redefined
<command-line>: warning: this is the location of the previous definition
../Door_Security_System.c: In function 'main':
../Door_Security_System.c:24: warning: implicit declaration of function 'KEYPAD_getPressedKey'
Finished building: ../Door_Security_System.c
 
Building target: Hmi_ECU.elf
Invoking: AVR C Linker
avr-gcc -Wl,-Map,Hmi_ECU.map -mmcu=atmega16 -o "Hmi_ECU.elf"  ./Door_Security_System.o ./gpio.o ./keypad.o ./lcd.o ./timer0.o ./uart.o   
Finished building target: Hmi_ECU.elf
 
Invoking: AVR Create Extended Listing
avr-objdump -h -S Hmi_ECU.elf  >"Hmi_ECU.lss"
Finished building: Hmi_ECU.lss
 
Invoking: Print Size
avr-size --format=avr --mcu=atmega16 Hmi_ECU.elf
AVR Memory Usage
----------------
Device: atmega16

Program:   13938 bytes (85.1% Full)
(.text + .data + .bootloader)

Data:        176 bytes (17.2% Full)
(.data + .bss + .noinit)


Finished building: sizedummy
 
15:47:36 **** Incremental Build of configuration Debug for project Control_ECU ****
make all 
Building file: ../Door_Security_System2.c
Invoking: AVR Compiler
avr-gcc -Wall -g2 -gstabs -O0 -fpack-struct -fshort-enums -ffunction-sections -fdata-sections -std=gnu99 -funsigned-char -funsigned-bitfields -mmcu=atmega16 -DF_CPU=1000000UL -MMD -MP -MF"Door_Security_System2.d" -MT"Door_Security_System2.o" -c -o "Door_Security_System2.o" "../Door_Security_System2.c"
In file included from ../Door_Security_System2.c:1:
../std_types.h:42:1: warning: "F_CPU" redefined
<command-line>: warning: this is the location of the previous definition
In file included from ../Door_Security_System2.c:7:
c:/winavr-20100110/lib/gcc/../../avr/include/avr/delay.h:36:2: warning: #warning "This file has been moved to <util/delay.h>."
In file included from c:/winavr-20100110/lib/gcc/../../avr/include/avr/delay.h:37,
                 from ../Door_Security_System2.c:7:
c:/winavr-20100110/lib/gcc/../../avr/include/util/delay.h:90:3: warning: #warning "Compiler optimizations disabled; functions from <util/delay.h> won't work as designed"
../Door_Security_System2.c: In function 'main':
../Door_Security_System2.c:15: error: 'I2C_Config' undeclared (first use in this function)
../Door_Security_System2.c:15: error: (Each undeclared identifier is reported only once
../Door_Security_System2.c:15: error: for each function it appears in.)
../Door_Security_System2.c:15: error: expected ';' before 'TWI_config'
../Door_Security_System2.c:21: warning: implicit declaration of function 'TWI_init'
../Door_Security_System2.c:21: error: 'TWI_config' undeclared (first use in this function)
../Door_Security_System2.c:39: warning: passing argument 2 of 'EEPROM_readByte' makes pointer from integer without a cast
../Door_Security_System2.c:76: warning: passing argument 2 of 'EEPROM_readByte' makes pointer from integer without a cast
make: *** [Door_Security_System2.o] Error 1
"make all" terminated with exit code 2. Build might be incomplete.
15:47:36 **** Build of configuration Debug for project EEPROM_I2C_Exercise ****
make all 
Invoking: Print Size
avr-size --format=avr --mcu=atmega16 EEPROM_I2C_Exercise.elf
AVR Memory Usage
----------------
Device: atmega16

Program:    5776 bytes (35.3% Full)
(.text + .data + .bootloader)

Data:         14 bytes (1.4% Full)
(.data + .bss + .noinit)


Finished building: sizedummy
 
15:47:37 **** Incremental Build of configuration Debug for project Hmi_ECU ****
make all 
Invoking: Print Size
avr-size --format=avr --mcu=atmega16 Hmi_ECU.elf
AVR Memory Usage
----------------
Device: atmega16

Program:   13938 bytes (85.1% Full)
(.text + .data + .bootloader)

Data:        176 bytes (17.2% Full)
(.data + .bss + .noinit)


Finished building: sizedummy
 
15:47:55 **** Incremental Build of configuration Debug for project Control_ECU ****
make all 
Building file: ../Door_Security_System2.c
Invoking: AVR Compiler
avr-gcc -Wall -g2 -gstabs -O0 -fpack-struct -fshort-enums -ffunction-sections -fdata-sections -std=gnu99 -funsigned-char -funsigned-bitfields -mmcu=atmega16 -DF_CPU=1000000UL -MMD -MP -MF"Door_Security_System2.d" -MT"Door_Security_System2.o" -c -o "Door_Security_System2.o" "../Door_Security_System2.c"
In file included from ../Door_Security_System2.c:1:
../std_types.h:42:1: warning: "F_CPU" redefined
<command-line>: warning: this is the location of the previous definition
In file included from ../Door_Security_System2.c:8:
c:/winavr-20100110/lib/gcc/../../avr/include/avr/delay.h:36:2: warning: #warning "This file has been moved to <util/delay.h>."
In file included from c:/winavr-20100110/lib/gcc/../../avr/include/avr/delay.h:37,
                 from ../Door_Security_System2.c:8:
c:/winavr-20100110/lib/gcc/../../avr/include/util/delay.h:90:3: warning: #warning "Compiler optimizations disabled; functions from <util/delay.h> won't work as designed"
../Door_Security_System2.c: In function 'main':
../Door_Security_System2.c:40: warning: passing argument 2 of 'EEPROM_readByte' makes pointer from integer without a cast
../Door_Security_System2.c:77: warning: passing argument 2 of 'EEPROM_readByte' makes pointer from integer without a cast
Finished building: ../Door_Security_System2.c
 
Building target: Control_ECU.elf
Invoking: AVR C Linker
avr-gcc -Wl,-Map,Control_ECU.map -mmcu=atmega16 -o "Control_ECU.elf"  ./Door_Security_System2.o ./buzzer.o ./external_eeprom.o ./gpio.o ./motor.o ./pwm.o ./timer0.o ./twi.o ./uart.o   
Finished building target: Control_ECU.elf
 
Invoking: AVR Create Extended Listing
avr-objdump -h -S Control_ECU.elf  >"Control_ECU.lss"
Finished building: Control_ECU.lss
 
Invoking: Print Size
avr-size --format=avr --mcu=atmega16 Control_ECU.elf
AVR Memory Usage
----------------
Device: atmega16

Program:    9442 bytes (57.6% Full)
(.text + .data + .bootloader)

Data:         71 bytes (6.9% Full)
(.data + .bss + .noinit)


Finished building: sizedummy
 
15:47:56 **** Incremental Build of configuration Debug for project EEPROM_I2C_Exercise ****
make all 
Invoking: Print Size
avr-size --format=avr --mcu=atmega16 EEPROM_I2C_Exercise.elf
AVR Memory Usage
----------------
Device: atmega16

Program:    5776 bytes (35.3% Full)
(.text + .data + .bootloader)

Data:         14 bytes (1.4% Full)
(.data + .bss + .noinit)


Finished building: sizedummy
 
15:47:57 **** Incremental Build of configuration Debug for project Hmi_ECU ****
make all 
Invoking: Print Size
avr-size --format=avr --mcu=atmega16 Hmi_ECU.elf
AVR Memory Usage
----------------
Device: atmega16

Program:   13938 bytes (85.1% Full)
(.text + .data + .bootloader)

Data:        176 bytes (17.2% Full)
(.data + .bss + .noinit)


Finished building: sizedummy
 
15:50:57 **** Incremental Build of configuration Debug for project Control_ECU ****
make all 
Building file: ../Door_Security_System2.c
Invoking: AVR Compiler
avr-gcc -Wall -g2 -gstabs -O0 -fpack-struct -fshort-enums -ffunction-sections -fdata-sections -std=gnu99 -funsigned-char -funsigned-bitfields -mmcu=atmega16 -DF_CPU=1000000UL -MMD -MP -MF"Door_Security_System2.d" -MT"Door_Security_System2.o" -c -o "Door_Security_System2.o" "../Door_Security_System2.c"
In file included from ../Door_Security_System2.c:1:
../std_types.h:42:1: warning: "F_CPU" redefined
<command-line>: warning: this is the location of the previous definition
In file included from ../Door_Security_System2.c:8:
c:/winavr-20100110/lib/gcc/../../avr/include/avr/delay.h:36:2: warning: #warning "This file has been moved to <util/delay.h>."
In file included from c:/winavr-20100110/lib/gcc/../../avr/include/avr/delay.h:37,
                 from ../Door_Security_System2.c:8:
c:/winavr-20100110/lib/gcc/../../avr/include/util/delay.h:90:3: warning: #warning "Compiler optimizations disabled; functions from <util/delay.h> won't work as designed"
../Door_Security_System2.c: In function 'main':
../Door_Security_System2.c:40: warning: passing argument 2 of 'EEPROM_readByte' makes pointer from integer without a cast
../Door_Security_System2.c:77: warning: passing argument 2 of 'EEPROM_readByte' makes pointer from integer without a cast
Finished building: ../Door_Security_System2.c
 
Building file: ../buzzer.c
Invoking: AVR Compiler
avr-gcc -Wall -g2 -gstabs -O0 -fpack-struct -fshort-enums -ffunction-sections -fdata-sections -std=gnu99 -funsigned-char -funsigned-bitfields -mmcu=atmega16 -DF_CPU=1000000UL -MMD -MP -MF"buzzer.d" -MT"buzzer.o" -c -o "buzzer.o" "../buzzer.c"
In file included from ../gpio.h:16,
                 from ../buzzer.h:2,
                 from ../buzzer.c:1:
../std_types.h:42:1: warning: "F_CPU" redefined
<command-line>: warning: this is the location of the previous definition
Finished building: ../buzzer.c
 
Building file: ../external_eeprom.c
Invoking: AVR Compiler
avr-gcc -Wall -g2 -gstabs -O0 -fpack-struct -fshort-enums -ffunction-sections -fdata-sections -std=gnu99 -funsigned-char -funsigned-bitfields -mmcu=atmega16 -DF_CPU=1000000UL -MMD -MP -MF"external_eeprom.d" -MT"external_eeprom.o" -c -o "external_eeprom.o" "../external_eeprom.c"
In file included from ../external_eeprom.h:17,
                 from ../external_eeprom.c:12:
../std_types.h:42:1: warning: "F_CPU" redefined
<command-line>: warning: this is the location of the previous definition
Finished building: ../external_eeprom.c
 
Building file: ../gpio.c
Invoking: AVR Compiler
avr-gcc -Wall -g2 -gstabs -O0 -fpack-struct -fshort-enums -ffunction-sections -fdata-sections -std=gnu99 -funsigned-char -funsigned-bitfields -mmcu=atmega16 -DF_CPU=1000000UL -MMD -MP -MF"gpio.d" -MT"gpio.o" -c -o "gpio.o" "../gpio.c"
In file included from ../gpio.h:16,
                 from ../gpio.c:13:
../std_types.h:42:1: warning: "F_CPU" redefined
<command-line>: warning: this is the location of the previous definition
Finished building: ../gpio.c
 
Building file: ../motor.c
Invoking: AVR Compiler
avr-gcc -Wall -g2 -gstabs -O0 -fpack-struct -fshort-enums -ffunction-sections -fdata-sections -std=gnu99 -funsigned-char -funsigned-bitfields -mmcu=atmega16 -DF_CPU=1000000UL -MMD -MP -MF"motor.d" -MT"motor.o" -c -o "motor.o" "../motor.c"
In file included from ../gpio.h:16,
                 from ../motor.h:16,
                 from ../motor.c:15:
../std_types.h:42:1: warning: "F_CPU" redefined
<command-line>: warning: this is the location of the previous definition
Finished building: ../motor.c
 
Building file: ../pwm.c
Invoking: AVR Compiler
avr-gcc -Wall -g2 -gstabs -O0 -fpack-struct -fshort-enums -ffunction-sections -fdata-sections -std=gnu99 -funsigned-char -funsigned-bitfields -mmcu=atmega16 -DF_CPU=1000000UL -MMD -MP -MF"pwm.d" -MT"pwm.o" -c -o "pwm.o" "../pwm.c"
In file included from ../gpio.h:16,
                 from ../pwm.h:14,
                 from ../pwm.c:15:
../std_types.h:42:1: warning: "F_CPU" redefined
<command-line>: warning: this is the location of the previous definition
Finished building: ../pwm.c
 
Building file: ../timer0.c
Invoking: AVR Compiler
avr-gcc -Wall -g2 -gstabs -O0 -fpack-struct -fshort-enums -ffunction-sections -fdata-sections -std=gnu99 -funsigned-char -funsigned-bitfields -mmcu=atmega16 -DF_CPU=1000000UL -MMD -MP -MF"timer0.d" -MT"timer0.o" -c -o "timer0.o" "../timer0.c"
In file included from ../timer0.h:2,
                 from ../timer0.c:1:
../std_types.h:42:1: warning: "F_CPU" redefined
<command-line>: warning: this is the location of the previous definition
../timer0.c: In function 'Timer0_SetcallBack':
../timer0.c:48: warning: function return types not compatible due to 'volatile'
Finished building: ../timer0.c
 
Building file: ../twi.c
Invoking: AVR Compiler
avr-gcc -Wall -g2 -gstabs -O0 -fpack-struct -fshort-enums -ffunction-sections -fdata-sections -std=gnu99 -funsigned-char -funsigned-bitfields -mmcu=atmega16 -DF_CPU=1000000UL -MMD -MP -MF"twi.d" -MT"twi.o" -c -o "twi.o" "../twi.c"
In file included from ../twi.h:16,
                 from ../twi.c:13:
../std_types.h:42:1: warning: "F_CPU" redefined
<command-line>: warning: this is the location of the previous definition
Finished building: ../twi.c
 
Building file: ../uart.c
Invoking: AVR Compiler
avr-gcc -Wall -g2 -gstabs -O0 -fpack-struct -fshort-enums -ffunction-sections -fdata-sections -std=gnu99 -funsigned-char -funsigned-bitfields -mmcu=atmega16 -DF_CPU=1000000UL -MMD -MP -MF"uart.d" -MT"uart.o" -c -o "uart.o" "../uart.c"
In file included from ../uart.h:16,
                 from ../uart.c:13:
../std_types.h:42:1: warning: "F_CPU" redefined
<command-line>: warning: this is the location of the previous definition
Finished building: ../uart.c
 
Building target: Control_ECU.elf
Invoking: AVR C Linker
avr-gcc -Wl,-Map,Control_ECU.map -mmcu=atmega16 -o "Control_ECU.elf"  ./Door_Security_System2.o ./buzzer.o ./external_eeprom.o ./gpio.o ./motor.o ./pwm.o ./timer0.o ./twi.o ./uart.o   
Finished building target: Control_ECU.elf
 
Invoking: AVR Create Extended Listing
avr-objdump -h -S Control_ECU.elf  >"Control_ECU.lss"
Finished building: Control_ECU.lss
 
Invoking: Print Size
avr-size --format=avr --mcu=atmega16 Control_ECU.elf
AVR Memory Usage
----------------
Device: atmega16

Program:    9442 bytes (57.6% Full)
(.text + .data + .bootloader)

Data:         71 bytes (6.9% Full)
(.data + .bss + .noinit)


Finished building: sizedummy
 
15:51:00 **** Incremental Build of configuration Debug for project Hmi_ECU ****
make all 
Invoking: Print Size
avr-size --format=avr --mcu=atmega16 Hmi_ECU.elf
AVR Memory Usage
----------------
Device: atmega16

Program:   13938 bytes (85.1% Full)
(.text + .data + .bootloader)

Data:        176 bytes (17.2% Full)
(.data + .bss + .noinit)


Finished building: sizedummy
 
16:02:38 **** Incremental Build of configuration Debug for project Control_ECU ****
make all 
Invoking: Print Size
avr-size --format=avr --mcu=atmega16 Control_ECU.elf
AVR Memory Usage
----------------
Device: atmega16

Program:    9442 bytes (57.6% Full)
(.text + .data + .bootloader)

Data:         71 bytes (6.9% Full)
(.data + .bss + .noinit)


Finished building: sizedummy
 
16:02:38 **** Incremental Build of configuration Debug for project Hmi_ECU ****
make all 
Invoking: Print Size
avr-size --format=avr --mcu=atmega16 Hmi_ECU.elf
AVR Memory Usage
----------------
Device: atmega16

Program:   13938 bytes (85.1% Full)
(.text + .data + .bootloader)

Data:        176 bytes (17.2% Full)
(.data + .bss + .noinit)


Finished building: sizedummy
 
16:02:39 **** Build of configuration Debug for project test ****
make all 
Building file: ../gpio.c
Invoking: AVR Compiler
avr-gcc -Wall -g2 -gstabs -O0 -fpack-struct -fshort-enums -ffunction-sections -fdata-sections -std=gnu99 -funsigned-char -funsigned-bitfields -mmcu=atmega16 -DF_CPU=1000000UL -MMD -MP -MF"gpio.d" -MT"gpio.o" -c -o "gpio.o" "../gpio.c"
In file included from ../gpio.h:16,
                 from ../gpio.c:13:
../std_types.h:42:1: warning: "F_CPU" redefined
<command-line>: warning: this is the location of the previous definition
Finished building: ../gpio.c
 
Building file: ../testt.c
Invoking: AVR Compiler
avr-gcc -Wall -g2 -gstabs -O0 -fpack-struct -fshort-enums -ffunction-sections -fdata-sections -std=gnu99 -funsigned-char -funsigned-bitfields -mmcu=atmega16 -DF_CPU=1000000UL -MMD -MP -MF"testt.d" -MT"testt.o" -c -o "testt.o" "../testt.c"
In file included from ../gpio.h:16,
                 from ../testt.c:1:
../std_types.h:42:1: warning: "F_CPU" redefined
<command-line>: warning: this is the location of the previous definition
../testt.c: In function 'main':
../testt.c:8: error: 'wait_3' undeclared (first use in this function)
../testt.c:8: error: (Each undeclared identifier is reported only once
../testt.c:8: error: for each function it appears in.)
../testt.c: In function 'wait_3':
../testt.c:20: error: lvalue required as left operand of assignment
make: *** [testt.o] Error 1
"make all" terminated with exit code 2. Build might be incomplete.
16:03:00 **** Incremental Build of configuration Debug for project Control_ECU ****
make all 
Invoking: Print Size
avr-size --format=avr --mcu=atmega16 Control_ECU.elf
AVR Memory Usage
----------------
Device: atmega16

Program:    9442 bytes (57.6% Full)
(.text + .data + .bootloader)

Data:         71 bytes (6.9% Full)
(.data + .bss + .noinit)


Finished building: sizedummy
 
16:03:00 **** Incremental Build of configuration Debug for project Hmi_ECU ****
make all 
Invoking: Print Size
avr-size --format=avr --mcu=atmega16 Hmi_ECU.elf
AVR Memory Usage
----------------
Device: atmega16

Program:   13938 bytes (85.1% Full)
(.text + .data + .bootloader)

Data:        176 bytes (17.2% Full)
(.data + .bss + .noinit)


Finished building: sizedummy
 
16:03:01 **** Incremental Build of configuration Debug for project test ****
make all 
Building file: ../testt.c
Invoking: AVR Compiler
avr-gcc -Wall -g2 -gstabs -O0 -fpack-struct -fshort-enums -ffunction-sections -fdata-sections -std=gnu99 -funsigned-char -funsigned-bitfields -mmcu=atmega16 -DF_CPU=1000000UL -MMD -MP -MF"testt.d" -MT"testt.o" -c -o "testt.o" "../testt.c"
In file included from ../gpio.h:16,
                 from ../testt.c:1:
../std_types.h:42:1: warning: "F_CPU" redefined
<command-line>: warning: this is the location of the previous definition
../testt.c: In function 'wait_3':
../testt.c:20: error: lvalue required as left operand of assignment
make: *** [testt.o] Error 1
"make all" terminated with exit code 2. Build might be incomplete.
16:03:42 **** Incremental Build of configuration Debug for project Control_ECU ****
make all 
Invoking: Print Size
avr-size --format=avr --mcu=atmega16 Control_ECU.elf
AVR Memory Usage
----------------
Device: atmega16

Program:    9442 bytes (57.6% Full)
(.text + .data + .bootloader)

Data:         71 bytes (6.9% Full)
(.data + .bss + .noinit)


Finished building: sizedummy
 
16:03:42 **** Incremental Build of configuration Debug for project Hmi_ECU ****
make all 
Invoking: Print Size
avr-size --format=avr --mcu=atmega16 Hmi_ECU.elf
AVR Memory Usage
----------------
Device: atmega16

Program:   13938 bytes (85.1% Full)
(.text + .data + .bootloader)

Data:        176 bytes (17.2% Full)
(.data + .bss + .noinit)


Finished building: sizedummy
 
16:03:43 **** Incremental Build of configuration Debug for project test ****
make all 
Building file: ../testt.c
Invoking: AVR Compiler
avr-gcc -Wall -g2 -gstabs -O0 -fpack-struct -fshort-enums -ffunction-sections -fdata-sections -std=gnu99 -funsigned-char -funsigned-bitfields -mmcu=atmega16 -DF_CPU=1000000UL -MMD -MP -MF"testt.d" -MT"testt.o" -c -o "testt.o" "../testt.c"
In file included from ../gpio.h:16,
                 from ../testt.c:1:
../std_types.h:42:1: warning: "F_CPU" redefined
<command-line>: warning: this is the location of the previous definition
../testt.c: In function 'wait_3':
../testt.c:21: error: lvalue required as left operand of assignment
make: *** [testt.o] Error 1
"make all" terminated with exit code 2. Build might be incomplete.
16:05:24 **** Incremental Build of configuration Debug for project Control_ECU ****
make all 
Invoking: Print Size
avr-size --format=avr --mcu=atmega16 Control_ECU.elf
AVR Memory Usage
----------------
Device: atmega16

Program:    9442 bytes (57.6% Full)
(.text + .data + .bootloader)

Data:         71 bytes (6.9% Full)
(.data + .bss + .noinit)


Finished building: sizedummy
 
16:05:24 **** Incremental Build of configuration Debug for project Hmi_ECU ****
make all 
Invoking: Print Size
avr-size --format=avr --mcu=atmega16 Hmi_ECU.elf
AVR Memory Usage
----------------
Device: atmega16

Program:   13938 bytes (85.1% Full)
(.text + .data + .bootloader)

Data:        176 bytes (17.2% Full)
(.data + .bss + .noinit)


Finished building: sizedummy
 
16:05:25 **** Incremental Build of configuration Debug for project test ****
make all 
Building file: ../testt.c
Invoking: AVR Compiler
avr-gcc -Wall -g2 -gstabs -O0 -fpack-struct -fshort-enums -ffunction-sections -fdata-sections -std=gnu99 -funsigned-char -funsigned-bitfields -mmcu=atmega16 -DF_CPU=1000000UL -MMD -MP -MF"testt.d" -MT"testt.o" -c -o "testt.o" "../testt.c"
In file included from ../gpio.h:16,
                 from ../testt.c:1:
../std_types.h:42:1: warning: "F_CPU" redefined
<command-line>: warning: this is the location of the previous definition
../testt.c: In function 'wait_3':
../testt.c:22: error: lvalue required as left operand of assignment
make: *** [testt.o] Error 1
"make all" terminated with exit code 2. Build might be incomplete.
16:07:04 **** Incremental Build of configuration Debug for project Control_ECU ****
make all 
Invoking: Print Size
avr-size --format=avr --mcu=atmega16 Control_ECU.elf
AVR Memory Usage
----------------
Device: atmega16

Program:    9442 bytes (57.6% Full)
(.text + .data + .bootloader)

Data:         71 bytes (6.9% Full)
(.data + .bss + .noinit)


Finished building: sizedummy
 
16:07:04 **** Incremental Build of configuration Debug for project Hmi_ECU ****
make all 
Invoking: Print Size
avr-size --format=avr --mcu=atmega16 Hmi_ECU.elf
AVR Memory Usage
----------------
Device: atmega16

Program:   13938 bytes (85.1% Full)
(.text + .data + .bootloader)

Data:        176 bytes (17.2% Full)
(.data + .bss + .noinit)


Finished building: sizedummy
 
16:07:05 **** Incremental Build of configuration Debug for project test ****
make all 
Building file: ../testt.c
Invoking: AVR Compiler
avr-gcc -Wall -g2 -gstabs -O0 -fpack-struct -fshort-enums -ffunction-sections -fdata-sections -std=gnu99 -funsigned-char -funsigned-bitfields -mmcu=atmega16 -DF_CPU=1000000UL -MMD -MP -MF"testt.d" -MT"testt.o" -c -o "testt.o" "../testt.c"
In file included from ../gpio.h:16,
                 from ../testt.c:1:
../std_types.h:42:1: warning: "F_CPU" redefined
<command-line>: warning: this is the location of the previous definition
In file included from ../testt.c:4:
c:/winavr-20100110/lib/gcc/../../avr/include/avr/delay.h:36:2: warning: #warning "This file has been moved to <util/delay.h>."
In file included from c:/winavr-20100110/lib/gcc/../../avr/include/avr/delay.h:37,
                 from ../testt.c:4:
c:/winavr-20100110/lib/gcc/../../avr/include/util/delay.h:90:3: warning: #warning "Compiler optimizations disabled; functions from <util/delay.h> won't work as designed"
Finished building: ../testt.c
 
Building file: ../timer0.c
Invoking: AVR Compiler
avr-gcc -Wall -g2 -gstabs -O0 -fpack-struct -fshort-enums -ffunction-sections -fdata-sections -std=gnu99 -funsigned-char -funsigned-bitfields -mmcu=atmega16 -DF_CPU=1000000UL -MMD -MP -MF"timer0.d" -MT"timer0.o" -c -o "timer0.o" "../timer0.c"
In file included from ../timer0.h:2,
                 from ../timer0.c:1:
../std_types.h:42:1: warning: "F_CPU" redefined
<command-line>: warning: this is the location of the previous definition
../timer0.c: In function 'Timer0_SetcallBack':
../timer0.c:50: warning: function return types not compatible due to 'volatile'
Finished building: ../timer0.c
 
Building target: test.elf
Invoking: AVR C Linker
avr-gcc -Wl,-Map,test.map -mmcu=atmega16 -o "test.elf"  ./gpio.o ./testt.o ./timer0.o   
Finished building target: test.elf
 
Invoking: AVR Create Extended Listing
avr-objdump -h -S test.elf  >"test.lss"
Finished building: test.lss
 
Invoking: Print Size
avr-size --format=avr --mcu=atmega16 test.elf
AVR Memory Usage
----------------
Device: atmega16

Program:    5572 bytes (34.0% Full)
(.text + .data + .bootloader)

Data:         17 bytes (1.7% Full)
(.data + .bss + .noinit)


Finished building: sizedummy
 
16:09:38 **** Incremental Build of configuration Debug for project Control_ECU ****
make all 
Invoking: Print Size
avr-size --format=avr --mcu=atmega16 Control_ECU.elf
AVR Memory Usage
----------------
Device: atmega16

Program:    9442 bytes (57.6% Full)
(.text + .data + .bootloader)

Data:         71 bytes (6.9% Full)
(.data + .bss + .noinit)


Finished building: sizedummy
 
16:09:39 **** Incremental Build of configuration Debug for project Hmi_ECU ****
make all 
Invoking: Print Size
avr-size --format=avr --mcu=atmega16 Hmi_ECU.elf
AVR Memory Usage
----------------
Device: atmega16

Program:   13938 bytes (85.1% Full)
(.text + .data + .bootloader)

Data:        176 bytes (17.2% Full)
(.data + .bss + .noinit)


Finished building: sizedummy
 
16:09:39 **** Incremental Build of configuration Debug for project test ****
make all 
Building file: ../testt.c
Invoking: AVR Compiler
avr-gcc -Wall -g2 -gstabs -O0 -fpack-struct -fshort-enums -ffunction-sections -fdata-sections -std=gnu99 -funsigned-char -funsigned-bitfields -mmcu=atmega16 -DF_CPU=1000000UL -MMD -MP -MF"testt.d" -MT"testt.o" -c -o "testt.o" "../testt.c"
In file included from ../gpio.h:16,
                 from ../testt.c:1:
../std_types.h:42:1: warning: "F_CPU" redefined
<command-line>: warning: this is the location of the previous definition
In file included from ../testt.c:4:
c:/winavr-20100110/lib/gcc/../../avr/include/avr/delay.h:36:2: warning: #warning "This file has been moved to <util/delay.h>."
In file included from c:/winavr-20100110/lib/gcc/../../avr/include/avr/delay.h:37,
                 from ../testt.c:4:
c:/winavr-20100110/lib/gcc/../../avr/include/util/delay.h:90:3: warning: #warning "Compiler optimizations disabled; functions from <util/delay.h> won't work as designed"
Finished building: ../testt.c
 
Building target: test.elf
Invoking: AVR C Linker
avr-gcc -Wl,-Map,test.map -mmcu=atmega16 -o "test.elf"  ./gpio.o ./testt.o ./timer0.o   
Finished building target: test.elf
 
Invoking: AVR Create Extended Listing
avr-objdump -h -S test.elf  >"test.lss"
Finished building: test.lss
 
Invoking: Print Size
avr-size --format=avr --mcu=atmega16 test.elf
AVR Memory Usage
----------------
Device: atmega16

Program:    2466 bytes (15.1% Full)
(.text + .data + .bootloader)

Data:          9 bytes (0.9% Full)
(.data + .bss + .noinit)


Finished building: sizedummy
 
16:18:02 **** Incremental Build of configuration Debug for project Control_ECU ****
make all 
Invoking: Print Size
avr-size --format=avr --mcu=atmega16 Control_ECU.elf
AVR Memory Usage
----------------
Device: atmega16

Program:    9442 bytes (57.6% Full)
(.text + .data + .bootloader)

Data:         71 bytes (6.9% Full)
(.data + .bss + .noinit)


Finished building: sizedummy
 
16:18:02 **** Incremental Build of configuration Debug for project Hmi_ECU ****
make all 
Invoking: Print Size
avr-size --format=avr --mcu=atmega16 Hmi_ECU.elf
AVR Memory Usage
----------------
Device: atmega16

Program:   13938 bytes (85.1% Full)
(.text + .data + .bootloader)

Data:        176 bytes (17.2% Full)
(.data + .bss + .noinit)


Finished building: sizedummy
 
16:18:03 **** Incremental Build of configuration Debug for project test ****
make all 
Building file: ../timer0.c
Invoking: AVR Compiler
avr-gcc -Wall -g2 -gstabs -O0 -fpack-struct -fshort-enums -ffunction-sections -fdata-sections -std=gnu99 -funsigned-char -funsigned-bitfields -mmcu=atmega16 -DF_CPU=1000000UL -MMD -MP -MF"timer0.d" -MT"timer0.o" -c -o "timer0.o" "../timer0.c"
In file included from ../timer0.h:2,
                 from ../timer0.c:1:
../std_types.h:42:1: warning: "F_CPU" redefined
<command-line>: warning: this is the location of the previous definition
../timer0.c: In function 'Timer0_SetcallBack':
../timer0.c:51: warning: function return types not compatible due to 'volatile'
Finished building: ../timer0.c
 
Building target: test.elf
Invoking: AVR C Linker
avr-gcc -Wl,-Map,test.map -mmcu=atmega16 -o "test.elf"  ./gpio.o ./testt.o ./timer0.o   
Finished building target: test.elf
 
Invoking: AVR Create Extended Listing
avr-objdump -h -S test.elf  >"test.lss"
Finished building: test.lss
 
Invoking: Print Size
avr-size --format=avr --mcu=atmega16 test.elf
AVR Memory Usage
----------------
Device: atmega16

Program:    2466 bytes (15.1% Full)
(.text + .data + .bootloader)

Data:          9 bytes (0.9% Full)
(.data + .bss + .noinit)


Finished building: sizedummy
 
16:20:31 **** Incremental Build of configuration Debug for project Control_ECU ****
make all 
Invoking: Print Size
avr-size --format=avr --mcu=atmega16 Control_ECU.elf
AVR Memory Usage
----------------
Device: atmega16

Program:    9442 bytes (57.6% Full)
(.text + .data + .bootloader)

Data:         71 bytes (6.9% Full)
(.data + .bss + .noinit)


Finished building: sizedummy
 
16:20:32 **** Incremental Build of configuration Debug for project Hmi_ECU ****
make all 
Invoking: Print Size
avr-size --format=avr --mcu=atmega16 Hmi_ECU.elf
AVR Memory Usage
----------------
Device: atmega16

Program:   13938 bytes (85.1% Full)
(.text + .data + .bootloader)

Data:        176 bytes (17.2% Full)
(.data + .bss + .noinit)


Finished building: sizedummy
 
16:20:32 **** Incremental Build of configuration Debug for project test ****
make all 
Building file: ../timer0.c
Invoking: AVR Compiler
avr-gcc -Wall -g2 -gstabs -O0 -fpack-struct -fshort-enums -ffunction-sections -fdata-sections -std=gnu99 -funsigned-char -funsigned-bitfields -mmcu=atmega16 -DF_CPU=1000000UL -MMD -MP -MF"timer0.d" -MT"timer0.o" -c -o "timer0.o" "../timer0.c"
In file included from ../timer0.h:2,
                 from ../timer0.c:1:
../std_types.h:42:1: warning: "F_CPU" redefined
<command-line>: warning: this is the location of the previous definition
../timer0.c: In function 'Timer0_SetcallBack':
../timer0.c:52: warning: function return types not compatible due to 'volatile'
Finished building: ../timer0.c
 
Building target: test.elf
Invoking: AVR C Linker
avr-gcc -Wl,-Map,test.map -mmcu=atmega16 -o "test.elf"  ./gpio.o ./testt.o ./timer0.o   
Finished building target: test.elf
 
Invoking: AVR Create Extended Listing
avr-objdump -h -S test.elf  >"test.lss"
Finished building: test.lss
 
Invoking: Print Size
avr-size --format=avr --mcu=atmega16 test.elf
AVR Memory Usage
----------------
Device: atmega16

Program:    2480 bytes (15.1% Full)
(.text + .data + .bootloader)

Data:          9 bytes (0.9% Full)
(.data + .bss + .noinit)


Finished building: sizedummy
 
16:21:39 **** Incremental Build of configuration Debug for project Control_ECU ****
make all 
Invoking: Print Size
avr-size --format=avr --mcu=atmega16 Control_ECU.elf
AVR Memory Usage
----------------
Device: atmega16

Program:    9442 bytes (57.6% Full)
(.text + .data + .bootloader)

Data:         71 bytes (6.9% Full)
(.data + .bss + .noinit)


Finished building: sizedummy
 
16:21:40 **** Incremental Build of configuration Debug for project Hmi_ECU ****
make all 
Invoking: Print Size
avr-size --format=avr --mcu=atmega16 Hmi_ECU.elf
AVR Memory Usage
----------------
Device: atmega16

Program:   13938 bytes (85.1% Full)
(.text + .data + .bootloader)

Data:        176 bytes (17.2% Full)
(.data + .bss + .noinit)


Finished building: sizedummy
 
16:21:40 **** Incremental Build of configuration Debug for project test ****
make all 
Building file: ../testt.c
Invoking: AVR Compiler
avr-gcc -Wall -g2 -gstabs -O0 -fpack-struct -fshort-enums -ffunction-sections -fdata-sections -std=gnu99 -funsigned-char -funsigned-bitfields -mmcu=atmega16 -DF_CPU=1000000UL -MMD -MP -MF"testt.d" -MT"testt.o" -c -o "testt.o" "../testt.c"
In file included from ../gpio.h:16,
                 from ../testt.c:1:
../std_types.h:42:1: warning: "F_CPU" redefined
<command-line>: warning: this is the location of the previous definition
In file included from ../testt.c:4:
c:/winavr-20100110/lib/gcc/../../avr/include/avr/delay.h:36:2: warning: #warning "This file has been moved to <util/delay.h>."
In file included from c:/winavr-20100110/lib/gcc/../../avr/include/avr/delay.h:37,
                 from ../testt.c:4:
c:/winavr-20100110/lib/gcc/../../avr/include/util/delay.h:90:3: warning: #warning "Compiler optimizations disabled; functions from <util/delay.h> won't work as designed"
Finished building: ../testt.c
 
Building file: ../timer0.c
Invoking: AVR Compiler
avr-gcc -Wall -g2 -gstabs -O0 -fpack-struct -fshort-enums -ffunction-sections -fdata-sections -std=gnu99 -funsigned-char -funsigned-bitfields -mmcu=atmega16 -DF_CPU=1000000UL -MMD -MP -MF"timer0.d" -MT"timer0.o" -c -o "timer0.o" "../timer0.c"
In file included from ../timer0.h:2,
                 from ../timer0.c:1:
../std_types.h:42:1: warning: "F_CPU" redefined
<command-line>: warning: this is the location of the previous definition
../timer0.c: In function 'Timer0_SetcallBack':
../timer0.c:51: warning: function return types not compatible due to 'volatile'
Finished building: ../timer0.c
 
Building target: test.elf
Invoking: AVR C Linker
avr-gcc -Wl,-Map,test.map -mmcu=atmega16 -o "test.elf"  ./gpio.o ./testt.o ./timer0.o   
Finished building target: test.elf
 
Invoking: AVR Create Extended Listing
avr-objdump -h -S test.elf  >"test.lss"
Finished building: test.lss
 
Invoking: Print Size
avr-size --format=avr --mcu=atmega16 test.elf
AVR Memory Usage
----------------
Device: atmega16

Program:    2480 bytes (15.1% Full)
(.text + .data + .bootloader)

Data:          9 bytes (0.9% Full)
(.data + .bss + .noinit)


Finished building: sizedummy
 
16:28:09 **** Incremental Build of configuration Debug for project Control_ECU ****
make all 
Invoking: Print Size
avr-size --format=avr --mcu=atmega16 Control_ECU.elf
AVR Memory Usage
----------------
Device: atmega16

Program:    9442 bytes (57.6% Full)
(.text + .data + .bootloader)

Data:         71 bytes (6.9% Full)
(.data + .bss + .noinit)


Finished building: sizedummy
 
16:28:09 **** Incremental Build of configuration Debug for project Hmi_ECU ****
make all 
Invoking: Print Size
avr-size --format=avr --mcu=atmega16 Hmi_ECU.elf
AVR Memory Usage
----------------
Device: atmega16

Program:   13938 bytes (85.1% Full)
(.text + .data + .bootloader)

Data:        176 bytes (17.2% Full)
(.data + .bss + .noinit)


Finished building: sizedummy
 
16:28:10 **** Incremental Build of configuration Debug for project test ****
make all 
Invoking: Print Size
avr-size --format=avr --mcu=atmega16 test.elf
AVR Memory Usage
----------------
Device: atmega16

Program:    2480 bytes (15.1% Full)
(.text + .data + .bootloader)

Data:          9 bytes (0.9% Full)
(.data + .bss + .noinit)


Finished building: sizedummy
 
16:28:40 **** Incremental Build of configuration Debug for project Control_ECU ****
make all 
Invoking: Print Size
avr-size --format=avr --mcu=atmega16 Control_ECU.elf
AVR Memory Usage
----------------
Device: atmega16

Program:    9442 bytes (57.6% Full)
(.text + .data + .bootloader)

Data:         71 bytes (6.9% Full)
(.data + .bss + .noinit)


Finished building: sizedummy
 
16:28:41 **** Incremental Build of configuration Debug for project Hmi_ECU ****
make all 
Invoking: Print Size
avr-size --format=avr --mcu=atmega16 Hmi_ECU.elf
AVR Memory Usage
----------------
Device: atmega16

Program:   13938 bytes (85.1% Full)
(.text + .data + .bootloader)

Data:        176 bytes (17.2% Full)
(.data + .bss + .noinit)


Finished building: sizedummy
 
16:28:42 **** Incremental Build of configuration Debug for project test ****
make all 
Building file: ../testt.c
Invoking: AVR Compiler
avr-gcc -Wall -g2 -gstabs -O0 -fpack-struct -fshort-enums -ffunction-sections -fdata-sections -std=gnu99 -funsigned-char -funsigned-bitfields -mmcu=atmega16 -DF_CPU=1000000UL -MMD -MP -MF"testt.d" -MT"testt.o" -c -o "testt.o" "../testt.c"
In file included from ../gpio.h:16,
                 from ../testt.c:1:
../std_types.h:42:1: warning: "F_CPU" redefined
<command-line>: warning: this is the location of the previous definition
In file included from ../testt.c:4:
c:/winavr-20100110/lib/gcc/../../avr/include/avr/delay.h:36:2: warning: #warning "This file has been moved to <util/delay.h>."
In file included from c:/winavr-20100110/lib/gcc/../../avr/include/avr/delay.h:37,
                 from ../testt.c:4:
c:/winavr-20100110/lib/gcc/../../avr/include/util/delay.h:90:3: warning: #warning "Compiler optimizations disabled; functions from <util/delay.h> won't work as designed"
Finished building: ../testt.c
 
Building target: test.elf
Invoking: AVR C Linker
avr-gcc -Wl,-Map,test.map -mmcu=atmega16 -o "test.elf"  ./gpio.o ./testt.o ./timer0.o   
Finished building target: test.elf
 
Invoking: AVR Create Extended Listing
avr-objdump -h -S test.elf  >"test.lss"
Finished building: test.lss
 
Invoking: Print Size
avr-size --format=avr --mcu=atmega16 test.elf
AVR Memory Usage
----------------
Device: atmega16

Program:    2480 bytes (15.1% Full)
(.text + .data + .bootloader)

Data:          9 bytes (0.9% Full)
(.data + .bss + .noinit)


Finished building: sizedummy
 
16:29:36 **** Incremental Build of configuration Debug for project Control_ECU ****
make all 
Invoking: Print Size
avr-size --format=avr --mcu=atmega16 Control_ECU.elf
AVR Memory Usage
----------------
Device: atmega16

Program:    9442 bytes (57.6% Full)
(.text + .data + .bootloader)

Data:         71 bytes (6.9% Full)
(.data + .bss + .noinit)


Finished building: sizedummy
 
16:29:37 **** Incremental Build of configuration Debug for project Hmi_ECU ****
make all 
Invoking: Print Size
avr-size --format=avr --mcu=atmega16 Hmi_ECU.elf
AVR Memory Usage
----------------
Device: atmega16

Program:   13938 bytes (85.1% Full)
(.text + .data + .bootloader)

Data:        176 bytes (17.2% Full)
(.data + .bss + .noinit)


Finished building: sizedummy
 
16:29:37 **** Incremental Build of configuration Debug for project test ****
make all 
Building file: ../testt.c
Invoking: AVR Compiler
avr-gcc -Wall -g2 -gstabs -O0 -fpack-struct -fshort-enums -ffunction-sections -fdata-sections -std=gnu99 -funsigned-char -funsigned-bitfields -mmcu=atmega16 -DF_CPU=1000000UL -MMD -MP -MF"testt.d" -MT"testt.o" -c -o "testt.o" "../testt.c"
In file included from ../gpio.h:16,
                 from ../testt.c:1:
../std_types.h:42:1: warning: "F_CPU" redefined
<command-line>: warning: this is the location of the previous definition
In file included from ../testt.c:4:
c:/winavr-20100110/lib/gcc/../../avr/include/avr/delay.h:36:2: warning: #warning "This file has been moved to <util/delay.h>."
In file included from c:/winavr-20100110/lib/gcc/../../avr/include/avr/delay.h:37,
                 from ../testt.c:4:
c:/winavr-20100110/lib/gcc/../../avr/include/util/delay.h:90:3: warning: #warning "Compiler optimizations disabled; functions from <util/delay.h> won't work as designed"
Finished building: ../testt.c
 
Building target: test.elf
Invoking: AVR C Linker
avr-gcc -Wl,-Map,test.map -mmcu=atmega16 -o "test.elf"  ./gpio.o ./testt.o ./timer0.o   
Finished building target: test.elf
 
Invoking: AVR Create Extended Listing
avr-objdump -h -S test.elf  >"test.lss"
Finished building: test.lss
 
Invoking: Print Size
avr-size --format=avr --mcu=atmega16 test.elf
AVR Memory Usage
----------------
Device: atmega16

Program:    2486 bytes (15.2% Full)
(.text + .data + .bootloader)

Data:         11 bytes (1.1% Full)
(.data + .bss + .noinit)


Finished building: sizedummy
 
16:32:12 **** Incremental Build of configuration Debug for project Control_ECU ****
make all 
Invoking: Print Size
avr-size --format=avr --mcu=atmega16 Control_ECU.elf
AVR Memory Usage
----------------
Device: atmega16

Program:    9442 bytes (57.6% Full)
(.text + .data + .bootloader)

Data:         71 bytes (6.9% Full)
(.data + .bss + .noinit)


Finished building: sizedummy
 
16:32:13 **** Incremental Build of configuration Debug for project Hmi_ECU ****
make all 
Building file: ../Door_Security_System.c
Invoking: AVR Compiler
avr-gcc -Wall -g2 -gstabs -O0 -fpack-struct -fshort-enums -ffunction-sections -fdata-sections -std=gnu99 -funsigned-char -funsigned-bitfields -mmcu=atmega16 -DF_CPU=1000000UL -MMD -MP -MF"Door_Security_System.d" -MT"Door_Security_System.o" -c -o "Door_Security_System.o" "../Door_Security_System.c"
In file included from ../Door_Security_System.c:1:
c:/winavr-20100110/lib/gcc/../../avr/include/avr/delay.h:36:2: warning: #warning "This file has been moved to <util/delay.h>."
In file included from c:/winavr-20100110/lib/gcc/../../avr/include/avr/delay.h:37,
                 from ../Door_Security_System.c:1:
c:/winavr-20100110/lib/gcc/../../avr/include/util/delay.h:90:3: warning: #warning "Compiler optimizations disabled; functions from <util/delay.h> won't work as designed"
In file included from ../timer0.h:2,
                 from ../Door_Security_System.c:2:
../std_types.h:42:1: warning: "F_CPU" redefined
<command-line>: warning: this is the location of the previous definition
../Door_Security_System.c: In function 'main':
../Door_Security_System.c:28: warning: implicit declaration of function 'KEYPAD_getPressedKey'
Finished building: ../Door_Security_System.c
 
Building target: Hmi_ECU.elf
Invoking: AVR C Linker
avr-gcc -Wl,-Map,Hmi_ECU.map -mmcu=atmega16 -o "Hmi_ECU.elf"  ./Door_Security_System.o ./gpio.o ./keypad.o ./lcd.o ./timer0.o ./uart.o   
Finished building target: Hmi_ECU.elf
 
Invoking: AVR Create Extended Listing
avr-objdump -h -S Hmi_ECU.elf  >"Hmi_ECU.lss"
Finished building: Hmi_ECU.lss
 
Invoking: Print Size
avr-size --format=avr --mcu=atmega16 Hmi_ECU.elf
AVR Memory Usage
----------------
Device: atmega16

Program:   13968 bytes (85.3% Full)
(.text + .data + .bootloader)

Data:        180 bytes (17.6% Full)
(.data + .bss + .noinit)


Finished building: sizedummy
 
16:32:14 **** Incremental Build of configuration Debug for project test ****
make all 
Invoking: Print Size
avr-size --format=avr --mcu=atmega16 test.elf
AVR Memory Usage
----------------
Device: atmega16

Program:    2486 bytes (15.2% Full)
(.text + .data + .bootloader)

Data:         11 bytes (1.1% Full)
(.data + .bss + .noinit)


Finished building: sizedummy
 
16:33:52 **** Incremental Build of configuration Debug for project Control_ECU ****
make all 
Building file: ../Door_Security_System2.c
Invoking: AVR Compiler
avr-gcc -Wall -g2 -gstabs -O0 -fpack-struct -fshort-enums -ffunction-sections -fdata-sections -std=gnu99 -funsigned-char -funsigned-bitfields -mmcu=atmega16 -DF_CPU=1000000UL -MMD -MP -MF"Door_Security_System2.d" -MT"Door_Security_System2.o" -c -o "Door_Security_System2.o" "../Door_Security_System2.c"
In file included from ../Door_Security_System2.c:1:
../std_types.h:42:1: warning: "F_CPU" redefined
<command-line>: warning: this is the location of the previous definition
In file included from ../Door_Security_System2.c:9:
c:/winavr-20100110/lib/gcc/../../avr/include/avr/delay.h:36:2: warning: #warning "This file has been moved to <util/delay.h>."
In file included from c:/winavr-20100110/lib/gcc/../../avr/include/avr/delay.h:37,
                 from ../Door_Security_System2.c:9:
c:/winavr-20100110/lib/gcc/../../avr/include/util/delay.h:90:3: warning: #warning "Compiler optimizations disabled; functions from <util/delay.h> won't work as designed"
../Door_Security_System2.c: In function 'main':
../Door_Security_System2.c:44: warning: passing argument 2 of 'EEPROM_readByte' makes pointer from integer without a cast
../Door_Security_System2.c:81: warning: passing argument 2 of 'EEPROM_readByte' makes pointer from integer without a cast
Finished building: ../Door_Security_System2.c
 
Building target: Control_ECU.elf
Invoking: AVR C Linker
avr-gcc -Wl,-Map,Control_ECU.map -mmcu=atmega16 -o "Control_ECU.elf"  ./Door_Security_System2.o ./buzzer.o ./external_eeprom.o ./gpio.o ./motor.o ./pwm.o ./timer0.o ./twi.o ./uart.o   
Finished building target: Control_ECU.elf
 
Invoking: AVR Create Extended Listing
avr-objdump -h -S Control_ECU.elf  >"Control_ECU.lss"
Finished building: Control_ECU.lss
 
Invoking: Print Size
avr-size --format=avr --mcu=atmega16 Control_ECU.elf
AVR Memory Usage
----------------
Device: atmega16

Program:    9468 bytes (57.8% Full)
(.text + .data + .bootloader)

Data:         75 bytes (7.3% Full)
(.data + .bss + .noinit)


Finished building: sizedummy
 
16:33:53 **** Incremental Build of configuration Debug for project Hmi_ECU ****
make all 
Invoking: Print Size
avr-size --format=avr --mcu=atmega16 Hmi_ECU.elf
AVR Memory Usage
----------------
Device: atmega16

Program:   13968 bytes (85.3% Full)
(.text + .data + .bootloader)

Data:        180 bytes (17.6% Full)
(.data + .bss + .noinit)


Finished building: sizedummy
 
16:33:54 **** Incremental Build of configuration Debug for project test ****
make all 
Invoking: Print Size
avr-size --format=avr --mcu=atmega16 test.elf
AVR Memory Usage
----------------
Device: atmega16

Program:    2486 bytes (15.2% Full)
(.text + .data + .bootloader)

Data:         11 bytes (1.1% Full)
(.data + .bss + .noinit)


Finished building: sizedummy
 
17:03:10 **** Incremental Build of configuration Debug for project Control_ECU ****
make all 
Building file: ../Door_Security_System2.c
Invoking: AVR Compiler
avr-gcc -Wall -g2 -gstabs -O0 -fpack-struct -fshort-enums -ffunction-sections -fdata-sections -std=gnu99 -funsigned-char -funsigned-bitfields -mmcu=atmega16 -DF_CPU=1000000UL -MMD -MP -MF"Door_Security_System2.d" -MT"Door_Security_System2.o" -c -o "Door_Security_System2.o" "../Door_Security_System2.c"
In file included from ../Door_Security_System2.c:1:
../std_types.h:42:1: warning: "F_CPU" redefined
<command-line>: warning: this is the location of the previous definition
In file included from ../Door_Security_System2.c:9:
c:/winavr-20100110/lib/gcc/../../avr/include/avr/delay.h:36:2: warning: #warning "This file has been moved to <util/delay.h>."
In file included from c:/winavr-20100110/lib/gcc/../../avr/include/avr/delay.h:37,
                 from ../Door_Security_System2.c:9:
c:/winavr-20100110/lib/gcc/../../avr/include/util/delay.h:90:3: warning: #warning "Compiler optimizations disabled; functions from <util/delay.h> won't work as designed"
../Door_Security_System2.c: In function 'main':
../Door_Security_System2.c:45: warning: passing argument 2 of 'EEPROM_readByte' makes pointer from integer without a cast
../Door_Security_System2.c:81: warning: passing argument 2 of 'EEPROM_readByte' makes pointer from integer without a cast
Finished building: ../Door_Security_System2.c
 
Building target: Control_ECU.elf
Invoking: AVR C Linker
avr-gcc -Wl,-Map,Control_ECU.map -mmcu=atmega16 -o "Control_ECU.elf"  ./Door_Security_System2.o ./buzzer.o ./external_eeprom.o ./gpio.o ./motor.o ./pwm.o ./timer0.o ./twi.o ./uart.o   
Finished building target: Control_ECU.elf
 
Invoking: AVR Create Extended Listing
avr-objdump -h -S Control_ECU.elf  >"Control_ECU.lss"
Finished building: Control_ECU.lss
 
Invoking: Print Size
avr-size --format=avr --mcu=atmega16 Control_ECU.elf
AVR Memory Usage
----------------
Device: atmega16

Program:    9484 bytes (57.9% Full)
(.text + .data + .bootloader)

Data:         75 bytes (7.3% Full)
(.data + .bss + .noinit)


Finished building: sizedummy
 
17:03:11 **** Incremental Build of configuration Debug for project Hmi_ECU ****
make all 
Building file: ../Door_Security_System.c
Invoking: AVR Compiler
avr-gcc -Wall -g2 -gstabs -O0 -fpack-struct -fshort-enums -ffunction-sections -fdata-sections -std=gnu99 -funsigned-char -funsigned-bitfields -mmcu=atmega16 -DF_CPU=1000000UL -MMD -MP -MF"Door_Security_System.d" -MT"Door_Security_System.o" -c -o "Door_Security_System.o" "../Door_Security_System.c"
In file included from ../Door_Security_System.c:1:
c:/winavr-20100110/lib/gcc/../../avr/include/avr/delay.h:36:2: warning: #warning "This file has been moved to <util/delay.h>."
In file included from c:/winavr-20100110/lib/gcc/../../avr/include/avr/delay.h:37,
                 from ../Door_Security_System.c:1:
c:/winavr-20100110/lib/gcc/../../avr/include/util/delay.h:90:3: warning: #warning "Compiler optimizations disabled; functions from <util/delay.h> won't work as designed"
In file included from ../timer0.h:2,
                 from ../Door_Security_System.c:2:
../std_types.h:42:1: warning: "F_CPU" redefined
<command-line>: warning: this is the location of the previous definition
../Door_Security_System.c: In function 'main':
../Door_Security_System.c:28: warning: implicit declaration of function 'KEYPAD_getPressedKey'
Finished building: ../Door_Security_System.c
 
Building target: Hmi_ECU.elf
Invoking: AVR C Linker
avr-gcc -Wl,-Map,Hmi_ECU.map -mmcu=atmega16 -o "Hmi_ECU.elf"  ./Door_Security_System.o ./gpio.o ./keypad.o ./lcd.o ./timer0.o ./uart.o   
Finished building target: Hmi_ECU.elf
 
Invoking: AVR Create Extended Listing
avr-objdump -h -S Hmi_ECU.elf  >"Hmi_ECU.lss"
Finished building: Hmi_ECU.lss
 
Invoking: Print Size
avr-size --format=avr --mcu=atmega16 Hmi_ECU.elf
AVR Memory Usage
----------------
Device: atmega16

Program:   14418 bytes (88.0% Full)
(.text + .data + .bootloader)

Data:        180 bytes (17.6% Full)
(.data + .bss + .noinit)


Finished building: sizedummy
 
17:03:11 **** Incremental Build of configuration Debug for project test ****
make all 
Invoking: Print Size
avr-size --format=avr --mcu=atmega16 test.elf
AVR Memory Usage
----------------
Device: atmega16

Program:    2486 bytes (15.2% Full)
(.text + .data + .bootloader)

Data:         11 bytes (1.1% Full)
(.data + .bss + .noinit)


Finished building: sizedummy
 
17:12:40 **** Incremental Build of configuration Debug for project Control_ECU ****
make all 
Building file: ../Door_Security_System2.c
Invoking: AVR Compiler
avr-gcc -Wall -g2 -gstabs -O0 -fpack-struct -fshort-enums -ffunction-sections -fdata-sections -std=gnu99 -funsigned-char -funsigned-bitfields -mmcu=atmega16 -DF_CPU=1000000UL -MMD -MP -MF"Door_Security_System2.d" -MT"Door_Security_System2.o" -c -o "Door_Security_System2.o" "../Door_Security_System2.c"
In file included from ../Door_Security_System2.c:1:
../std_types.h:42:1: warning: "F_CPU" redefined
<command-line>: warning: this is the location of the previous definition
In file included from ../Door_Security_System2.c:10:
c:/winavr-20100110/lib/gcc/../../avr/include/avr/delay.h:36:2: warning: #warning "This file has been moved to <util/delay.h>."
In file included from c:/winavr-20100110/lib/gcc/../../avr/include/avr/delay.h:37,
                 from ../Door_Security_System2.c:10:
c:/winavr-20100110/lib/gcc/../../avr/include/util/delay.h:90:3: warning: #warning "Compiler optimizations disabled; functions from <util/delay.h> won't work as designed"
../Door_Security_System2.c: In function 'main':
../Door_Security_System2.c:46: warning: passing argument 2 of 'EEPROM_readByte' makes pointer from integer without a cast
../Door_Security_System2.c:83: warning: passing argument 2 of 'EEPROM_readByte' makes pointer from integer without a cast
Finished building: ../Door_Security_System2.c
 
Building target: Control_ECU.elf
Invoking: AVR C Linker
avr-gcc -Wl,-Map,Control_ECU.map -mmcu=atmega16 -o "Control_ECU.elf"  ./Door_Security_System2.o ./buzzer.o ./external_eeprom.o ./gpio.o ./motor.o ./pwm.o ./timer0.o ./twi.o ./uart.o   
Finished building target: Control_ECU.elf
 
Invoking: AVR Create Extended Listing
avr-objdump -h -S Control_ECU.elf  >"Control_ECU.lss"
Finished building: Control_ECU.lss
 
Invoking: Print Size
avr-size --format=avr --mcu=atmega16 Control_ECU.elf
AVR Memory Usage
----------------
Device: atmega16

Program:    9846 bytes (60.1% Full)
(.text + .data + .bootloader)

Data:         75 bytes (7.3% Full)
(.data + .bss + .noinit)


Finished building: sizedummy
 
17:12:40 **** Incremental Build of configuration Debug for project Hmi_ECU ****
make all 
Building file: ../Door_Security_System.c
Invoking: AVR Compiler
avr-gcc -Wall -g2 -gstabs -O0 -fpack-struct -fshort-enums -ffunction-sections -fdata-sections -std=gnu99 -funsigned-char -funsigned-bitfields -mmcu=atmega16 -DF_CPU=1000000UL -MMD -MP -MF"Door_Security_System.d" -MT"Door_Security_System.o" -c -o "Door_Security_System.o" "../Door_Security_System.c"
In file included from ../Door_Security_System.c:1:
c:/winavr-20100110/lib/gcc/../../avr/include/avr/delay.h:36:2: warning: #warning "This file has been moved to <util/delay.h>."
In file included from c:/winavr-20100110/lib/gcc/../../avr/include/avr/delay.h:37,
                 from ../Door_Security_System.c:1:
c:/winavr-20100110/lib/gcc/../../avr/include/util/delay.h:90:3: warning: #warning "Compiler optimizations disabled; functions from <util/delay.h> won't work as designed"
In file included from ../timer0.h:2,
                 from ../Door_Security_System.c:2:
../std_types.h:42:1: warning: "F_CPU" redefined
<command-line>: warning: this is the location of the previous definition
../Door_Security_System.c: In function 'main':
../Door_Security_System.c:28: warning: implicit declaration of function 'KEYPAD_getPressedKey'
Finished building: ../Door_Security_System.c
 
Building target: Hmi_ECU.elf
Invoking: AVR C Linker
avr-gcc -Wl,-Map,Hmi_ECU.map -mmcu=atmega16 -o "Hmi_ECU.elf"  ./Door_Security_System.o ./gpio.o ./keypad.o ./lcd.o ./timer0.o ./uart.o   
Finished building target: Hmi_ECU.elf
 
Invoking: AVR Create Extended Listing
avr-objdump -h -S Hmi_ECU.elf  >"Hmi_ECU.lss"
Finished building: Hmi_ECU.lss
 
Invoking: Print Size
avr-size --format=avr --mcu=atmega16 Hmi_ECU.elf
AVR Memory Usage
----------------
Device: atmega16

Program:   14434 bytes (88.1% Full)
(.text + .data + .bootloader)

Data:        180 bytes (17.6% Full)
(.data + .bss + .noinit)


Finished building: sizedummy
 
17:12:41 **** Build of configuration Debug for project Mini_Project3 ****
make all 
Building file: ../Temp_Fan_Control.c
Invoking: AVR Compiler
avr-gcc -Wall -g2 -gstabs -O0 -fpack-struct -fshort-enums -ffunction-sections -fdata-sections -std=gnu99 -funsigned-char -funsigned-bitfields -mmcu=atmega16 -DF_CPU=1000000UL -MMD -MP -MF"Temp_Fan_Control.d" -MT"Temp_Fan_Control.o" -c -o "Temp_Fan_Control.o" "../Temp_Fan_Control.c"
Finished building: ../Temp_Fan_Control.c
 
Building file: ../adc.c
Invoking: AVR Compiler
avr-gcc -Wall -g2 -gstabs -O0 -fpack-struct -fshort-enums -ffunction-sections -fdata-sections -std=gnu99 -funsigned-char -funsigned-bitfields -mmcu=atmega16 -DF_CPU=1000000UL -MMD -MP -MF"adc.d" -MT"adc.o" -c -o "adc.o" "../adc.c"
Finished building: ../adc.c
 
Building file: ../gpio.c
Invoking: AVR Compiler
avr-gcc -Wall -g2 -gstabs -O0 -fpack-struct -fshort-enums -ffunction-sections -fdata-sections -std=gnu99 -funsigned-char -funsigned-bitfields -mmcu=atmega16 -DF_CPU=1000000UL -MMD -MP -MF"gpio.d" -MT"gpio.o" -c -o "gpio.o" "../gpio.c"
Finished building: ../gpio.c
 
Building file: ../keypad.c
Invoking: AVR Compiler
avr-gcc -Wall -g2 -gstabs -O0 -fpack-struct -fshort-enums -ffunction-sections -fdata-sections -std=gnu99 -funsigned-char -funsigned-bitfields -mmcu=atmega16 -DF_CPU=1000000UL -MMD -MP -MF"keypad.d" -MT"keypad.o" -c -o "keypad.o" "../keypad.c"
Finished building: ../keypad.c
 
Building file: ../lcd.c
Invoking: AVR Compiler
avr-gcc -Wall -g2 -gstabs -O0 -fpack-struct -fshort-enums -ffunction-sections -fdata-sections -std=gnu99 -funsigned-char -funsigned-bitfields -mmcu=atmega16 -DF_CPU=1000000UL -MMD -MP -MF"lcd.d" -MT"lcd.o" -c -o "lcd.o" "../lcd.c"
In file included from ../lcd.c:13:
c:/winavr-20100110/lib/gcc/../../avr/include/util/delay.h:90:3: warning: #warning "Compiler optimizations disabled; functions from <util/delay.h> won't work as designed"
../lcd.c: In function 'LCD_intgerToString':
../lcd.c:145: warning: implicit declaration of function 'itoa'
Finished building: ../lcd.c
 
Building file: ../lm35_sensor.c
Invoking: AVR Compiler
avr-gcc -Wall -g2 -gstabs -O0 -fpack-struct -fshort-enums -ffunction-sections -fdata-sections -std=gnu99 -funsigned-char -funsigned-bitfields -mmcu=atmega16 -DF_CPU=1000000UL -MMD -MP -MF"lm35_sensor.d" -MT"lm35_sensor.o" -c -o "lm35_sensor.o" "../lm35_sensor.c"
Finished building: ../lm35_sensor.c
 
Building file: ../motor.c
Invoking: AVR Compiler
avr-gcc -Wall -g2 -gstabs -O0 -fpack-struct -fshort-enums -ffunction-sections -fdata-sections -std=gnu99 -funsigned-char -funsigned-bitfields -mmcu=atmega16 -DF_CPU=1000000UL -MMD -MP -MF"motor.d" -MT"motor.o" -c -o "motor.o" "../motor.c"
Finished building: ../motor.c
 
Building file: ../pwm.c
Invoking: AVR Compiler
avr-gcc -Wall -g2 -gstabs -O0 -fpack-struct -fshort-enums -ffunction-sections -fdata-sections -std=gnu99 -funsigned-char -funsigned-bitfields -mmcu=atmega16 -DF_CPU=1000000UL -MMD -MP -MF"pwm.d" -MT"pwm.o" -c -o "pwm.o" "../pwm.c"
Finished building: ../pwm.c
 
Building target: Mini_Project3.elf
Invoking: AVR C Linker
avr-gcc -Wl,-Map,Mini_Project3.map -mmcu=atmega16 -o "Mini_Project3.elf"  ./Temp_Fan_Control.o ./adc.o ./gpio.o ./keypad.o ./lcd.o ./lm35_sensor.o ./motor.o ./pwm.o   
Finished building target: Mini_Project3.elf
 
Invoking: AVR Create Extended Listing
avr-objdump -h -S Mini_Project3.elf  >"Mini_Project3.lss"
Finished building: Mini_Project3.lss
 
Invoking: Print Size
avr-size --format=avr --mcu=atmega16 Mini_Project3.elf
AVR Memory Usage
----------------
Device: atmega16

Program:    9934 bytes (60.6% Full)
(.text + .data + .bootloader)

Data:        298 bytes (29.1% Full)
(.data + .bss + .noinit)


Finished building: sizedummy
 
17:12:43 **** Incremental Build of configuration Debug for project test ****
make all 
Invoking: Print Size
avr-size --format=avr --mcu=atmega16 test.elf
AVR Memory Usage
----------------
Device: atmega16

Program:    2486 bytes (15.2% Full)
(.text + .data + .bootloader)

Data:         11 bytes (1.1% Full)
(.data + .bss + .noinit)


Finished building: sizedummy
 
17:24:33 **** Incremental Build of configuration Debug for project Control_ECU ****
make all 
Building file: ../Door_Security_System2.c
Invoking: AVR Compiler
avr-gcc -Wall -g2 -gstabs -O0 -fpack-struct -fshort-enums -ffunction-sections -fdata-sections -std=gnu99 -funsigned-char -funsigned-bitfields -mmcu=atmega16 -DF_CPU=1000000UL -MMD -MP -MF"Door_Security_System2.d" -MT"Door_Security_System2.o" -c -o "Door_Security_System2.o" "../Door_Security_System2.c"
In file included from ../Door_Security_System2.c:1:
../std_types.h:42:1: warning: "F_CPU" redefined
<command-line>: warning: this is the location of the previous definition
In file included from ../Door_Security_System2.c:10:
c:/winavr-20100110/lib/gcc/../../avr/include/avr/delay.h:36:2: warning: #warning "This file has been moved to <util/delay.h>."
In file included from c:/winavr-20100110/lib/gcc/../../avr/include/avr/delay.h:37,
                 from ../Door_Security_System2.c:10:
c:/winavr-20100110/lib/gcc/../../avr/include/util/delay.h:90:3: warning: #warning "Compiler optimizations disabled; functions from <util/delay.h> won't work as designed"
../Door_Security_System2.c: In function 'main':
../Door_Security_System2.c:46: warning: passing argument 2 of 'EEPROM_readByte' makes pointer from integer without a cast
../Door_Security_System2.c:82: warning: passing argument 2 of 'EEPROM_readByte' makes pointer from integer without a cast
Finished building: ../Door_Security_System2.c
 
Building file: ../timer0.c
Invoking: AVR Compiler
avr-gcc -Wall -g2 -gstabs -O0 -fpack-struct -fshort-enums -ffunction-sections -fdata-sections -std=gnu99 -funsigned-char -funsigned-bitfields -mmcu=atmega16 -DF_CPU=1000000UL -MMD -MP -MF"timer0.d" -MT"timer0.o" -c -o "timer0.o" "../timer0.c"
In file included from ../timer0.h:2,
                 from ../timer0.c:1:
../std_types.h:42:1: warning: "F_CPU" redefined
<command-line>: warning: this is the location of the previous definition
../timer0.c: In function 'Timer0_SetcallBack':
../timer0.c:49: warning: function return types not compatible due to 'volatile'
Finished building: ../timer0.c
 
Building target: Control_ECU.elf
Invoking: AVR C Linker
avr-gcc -Wl,-Map,Control_ECU.map -mmcu=atmega16 -o "Control_ECU.elf"  ./Door_Security_System2.o ./buzzer.o ./external_eeprom.o ./gpio.o ./motor.o ./pwm.o ./timer0.o ./twi.o ./uart.o   
Finished building target: Control_ECU.elf
 
Invoking: AVR Create Extended Listing
avr-objdump -h -S Control_ECU.elf  >"Control_ECU.lss"
Finished building: Control_ECU.lss
 
Invoking: Print Size
avr-size --format=avr --mcu=atmega16 Control_ECU.elf
AVR Memory Usage
----------------
Device: atmega16

Program:   11002 bytes (67.2% Full)
(.text + .data + .bootloader)

Data:         75 bytes (7.3% Full)
(.data + .bss + .noinit)


Finished building: sizedummy
 
17:24:33 **** Incremental Build of configuration Debug for project Hmi_ECU ****
make all 
Invoking: Print Size
avr-size --format=avr --mcu=atmega16 Hmi_ECU.elf
AVR Memory Usage
----------------
Device: atmega16

Program:   14434 bytes (88.1% Full)
(.text + .data + .bootloader)

Data:        180 bytes (17.6% Full)
(.data + .bss + .noinit)


Finished building: sizedummy
 
17:24:34 **** Incremental Build of configuration Debug for project Mini_Project3 ****
make all 
Invoking: Print Size
avr-size --format=avr --mcu=atmega16 Mini_Project3.elf
AVR Memory Usage
----------------
Device: atmega16

Program:    9934 bytes (60.6% Full)
(.text + .data + .bootloader)

Data:        298 bytes (29.1% Full)
(.data + .bss + .noinit)


Finished building: sizedummy
 
17:24:34 **** Incremental Build of configuration Debug for project test ****
make all 
Invoking: Print Size
avr-size --format=avr --mcu=atmega16 test.elf
AVR Memory Usage
----------------
Device: atmega16

Program:    2486 bytes (15.2% Full)
(.text + .data + .bootloader)

Data:         11 bytes (1.1% Full)
(.data + .bss + .noinit)


Finished building: sizedummy
 
17:27:05 **** Incremental Build of configuration Debug for project Control_ECU ****
make all 
Invoking: Print Size
avr-size --format=avr --mcu=atmega16 Control_ECU.elf
AVR Memory Usage
----------------
Device: atmega16

Program:   11002 bytes (67.2% Full)
(.text + .data + .bootloader)

Data:         75 bytes (7.3% Full)
(.data + .bss + .noinit)


Finished building: sizedummy
 
17:27:06 **** Incremental Build of configuration Debug for project Hmi_ECU ****
make all 
Building file: ../Door_Security_System.c
Invoking: AVR Compiler
avr-gcc -Wall -g2 -gstabs -O0 -fpack-struct -fshort-enums -ffunction-sections -fdata-sections -std=gnu99 -funsigned-char -funsigned-bitfields -mmcu=atmega16 -DF_CPU=1000000UL -MMD -MP -MF"Door_Security_System.d" -MT"Door_Security_System.o" -c -o "Door_Security_System.o" "../Door_Security_System.c"
In file included from ../Door_Security_System.c:1:
c:/winavr-20100110/lib/gcc/../../avr/include/avr/delay.h:36:2: warning: #warning "This file has been moved to <util/delay.h>."
In file included from c:/winavr-20100110/lib/gcc/../../avr/include/avr/delay.h:37,
                 from ../Door_Security_System.c:1:
c:/winavr-20100110/lib/gcc/../../avr/include/util/delay.h:90:3: warning: #warning "Compiler optimizations disabled; functions from <util/delay.h> won't work as designed"
In file included from ../timer0.h:2,
                 from ../Door_Security_System.c:2:
../std_types.h:42:1: warning: "F_CPU" redefined
<command-line>: warning: this is the location of the previous definition
../Door_Security_System.c: In function 'main':
../Door_Security_System.c:28: warning: implicit declaration of function 'KEYPAD_getPressedKey'
Finished building: ../Door_Security_System.c
 
Building target: Hmi_ECU.elf
Invoking: AVR C Linker
avr-gcc -Wl,-Map,Hmi_ECU.map -mmcu=atmega16 -o "Hmi_ECU.elf"  ./Door_Security_System.o ./gpio.o ./keypad.o ./lcd.o ./timer0.o ./uart.o   
Finished building target: Hmi_ECU.elf
 
Invoking: AVR Create Extended Listing
avr-objdump -h -S Hmi_ECU.elf  >"Hmi_ECU.lss"
Finished building: Hmi_ECU.lss
 
Invoking: Print Size
avr-size --format=avr --mcu=atmega16 Hmi_ECU.elf
AVR Memory Usage
----------------
Device: atmega16

Program:   14434 bytes (88.1% Full)
(.text + .data + .bootloader)

Data:        180 bytes (17.6% Full)
(.data + .bss + .noinit)


Finished building: sizedummy
 
17:27:06 **** Incremental Build of configuration Debug for project Mini_Project3 ****
make all 
Invoking: Print Size
avr-size --format=avr --mcu=atmega16 Mini_Project3.elf
AVR Memory Usage
----------------
Device: atmega16

Program:    9934 bytes (60.6% Full)
(.text + .data + .bootloader)

Data:        298 bytes (29.1% Full)
(.data + .bss + .noinit)


Finished building: sizedummy
 
17:27:07 **** Incremental Build of configuration Debug for project test ****
make all 
Invoking: Print Size
avr-size --format=avr --mcu=atmega16 test.elf
AVR Memory Usage
----------------
Device: atmega16

Program:    2486 bytes (15.2% Full)
(.text + .data + .bootloader)

Data:         11 bytes (1.1% Full)
(.data + .bss + .noinit)


Finished building: sizedummy
 
17:44:30 **** Incremental Build of configuration Debug for project Control_ECU ****
make all 
Invoking: Print Size
avr-size --format=avr --mcu=atmega16 Control_ECU.elf
AVR Memory Usage
----------------
Device: atmega16

Program:   11002 bytes (67.2% Full)
(.text + .data + .bootloader)

Data:         75 bytes (7.3% Full)
(.data + .bss + .noinit)


Finished building: sizedummy
 
17:44:30 **** Incremental Build of configuration Debug for project Hmi_ECU ****
make all 
Building file: ../Door_Security_System.c
Invoking: AVR Compiler
avr-gcc -Wall -g2 -gstabs -O0 -fpack-struct -fshort-enums -ffunction-sections -fdata-sections -std=gnu99 -funsigned-char -funsigned-bitfields -mmcu=atmega16 -DF_CPU=1000000UL -MMD -MP -MF"Door_Security_System.d" -MT"Door_Security_System.o" -c -o "Door_Security_System.o" "../Door_Security_System.c"
In file included from ../Door_Security_System.c:1:
c:/winavr-20100110/lib/gcc/../../avr/include/avr/delay.h:36:2: warning: #warning "This file has been moved to <util/delay.h>."
In file included from c:/winavr-20100110/lib/gcc/../../avr/include/avr/delay.h:37,
                 from ../Door_Security_System.c:1:
c:/winavr-20100110/lib/gcc/../../avr/include/util/delay.h:90:3: warning: #warning "Compiler optimizations disabled; functions from <util/delay.h> won't work as designed"
In file included from ../timer0.h:2,
                 from ../Door_Security_System.c:2:
../std_types.h:42:1: warning: "F_CPU" redefined
<command-line>: warning: this is the location of the previous definition
../Door_Security_System.c: In function 'main':
../Door_Security_System.c:28: warning: implicit declaration of function 'KEYPAD_getPressedKey'
Finished building: ../Door_Security_System.c
 
Building target: Hmi_ECU.elf
Invoking: AVR C Linker
avr-gcc -Wl,-Map,Hmi_ECU.map -mmcu=atmega16 -o "Hmi_ECU.elf"  ./Door_Security_System.o ./gpio.o ./keypad.o ./lcd.o ./timer0.o ./uart.o   
Finished building target: Hmi_ECU.elf
 
Invoking: AVR Create Extended Listing
avr-objdump -h -S Hmi_ECU.elf  >"Hmi_ECU.lss"
Finished building: Hmi_ECU.lss
 
Invoking: Print Size
avr-size --format=avr --mcu=atmega16 Hmi_ECU.elf
AVR Memory Usage
----------------
Device: atmega16

Program:   14434 bytes (88.1% Full)
(.text + .data + .bootloader)

Data:        180 bytes (17.6% Full)
(.data + .bss + .noinit)


Finished building: sizedummy
 
17:44:31 **** Incremental Build of configuration Debug for project Mini_Project3 ****
make all 
Invoking: Print Size
avr-size --format=avr --mcu=atmega16 Mini_Project3.elf
AVR Memory Usage
----------------
Device: atmega16

Program:    9934 bytes (60.6% Full)
(.text + .data + .bootloader)

Data:        298 bytes (29.1% Full)
(.data + .bss + .noinit)


Finished building: sizedummy
 
17:44:31 **** Incremental Build of configuration Debug for project test ****
make all 
Invoking: Print Size
avr-size --format=avr --mcu=atmega16 test.elf
AVR Memory Usage
----------------
Device: atmega16

Program:    2486 bytes (15.2% Full)
(.text + .data + .bootloader)

Data:         11 bytes (1.1% Full)
(.data + .bss + .noinit)


Finished building: sizedummy
 
17:48:32 **** Incremental Build of configuration Debug for project Control_ECU ****
make all 
Building file: ../Door_Security_System2.c
Invoking: AVR Compiler
avr-gcc -Wall -g2 -gstabs -O0 -fpack-struct -fshort-enums -ffunction-sections -fdata-sections -std=gnu99 -funsigned-char -funsigned-bitfields -mmcu=atmega16 -DF_CPU=1000000UL -MMD -MP -MF"Door_Security_System2.d" -MT"Door_Security_System2.o" -c -o "Door_Security_System2.o" "../Door_Security_System2.c"
In file included from ../Door_Security_System2.c:1:
../std_types.h:42:1: warning: "F_CPU" redefined
<command-line>: warning: this is the location of the previous definition
In file included from ../Door_Security_System2.c:10:
c:/winavr-20100110/lib/gcc/../../avr/include/avr/delay.h:36:2: warning: #warning "This file has been moved to <util/delay.h>."
In file included from c:/winavr-20100110/lib/gcc/../../avr/include/avr/delay.h:37,
                 from ../Door_Security_System2.c:10:
c:/winavr-20100110/lib/gcc/../../avr/include/util/delay.h:90:3: warning: #warning "Compiler optimizations disabled; functions from <util/delay.h> won't work as designed"
../Door_Security_System2.c: In function 'main':
../Door_Security_System2.c:46: warning: passing argument 2 of 'EEPROM_readByte' makes pointer from integer without a cast
../Door_Security_System2.c:82: warning: passing argument 2 of 'EEPROM_readByte' makes pointer from integer without a cast
Finished building: ../Door_Security_System2.c
 
Building file: ../motor.c
Invoking: AVR Compiler
avr-gcc -Wall -g2 -gstabs -O0 -fpack-struct -fshort-enums -ffunction-sections -fdata-sections -std=gnu99 -funsigned-char -funsigned-bitfields -mmcu=atmega16 -DF_CPU=1000000UL -MMD -MP -MF"motor.d" -MT"motor.o" -c -o "motor.o" "../motor.c"
In file included from ../gpio.h:16,
                 from ../motor.h:16,
                 from ../motor.c:15:
../std_types.h:42:1: warning: "F_CPU" redefined
<command-line>: warning: this is the location of the previous definition
Finished building: ../motor.c
 
Building target: Control_ECU.elf
Invoking: AVR C Linker
avr-gcc -Wl,-Map,Control_ECU.map -mmcu=atmega16 -o "Control_ECU.elf"  ./Door_Security_System2.o ./buzzer.o ./external_eeprom.o ./gpio.o ./motor.o ./pwm.o ./timer0.o ./twi.o ./uart.o   
Finished building target: Control_ECU.elf
 
Invoking: AVR Create Extended Listing
avr-objdump -h -S Control_ECU.elf  >"Control_ECU.lss"
Finished building: Control_ECU.lss
 
Invoking: Print Size
avr-size --format=avr --mcu=atmega16 Control_ECU.elf
AVR Memory Usage
----------------
Device: atmega16

Program:   10916 bytes (66.6% Full)
(.text + .data + .bootloader)

Data:         75 bytes (7.3% Full)
(.data + .bss + .noinit)


Finished building: sizedummy
 
17:48:33 **** Incremental Build of configuration Debug for project Hmi_ECU ****
make all 
Invoking: Print Size
avr-size --format=avr --mcu=atmega16 Hmi_ECU.elf
AVR Memory Usage
----------------
Device: atmega16

Program:   14434 bytes (88.1% Full)
(.text + .data + .bootloader)

Data:        180 bytes (17.6% Full)
(.data + .bss + .noinit)


Finished building: sizedummy
 
17:48:33 **** Incremental Build of configuration Debug for project Mini_Project3 ****
make all 
Invoking: Print Size
avr-size --format=avr --mcu=atmega16 Mini_Project3.elf
AVR Memory Usage
----------------
Device: atmega16

Program:    9934 bytes (60.6% Full)
(.text + .data + .bootloader)

Data:        298 bytes (29.1% Full)
(.data + .bss + .noinit)


Finished building: sizedummy
 
17:48:33 **** Incremental Build of configuration Debug for project test ****
make all 
Invoking: Print Size
avr-size --format=avr --mcu=atmega16 test.elf
AVR Memory Usage
----------------
Device: atmega16

Program:    2486 bytes (15.2% Full)
(.text + .data + .bootloader)

Data:         11 bytes (1.1% Full)
(.data + .bss + .noinit)


Finished building: sizedummy
 
17:52:46 **** Incremental Build of configuration Debug for project Control_ECU ****
make all 
Building file: ../Door_Security_System2.c
Invoking: AVR Compiler
avr-gcc -Wall -g2 -gstabs -O0 -fpack-struct -fshort-enums -ffunction-sections -fdata-sections -std=gnu99 -funsigned-char -funsigned-bitfields -mmcu=atmega16 -DF_CPU=1000000UL -MMD -MP -MF"Door_Security_System2.d" -MT"Door_Security_System2.o" -c -o "Door_Security_System2.o" "../Door_Security_System2.c"
In file included from ../Door_Security_System2.c:1:
../std_types.h:42:1: warning: "F_CPU" redefined
<command-line>: warning: this is the location of the previous definition
In file included from ../Door_Security_System2.c:9:
c:/winavr-20100110/lib/gcc/../../avr/include/avr/delay.h:36:2: warning: #warning "This file has been moved to <util/delay.h>."
In file included from c:/winavr-20100110/lib/gcc/../../avr/include/avr/delay.h:37,
                 from ../Door_Security_System2.c:9:
c:/winavr-20100110/lib/gcc/../../avr/include/util/delay.h:90:3: warning: #warning "Compiler optimizations disabled; functions from <util/delay.h> won't work as designed"
../Door_Security_System2.c: In function 'main':
../Door_Security_System2.c:45: warning: passing argument 2 of 'EEPROM_readByte' makes pointer from integer without a cast
../Door_Security_System2.c:81: warning: passing argument 2 of 'EEPROM_readByte' makes pointer from integer without a cast
Finished building: ../Door_Security_System2.c
 
Building target: Control_ECU.elf
Invoking: AVR C Linker
avr-gcc -Wl,-Map,Control_ECU.map -mmcu=atmega16 -o "Control_ECU.elf"  ./Door_Security_System2.o ./buzzer.o ./external_eeprom.o ./gpio.o ./motor.o ./pwm.o ./timer0.o ./twi.o ./uart.o   
Finished building target: Control_ECU.elf
 
Invoking: AVR Create Extended Listing
avr-objdump -h -S Control_ECU.elf  >"Control_ECU.lss"
Finished building: Control_ECU.lss
 
Invoking: Print Size
avr-size --format=avr --mcu=atmega16 Control_ECU.elf
AVR Memory Usage
----------------
Device: atmega16

Program:   10916 bytes (66.6% Full)
(.text + .data + .bootloader)

Data:         75 bytes (7.3% Full)
(.data + .bss + .noinit)


Finished building: sizedummy
 
17:52:46 **** Incremental Build of configuration Debug for project Hmi_ECU ****
make all 
Invoking: Print Size
avr-size --format=avr --mcu=atmega16 Hmi_ECU.elf
AVR Memory Usage
----------------
Device: atmega16

Program:   14434 bytes (88.1% Full)
(.text + .data + .bootloader)

Data:        180 bytes (17.6% Full)
(.data + .bss + .noinit)


Finished building: sizedummy
 
17:53:44 **** Incremental Build of configuration Debug for project Control_ECU ****
make all 
Invoking: Print Size
avr-size --format=avr --mcu=atmega16 Control_ECU.elf
AVR Memory Usage
----------------
Device: atmega16

Program:   10916 bytes (66.6% Full)
(.text + .data + .bootloader)

Data:         75 bytes (7.3% Full)
(.data + .bss + .noinit)


Finished building: sizedummy
 
17:53:45 **** Incremental Build of configuration Debug for project Hmi_ECU ****
make all 
Invoking: Print Size
avr-size --format=avr --mcu=atmega16 Hmi_ECU.elf
AVR Memory Usage
----------------
Device: atmega16

Program:   14434 bytes (88.1% Full)
(.text + .data + .bootloader)

Data:        180 bytes (17.6% Full)
(.data + .bss + .noinit)


Finished building: sizedummy
 
18:03:31 **** Incremental Build of configuration Debug for project Control_ECU ****
make all 
Invoking: Print Size
avr-size --format=avr --mcu=atmega16 Control_ECU.elf
AVR Memory Usage
----------------
Device: atmega16

Program:   10916 bytes (66.6% Full)
(.text + .data + .bootloader)

Data:         75 bytes (7.3% Full)
(.data + .bss + .noinit)


Finished building: sizedummy
 
18:03:32 **** Incremental Build of configuration Debug for project Hmi_ECU ****
make all 
Building file: ../Door_Security_System.c
Invoking: AVR Compiler
avr-gcc -Wall -g2 -gstabs -O0 -fpack-struct -fshort-enums -ffunction-sections -fdata-sections -std=gnu99 -funsigned-char -funsigned-bitfields -mmcu=atmega16 -DF_CPU=1000000UL -MMD -MP -MF"Door_Security_System.d" -MT"Door_Security_System.o" -c -o "Door_Security_System.o" "../Door_Security_System.c"
In file included from ../Door_Security_System.c:1:
c:/winavr-20100110/lib/gcc/../../avr/include/avr/delay.h:36:2: warning: #warning "This file has been moved to <util/delay.h>."
In file included from c:/winavr-20100110/lib/gcc/../../avr/include/avr/delay.h:37,
                 from ../Door_Security_System.c:1:
c:/winavr-20100110/lib/gcc/../../avr/include/util/delay.h:90:3: warning: #warning "Compiler optimizations disabled; functions from <util/delay.h> won't work as designed"
In file included from ../timer0.h:2,
                 from ../Door_Security_System.c:2:
../std_types.h:42:1: warning: "F_CPU" redefined
<command-line>: warning: this is the location of the previous definition
../Door_Security_System.c: In function 'main':
../Door_Security_System.c:29: warning: implicit declaration of function 'KEYPAD_getPressedKey'
Finished building: ../Door_Security_System.c
 
Building target: Hmi_ECU.elf
Invoking: AVR C Linker
avr-gcc -Wl,-Map,Hmi_ECU.map -mmcu=atmega16 -o "Hmi_ECU.elf"  ./Door_Security_System.o ./gpio.o ./keypad.o ./lcd.o ./timer0.o ./uart.o   
Finished building target: Hmi_ECU.elf
 
Invoking: AVR Create Extended Listing
avr-objdump -h -S Hmi_ECU.elf  >"Hmi_ECU.lss"
Finished building: Hmi_ECU.lss
 
Invoking: Print Size
avr-size --format=avr --mcu=atmega16 Hmi_ECU.elf
AVR Memory Usage
----------------
Device: atmega16

Program:   14422 bytes (88.0% Full)
(.text + .data + .bootloader)

Data:        182 bytes (17.8% Full)
(.data + .bss + .noinit)


Finished building: sizedummy
 
18:07:32 **** Incremental Build of configuration Debug for project Control_ECU ****
make all 
Invoking: Print Size
avr-size --format=avr --mcu=atmega16 Control_ECU.elf
AVR Memory Usage
----------------
Device: atmega16

Program:   10916 bytes (66.6% Full)
(.text + .data + .bootloader)

Data:         75 bytes (7.3% Full)
(.data + .bss + .noinit)


Finished building: sizedummy
 
18:07:32 **** Incremental Build of configuration Debug for project Hmi_ECU ****
make all 
Invoking: Print Size
avr-size --format=avr --mcu=atmega16 Hmi_ECU.elf
AVR Memory Usage
----------------
Device: atmega16

Program:   14422 bytes (88.0% Full)
(.text + .data + .bootloader)

Data:        182 bytes (17.8% Full)
(.data + .bss + .noinit)


Finished building: sizedummy
 
18:13:31 **** Incremental Build of configuration Debug for project Control_ECU ****
make all 
Invoking: Print Size
avr-size --format=avr --mcu=atmega16 Control_ECU.elf
AVR Memory Usage
----------------
Device: atmega16

Program:   10916 bytes (66.6% Full)
(.text + .data + .bootloader)

Data:         75 bytes (7.3% Full)
(.data + .bss + .noinit)


Finished building: sizedummy
 
18:13:31 **** Incremental Build of configuration Debug for project Hmi_ECU ****
make all 
Building file: ../Door_Security_System.c
Invoking: AVR Compiler
avr-gcc -Wall -g2 -gstabs -O0 -fpack-struct -fshort-enums -ffunction-sections -fdata-sections -std=gnu99 -funsigned-char -funsigned-bitfields -mmcu=atmega16 -DF_CPU=1000000UL -MMD -MP -MF"Door_Security_System.d" -MT"Door_Security_System.o" -c -o "Door_Security_System.o" "../Door_Security_System.c"
In file included from ../Door_Security_System.c:1:
c:/winavr-20100110/lib/gcc/../../avr/include/avr/delay.h:36:2: warning: #warning "This file has been moved to <util/delay.h>."
In file included from c:/winavr-20100110/lib/gcc/../../avr/include/avr/delay.h:37,
                 from ../Door_Security_System.c:1:
c:/winavr-20100110/lib/gcc/../../avr/include/util/delay.h:90:3: warning: #warning "Compiler optimizations disabled; functions from <util/delay.h> won't work as designed"
In file included from ../timer0.h:2,
                 from ../Door_Security_System.c:2:
../std_types.h:42:1: warning: "F_CPU" redefined
<command-line>: warning: this is the location of the previous definition
../Door_Security_System.c: In function 'main':
../Door_Security_System.c:29: warning: implicit declaration of function 'KEYPAD_getPressedKey'
Finished building: ../Door_Security_System.c
 
Building target: Hmi_ECU.elf
Invoking: AVR C Linker
avr-gcc -Wl,-Map,Hmi_ECU.map -mmcu=atmega16 -o "Hmi_ECU.elf"  ./Door_Security_System.o ./gpio.o ./keypad.o ./lcd.o ./timer0.o ./uart.o   
Finished building target: Hmi_ECU.elf
 
Invoking: AVR Create Extended Listing
avr-objdump -h -S Hmi_ECU.elf  >"Hmi_ECU.lss"
Finished building: Hmi_ECU.lss
 
Invoking: Print Size
avr-size --format=avr --mcu=atmega16 Hmi_ECU.elf
AVR Memory Usage
----------------
Device: atmega16

Program:   14422 bytes (88.0% Full)
(.text + .data + .bootloader)

Data:        182 bytes (17.8% Full)
(.data + .bss + .noinit)


Finished building: sizedummy
 
18:15:38 **** Incremental Build of configuration Debug for project Control_ECU ****
make all 
Invoking: Print Size
avr-size --format=avr --mcu=atmega16 Control_ECU.elf
AVR Memory Usage
----------------
Device: atmega16

Program:   10916 bytes (66.6% Full)
(.text + .data + .bootloader)

Data:         75 bytes (7.3% Full)
(.data + .bss + .noinit)


Finished building: sizedummy
 
18:15:38 **** Incremental Build of configuration Debug for project Hmi_ECU ****
make all 
Building file: ../Door_Security_System.c
Invoking: AVR Compiler
avr-gcc -Wall -g2 -gstabs -O0 -fpack-struct -fshort-enums -ffunction-sections -fdata-sections -std=gnu99 -funsigned-char -funsigned-bitfields -mmcu=atmega16 -DF_CPU=1000000UL -MMD -MP -MF"Door_Security_System.d" -MT"Door_Security_System.o" -c -o "Door_Security_System.o" "../Door_Security_System.c"
In file included from ../Door_Security_System.c:1:
c:/winavr-20100110/lib/gcc/../../avr/include/avr/delay.h:36:2: warning: #warning "This file has been moved to <util/delay.h>."
In file included from c:/winavr-20100110/lib/gcc/../../avr/include/avr/delay.h:37,
                 from ../Door_Security_System.c:1:
c:/winavr-20100110/lib/gcc/../../avr/include/util/delay.h:90:3: warning: #warning "Compiler optimizations disabled; functions from <util/delay.h> won't work as designed"
In file included from ../timer0.h:2,
                 from ../Door_Security_System.c:2:
../std_types.h:42:1: warning: "F_CPU" redefined
<command-line>: warning: this is the location of the previous definition
../Door_Security_System.c: In function 'main':
../Door_Security_System.c:29: warning: implicit declaration of function 'KEYPAD_getPressedKey'
Finished building: ../Door_Security_System.c
 
Building target: Hmi_ECU.elf
Invoking: AVR C Linker
avr-gcc -Wl,-Map,Hmi_ECU.map -mmcu=atmega16 -o "Hmi_ECU.elf"  ./Door_Security_System.o ./gpio.o ./keypad.o ./lcd.o ./timer0.o ./uart.o   
Finished building target: Hmi_ECU.elf
 
Invoking: AVR Create Extended Listing
avr-objdump -h -S Hmi_ECU.elf  >"Hmi_ECU.lss"
Finished building: Hmi_ECU.lss
 
Invoking: Print Size
avr-size --format=avr --mcu=atmega16 Hmi_ECU.elf
AVR Memory Usage
----------------
Device: atmega16

Program:   14422 bytes (88.0% Full)
(.text + .data + .bootloader)

Data:        182 bytes (17.8% Full)
(.data + .bss + .noinit)


Finished building: sizedummy
 
11:23:46 **** Incremental Build of configuration Debug for project Control_ECU ****
make all 
Building file: ../Door_Security_System2.c
Invoking: AVR Compiler
avr-gcc -Wall -g2 -gstabs -O0 -fpack-struct -fshort-enums -ffunction-sections -fdata-sections -std=gnu99 -funsigned-char -funsigned-bitfields -mmcu=atmega16 -DF_CPU=1000000UL -MMD -MP -MF"Door_Security_System2.d" -MT"Door_Security_System2.o" -c -o "Door_Security_System2.o" "../Door_Security_System2.c"
In file included from ../Door_Security_System2.c:1:
../std_types.h:42:1: warning: "F_CPU" redefined
<command-line>: warning: this is the location of the previous definition
In file included from ../Door_Security_System2.c:9:
c:/winavr-20100110/lib/gcc/../../avr/include/avr/delay.h:36:2: warning: #warning "This file has been moved to <util/delay.h>."
In file included from c:/winavr-20100110/lib/gcc/../../avr/include/avr/delay.h:37,
                 from ../Door_Security_System2.c:9:
c:/winavr-20100110/lib/gcc/../../avr/include/util/delay.h:90:3: warning: #warning "Compiler optimizations disabled; functions from <util/delay.h> won't work as designed"
../Door_Security_System2.c: In function 'main':
../Door_Security_System2.c:45: warning: passing argument 2 of 'EEPROM_readByte' makes pointer from integer without a cast
../Door_Security_System2.c:64: warning: large integer implicitly truncated to unsigned type
../Door_Security_System2.c:81: warning: passing argument 2 of 'EEPROM_readByte' makes pointer from integer without a cast
Finished building: ../Door_Security_System2.c
 
Building file: ../buzzer.c
Invoking: AVR Compiler
avr-gcc -Wall -g2 -gstabs -O0 -fpack-struct -fshort-enums -ffunction-sections -fdata-sections -std=gnu99 -funsigned-char -funsigned-bitfields -mmcu=atmega16 -DF_CPU=1000000UL -MMD -MP -MF"buzzer.d" -MT"buzzer.o" -c -o "buzzer.o" "../buzzer.c"
In file included from ../gpio.h:16,
                 from ../buzzer.h:2,
                 from ../buzzer.c:1:
../std_types.h:42:1: warning: "F_CPU" redefined
<command-line>: warning: this is the location of the previous definition
Finished building: ../buzzer.c
 
Building file: ../external_eeprom.c
Invoking: AVR Compiler
avr-gcc -Wall -g2 -gstabs -O0 -fpack-struct -fshort-enums -ffunction-sections -fdata-sections -std=gnu99 -funsigned-char -funsigned-bitfields -mmcu=atmega16 -DF_CPU=1000000UL -MMD -MP -MF"external_eeprom.d" -MT"external_eeprom.o" -c -o "external_eeprom.o" "../external_eeprom.c"
In file included from ../external_eeprom.h:17,
                 from ../external_eeprom.c:12:
../std_types.h:42:1: warning: "F_CPU" redefined
<command-line>: warning: this is the location of the previous definition
Finished building: ../external_eeprom.c
 
Building file: ../gpio.c
Invoking: AVR Compiler
avr-gcc -Wall -g2 -gstabs -O0 -fpack-struct -fshort-enums -ffunction-sections -fdata-sections -std=gnu99 -funsigned-char -funsigned-bitfields -mmcu=atmega16 -DF_CPU=1000000UL -MMD -MP -MF"gpio.d" -MT"gpio.o" -c -o "gpio.o" "../gpio.c"
In file included from ../gpio.h:16,
                 from ../gpio.c:13:
../std_types.h:42:1: warning: "F_CPU" redefined
<command-line>: warning: this is the location of the previous definition
Finished building: ../gpio.c
 
Building file: ../motor.c
Invoking: AVR Compiler
avr-gcc -Wall -g2 -gstabs -O0 -fpack-struct -fshort-enums -ffunction-sections -fdata-sections -std=gnu99 -funsigned-char -funsigned-bitfields -mmcu=atmega16 -DF_CPU=1000000UL -MMD -MP -MF"motor.d" -MT"motor.o" -c -o "motor.o" "../motor.c"
In file included from ../gpio.h:16,
                 from ../motor.h:16,
                 from ../motor.c:15:
../std_types.h:42:1: warning: "F_CPU" redefined
<command-line>: warning: this is the location of the previous definition
Finished building: ../motor.c
 
Building file: ../pwm.c
Invoking: AVR Compiler
avr-gcc -Wall -g2 -gstabs -O0 -fpack-struct -fshort-enums -ffunction-sections -fdata-sections -std=gnu99 -funsigned-char -funsigned-bitfields -mmcu=atmega16 -DF_CPU=1000000UL -MMD -MP -MF"pwm.d" -MT"pwm.o" -c -o "pwm.o" "../pwm.c"
In file included from ../gpio.h:16,
                 from ../pwm.h:14,
                 from ../pwm.c:15:
../std_types.h:42:1: warning: "F_CPU" redefined
<command-line>: warning: this is the location of the previous definition
Finished building: ../pwm.c
 
Building file: ../timer0.c
Invoking: AVR Compiler
avr-gcc -Wall -g2 -gstabs -O0 -fpack-struct -fshort-enums -ffunction-sections -fdata-sections -std=gnu99 -funsigned-char -funsigned-bitfields -mmcu=atmega16 -DF_CPU=1000000UL -MMD -MP -MF"timer0.d" -MT"timer0.o" -c -o "timer0.o" "../timer0.c"
In file included from ../timer0.h:2,
                 from ../timer0.c:1:
../std_types.h:42:1: warning: "F_CPU" redefined
<command-line>: warning: this is the location of the previous definition
../timer0.c: In function 'Timer0_SetcallBack':
../timer0.c:49: warning: function return types not compatible due to 'volatile'
Finished building: ../timer0.c
 
Building file: ../twi.c
Invoking: AVR Compiler
avr-gcc -Wall -g2 -gstabs -O0 -fpack-struct -fshort-enums -ffunction-sections -fdata-sections -std=gnu99 -funsigned-char -funsigned-bitfields -mmcu=atmega16 -DF_CPU=1000000UL -MMD -MP -MF"twi.d" -MT"twi.o" -c -o "twi.o" "../twi.c"
In file included from ../twi.h:16,
                 from ../twi.c:13:
../std_types.h:42:1: warning: "F_CPU" redefined
<command-line>: warning: this is the location of the previous definition
Finished building: ../twi.c
 
Building file: ../uart.c
Invoking: AVR Compiler
avr-gcc -Wall -g2 -gstabs -O0 -fpack-struct -fshort-enums -ffunction-sections -fdata-sections -std=gnu99 -funsigned-char -funsigned-bitfields -mmcu=atmega16 -DF_CPU=1000000UL -MMD -MP -MF"uart.d" -MT"uart.o" -c -o "uart.o" "../uart.c"
In file included from ../uart.h:16,
                 from ../uart.c:13:
../std_types.h:42:1: warning: "F_CPU" redefined
<command-line>: warning: this is the location of the previous definition
Finished building: ../uart.c
 
Building target: Control_ECU.elf
Invoking: AVR C Linker
avr-gcc -Wl,-Map,Control_ECU.map -mmcu=atmega16 -o "Control_ECU.elf"  ./Door_Security_System2.o ./buzzer.o ./external_eeprom.o ./gpio.o ./motor.o ./pwm.o ./timer0.o ./twi.o ./uart.o   
Finished building target: Control_ECU.elf
 
Invoking: AVR Create Extended Listing
avr-objdump -h -S Control_ECU.elf  >"Control_ECU.lss"
Finished building: Control_ECU.lss
 
Invoking: Print Size
avr-size --format=avr --mcu=atmega16 Control_ECU.elf
AVR Memory Usage
----------------
Device: atmega16

Program:   10916 bytes (66.6% Full)
(.text + .data + .bootloader)

Data:         75 bytes (7.3% Full)
(.data + .bss + .noinit)


Finished building: sizedummy
 
11:23:50 **** Incremental Build of configuration Debug for project Hmi_ECU ****
make all 
Building file: ../Door_Security_System.c
Invoking: AVR Compiler
avr-gcc -Wall -g2 -gstabs -O0 -fpack-struct -fshort-enums -ffunction-sections -fdata-sections -std=gnu99 -funsigned-char -funsigned-bitfields -mmcu=atmega16 -DF_CPU=1000000UL -MMD -MP -MF"Door_Security_System.d" -MT"Door_Security_System.o" -c -o "Door_Security_System.o" "../Door_Security_System.c"
In file included from ../Door_Security_System.c:1:
c:/winavr-20100110/lib/gcc/../../avr/include/avr/delay.h:36:2: warning: #warning "This file has been moved to <util/delay.h>."
In file included from c:/winavr-20100110/lib/gcc/../../avr/include/avr/delay.h:37,
                 from ../Door_Security_System.c:1:
c:/winavr-20100110/lib/gcc/../../avr/include/util/delay.h:90:3: warning: #warning "Compiler optimizations disabled; functions from <util/delay.h> won't work as designed"
In file included from ../timer0.h:2,
                 from ../Door_Security_System.c:2:
../std_types.h:42:1: warning: "F_CPU" redefined
<command-line>: warning: this is the location of the previous definition
../Door_Security_System.c: In function 'main':
../Door_Security_System.c:29: warning: implicit declaration of function 'KEYPAD_getPressedKey'
Finished building: ../Door_Security_System.c
 
Building file: ../gpio.c
Invoking: AVR Compiler
avr-gcc -Wall -g2 -gstabs -O0 -fpack-struct -fshort-enums -ffunction-sections -fdata-sections -std=gnu99 -funsigned-char -funsigned-bitfields -mmcu=atmega16 -DF_CPU=1000000UL -MMD -MP -MF"gpio.d" -MT"gpio.o" -c -o "gpio.o" "../gpio.c"
In file included from ../gpio.h:16,
                 from ../gpio.c:13:
../std_types.h:42:1: warning: "F_CPU" redefined
<command-line>: warning: this is the location of the previous definition
Finished building: ../gpio.c
 
Building file: ../keypad.c
Invoking: AVR Compiler
avr-gcc -Wall -g2 -gstabs -O0 -fpack-struct -fshort-enums -ffunction-sections -fdata-sections -std=gnu99 -funsigned-char -funsigned-bitfields -mmcu=atmega16 -DF_CPU=1000000UL -MMD -MP -MF"keypad.d" -MT"keypad.o" -c -o "keypad.o" "../keypad.c"
In file included from ../keypad.h:16,
                 from ../keypad.c:13:
../std_types.h:42:1: warning: "F_CPU" redefined
<command-line>: warning: this is the location of the previous definition
Finished building: ../keypad.c
 
Building file: ../lcd.c
Invoking: AVR Compiler
avr-gcc -Wall -g2 -gstabs -O0 -fpack-struct -fshort-enums -ffunction-sections -fdata-sections -std=gnu99 -funsigned-char -funsigned-bitfields -mmcu=atmega16 -DF_CPU=1000000UL -MMD -MP -MF"lcd.d" -MT"lcd.o" -c -o "lcd.o" "../lcd.c"
In file included from ../lcd.c:13:
c:/winavr-20100110/lib/gcc/../../avr/include/util/delay.h:90:3: warning: #warning "Compiler optimizations disabled; functions from <util/delay.h> won't work as designed"
In file included from ../gpio.h:16,
                 from ../lcd.c:15:
../std_types.h:42:1: warning: "F_CPU" redefined
<command-line>: warning: this is the location of the previous definition
../lcd.c: In function 'LCD_intgerToString':
../lcd.c:146: warning: implicit declaration of function 'itoa'
Finished building: ../lcd.c
 
Building file: ../timer0.c
Invoking: AVR Compiler
avr-gcc -Wall -g2 -gstabs -O0 -fpack-struct -fshort-enums -ffunction-sections -fdata-sections -std=gnu99 -funsigned-char -funsigned-bitfields -mmcu=atmega16 -DF_CPU=1000000UL -MMD -MP -MF"timer0.d" -MT"timer0.o" -c -o "timer0.o" "../timer0.c"
In file included from ../timer0.h:2,
                 from ../timer0.c:1:
../std_types.h:42:1: warning: "F_CPU" redefined
<command-line>: warning: this is the location of the previous definition
../timer0.c: In function 'Timer0_SetcallBack':
../timer0.c:50: warning: function return types not compatible due to 'volatile'
Finished building: ../timer0.c
 
Building file: ../uart.c
Invoking: AVR Compiler
avr-gcc -Wall -g2 -gstabs -O0 -fpack-struct -fshort-enums -ffunction-sections -fdata-sections -std=gnu99 -funsigned-char -funsigned-bitfields -mmcu=atmega16 -DF_CPU=1000000UL -MMD -MP -MF"uart.d" -MT"uart.o" -c -o "uart.o" "../uart.c"
In file included from ../uart.h:16,
                 from ../uart.c:13:
../std_types.h:42:1: warning: "F_CPU" redefined
<command-line>: warning: this is the location of the previous definition
Finished building: ../uart.c
 
Building target: Hmi_ECU.elf
Invoking: AVR C Linker
avr-gcc -Wl,-Map,Hmi_ECU.map -mmcu=atmega16 -o "Hmi_ECU.elf"  ./Door_Security_System.o ./gpio.o ./keypad.o ./lcd.o ./timer0.o ./uart.o   
Finished building target: Hmi_ECU.elf
 
Invoking: AVR Create Extended Listing
avr-objdump -h -S Hmi_ECU.elf  >"Hmi_ECU.lss"
Finished building: Hmi_ECU.lss
 
Invoking: Print Size
avr-size --format=avr --mcu=atmega16 Hmi_ECU.elf
AVR Memory Usage
----------------
Device: atmega16

Program:   14426 bytes (88.0% Full)
(.text + .data + .bootloader)

Data:        182 bytes (17.8% Full)
(.data + .bss + .noinit)


Finished building: sizedummy
 
11:25:42 **** Incremental Build of configuration Debug for project Control_ECU ****
make all 
Invoking: Print Size
avr-size --format=avr --mcu=atmega16 Control_ECU.elf
AVR Memory Usage
----------------
Device: atmega16

Program:   10916 bytes (66.6% Full)
(.text + .data + .bootloader)

Data:         75 bytes (7.3% Full)
(.data + .bss + .noinit)


Finished building: sizedummy
 
11:25:42 **** Incremental Build of configuration Debug for project Hmi_ECU ****
make all 
Building file: ../Door_Security_System.c
Invoking: AVR Compiler
avr-gcc -Wall -g2 -gstabs -O0 -fpack-struct -fshort-enums -ffunction-sections -fdata-sections -std=gnu99 -funsigned-char -funsigned-bitfields -mmcu=atmega16 -DF_CPU=1000000UL -MMD -MP -MF"Door_Security_System.d" -MT"Door_Security_System.o" -c -o "Door_Security_System.o" "../Door_Security_System.c"
In file included from ../Door_Security_System.c:1:
c:/winavr-20100110/lib/gcc/../../avr/include/avr/delay.h:36:2: warning: #warning "This file has been moved to <util/delay.h>."
In file included from c:/winavr-20100110/lib/gcc/../../avr/include/avr/delay.h:37,
                 from ../Door_Security_System.c:1:
c:/winavr-20100110/lib/gcc/../../avr/include/util/delay.h:90:3: warning: #warning "Compiler optimizations disabled; functions from <util/delay.h> won't work as designed"
In file included from ../timer0.h:2,
                 from ../Door_Security_System.c:2:
../std_types.h:42:1: warning: "F_CPU" redefined
<command-line>: warning: this is the location of the previous definition
../Door_Security_System.c: In function 'main':
../Door_Security_System.c:29: warning: implicit declaration of function 'KEYPAD_getPressedKey'
Finished building: ../Door_Security_System.c
 
Building target: Hmi_ECU.elf
Invoking: AVR C Linker
avr-gcc -Wl,-Map,Hmi_ECU.map -mmcu=atmega16 -o "Hmi_ECU.elf"  ./Door_Security_System.o ./gpio.o ./keypad.o ./lcd.o ./timer0.o ./uart.o   
Finished building target: Hmi_ECU.elf
 
Invoking: AVR Create Extended Listing
avr-objdump -h -S Hmi_ECU.elf  >"Hmi_ECU.lss"
Finished building: Hmi_ECU.lss
 
Invoking: Print Size
avr-size --format=avr --mcu=atmega16 Hmi_ECU.elf
AVR Memory Usage
----------------
Device: atmega16

Program:   14440 bytes (88.1% Full)
(.text + .data + .bootloader)

Data:        182 bytes (17.8% Full)
(.data + .bss + .noinit)


Finished building: sizedummy
 
11:27:47 **** Incremental Build of configuration Debug for project Control_ECU ****
make all 
Building file: ../Door_Security_System2.c
Invoking: AVR Compiler
avr-gcc -Wall -g2 -gstabs -O0 -fpack-struct -fshort-enums -ffunction-sections -fdata-sections -std=gnu99 -funsigned-char -funsigned-bitfields -mmcu=atmega16 -DF_CPU=1000000UL -MMD -MP -MF"Door_Security_System2.d" -MT"Door_Security_System2.o" -c -o "Door_Security_System2.o" "../Door_Security_System2.c"
In file included from ../Door_Security_System2.c:1:
../std_types.h:42:1: warning: "F_CPU" redefined
<command-line>: warning: this is the location of the previous definition
In file included from ../Door_Security_System2.c:9:
c:/winavr-20100110/lib/gcc/../../avr/include/avr/delay.h:36:2: warning: #warning "This file has been moved to <util/delay.h>."
In file included from c:/winavr-20100110/lib/gcc/../../avr/include/avr/delay.h:37,
                 from ../Door_Security_System2.c:9:
c:/winavr-20100110/lib/gcc/../../avr/include/util/delay.h:90:3: warning: #warning "Compiler optimizations disabled; functions from <util/delay.h> won't work as designed"
../Door_Security_System2.c: In function 'main':
../Door_Security_System2.c:45: warning: passing argument 2 of 'EEPROM_readByte' makes pointer from integer without a cast
../Door_Security_System2.c:64: warning: large integer implicitly truncated to unsigned type
../Door_Security_System2.c:82: warning: passing argument 2 of 'EEPROM_readByte' makes pointer from integer without a cast
Finished building: ../Door_Security_System2.c
 
Building target: Control_ECU.elf
Invoking: AVR C Linker
avr-gcc -Wl,-Map,Control_ECU.map -mmcu=atmega16 -o "Control_ECU.elf"  ./Door_Security_System2.o ./buzzer.o ./external_eeprom.o ./gpio.o ./motor.o ./pwm.o ./timer0.o ./twi.o ./uart.o   
Finished building target: Control_ECU.elf
 
Invoking: AVR Create Extended Listing
avr-objdump -h -S Control_ECU.elf  >"Control_ECU.lss"
Finished building: Control_ECU.lss
 
Invoking: Print Size
avr-size --format=avr --mcu=atmega16 Control_ECU.elf
AVR Memory Usage
----------------
Device: atmega16

Program:   10924 bytes (66.7% Full)
(.text + .data + .bootloader)

Data:         75 bytes (7.3% Full)
(.data + .bss + .noinit)


Finished building: sizedummy
 
11:27:48 **** Incremental Build of configuration Debug for project Hmi_ECU ****
make all 
Invoking: Print Size
avr-size --format=avr --mcu=atmega16 Hmi_ECU.elf
AVR Memory Usage
----------------
Device: atmega16

Program:   14440 bytes (88.1% Full)
(.text + .data + .bootloader)

Data:        182 bytes (17.8% Full)
(.data + .bss + .noinit)


Finished building: sizedummy
 
11:27:51 **** Incremental Build of configuration Debug for project Control_ECU ****
make all 
Invoking: Print Size
avr-size --format=avr --mcu=atmega16 Control_ECU.elf
AVR Memory Usage
----------------
Device: atmega16

Program:   10924 bytes (66.7% Full)
(.text + .data + .bootloader)

Data:         75 bytes (7.3% Full)
(.data + .bss + .noinit)


Finished building: sizedummy
 
11:27:51 **** Incremental Build of configuration Debug for project Hmi_ECU ****
make all 
Building file: ../Door_Security_System.c
Invoking: AVR Compiler
avr-gcc -Wall -g2 -gstabs -O0 -fpack-struct -fshort-enums -ffunction-sections -fdata-sections -std=gnu99 -funsigned-char -funsigned-bitfields -mmcu=atmega16 -DF_CPU=1000000UL -MMD -MP -MF"Door_Security_System.d" -MT"Door_Security_System.o" -c -o "Door_Security_System.o" "../Door_Security_System.c"
In file included from ../Door_Security_System.c:1:
c:/winavr-20100110/lib/gcc/../../avr/include/avr/delay.h:36:2: warning: #warning "This file has been moved to <util/delay.h>."
In file included from c:/winavr-20100110/lib/gcc/../../avr/include/avr/delay.h:37,
                 from ../Door_Security_System.c:1:
c:/winavr-20100110/lib/gcc/../../avr/include/util/delay.h:90:3: warning: #warning "Compiler optimizations disabled; functions from <util/delay.h> won't work as designed"
In file included from ../timer0.h:2,
                 from ../Door_Security_System.c:2:
../std_types.h:42:1: warning: "F_CPU" redefined
<command-line>: warning: this is the location of the previous definition
../Door_Security_System.c: In function 'main':
../Door_Security_System.c:29: warning: implicit declaration of function 'KEYPAD_getPressedKey'
Finished building: ../Door_Security_System.c
 
Building target: Hmi_ECU.elf
Invoking: AVR C Linker
avr-gcc -Wl,-Map,Hmi_ECU.map -mmcu=atmega16 -o "Hmi_ECU.elf"  ./Door_Security_System.o ./gpio.o ./keypad.o ./lcd.o ./timer0.o ./uart.o   
Finished building target: Hmi_ECU.elf
 
Invoking: AVR Create Extended Listing
avr-objdump -h -S Hmi_ECU.elf  >"Hmi_ECU.lss"
Finished building: Hmi_ECU.lss
 
Invoking: Print Size
avr-size --format=avr --mcu=atmega16 Hmi_ECU.elf
AVR Memory Usage
----------------
Device: atmega16

Program:   14800 bytes (90.3% Full)
(.text + .data + .bootloader)

Data:        182 bytes (17.8% Full)
(.data + .bss + .noinit)


Finished building: sizedummy
 
11:31:13 **** Incremental Build of configuration Debug for project Control_ECU ****
make all 
Invoking: Print Size
avr-size --format=avr --mcu=atmega16 Control_ECU.elf
AVR Memory Usage
----------------
Device: atmega16

Program:   10924 bytes (66.7% Full)
(.text + .data + .bootloader)

Data:         75 bytes (7.3% Full)
(.data + .bss + .noinit)


Finished building: sizedummy
 
11:31:13 **** Incremental Build of configuration Debug for project Hmi_ECU ****
make all 
Building file: ../Door_Security_System.c
Invoking: AVR Compiler
avr-gcc -Wall -g2 -gstabs -O0 -fpack-struct -fshort-enums -ffunction-sections -fdata-sections -std=gnu99 -funsigned-char -funsigned-bitfields -mmcu=atmega16 -DF_CPU=1000000UL -MMD -MP -MF"Door_Security_System.d" -MT"Door_Security_System.o" -c -o "Door_Security_System.o" "../Door_Security_System.c"
In file included from ../Door_Security_System.c:1:
c:/winavr-20100110/lib/gcc/../../avr/include/avr/delay.h:36:2: warning: #warning "This file has been moved to <util/delay.h>."
In file included from c:/winavr-20100110/lib/gcc/../../avr/include/avr/delay.h:37,
                 from ../Door_Security_System.c:1:
c:/winavr-20100110/lib/gcc/../../avr/include/util/delay.h:90:3: warning: #warning "Compiler optimizations disabled; functions from <util/delay.h> won't work as designed"
In file included from ../timer0.h:2,
                 from ../Door_Security_System.c:2:
../std_types.h:42:1: warning: "F_CPU" redefined
<command-line>: warning: this is the location of the previous definition
../Door_Security_System.c: In function 'main':
../Door_Security_System.c:29: warning: implicit declaration of function 'KEYPAD_getPressedKey'
Finished building: ../Door_Security_System.c
 
Building target: Hmi_ECU.elf
Invoking: AVR C Linker
avr-gcc -Wl,-Map,Hmi_ECU.map -mmcu=atmega16 -o "Hmi_ECU.elf"  ./Door_Security_System.o ./gpio.o ./keypad.o ./lcd.o ./timer0.o ./uart.o   
Finished building target: Hmi_ECU.elf
 
Invoking: AVR Create Extended Listing
avr-objdump -h -S Hmi_ECU.elf  >"Hmi_ECU.lss"
Finished building: Hmi_ECU.lss
 
Invoking: Print Size
avr-size --format=avr --mcu=atmega16 Hmi_ECU.elf
AVR Memory Usage
----------------
Device: atmega16

Program:   15224 bytes (92.9% Full)
(.text + .data + .bootloader)

Data:        182 bytes (17.8% Full)
(.data + .bss + .noinit)


Finished building: sizedummy
 
11:34:31 **** Incremental Build of configuration Debug for project Control_ECU ****
make all 
Invoking: Print Size
avr-size --format=avr --mcu=atmega16 Control_ECU.elf
AVR Memory Usage
----------------
Device: atmega16

Program:   10924 bytes (66.7% Full)
(.text + .data + .bootloader)

Data:         75 bytes (7.3% Full)
(.data + .bss + .noinit)


Finished building: sizedummy
 
11:34:31 **** Incremental Build of configuration Debug for project Hmi_ECU ****
make all 
Building file: ../Door_Security_System.c
Invoking: AVR Compiler
avr-gcc -Wall -g2 -gstabs -O0 -fpack-struct -fshort-enums -ffunction-sections -fdata-sections -std=gnu99 -funsigned-char -funsigned-bitfields -mmcu=atmega16 -DF_CPU=1000000UL -MMD -MP -MF"Door_Security_System.d" -MT"Door_Security_System.o" -c -o "Door_Security_System.o" "../Door_Security_System.c"
In file included from ../Door_Security_System.c:1:
c:/winavr-20100110/lib/gcc/../../avr/include/avr/delay.h:36:2: warning: #warning "This file has been moved to <util/delay.h>."
In file included from c:/winavr-20100110/lib/gcc/../../avr/include/avr/delay.h:37,
                 from ../Door_Security_System.c:1:
c:/winavr-20100110/lib/gcc/../../avr/include/util/delay.h:90:3: warning: #warning "Compiler optimizations disabled; functions from <util/delay.h> won't work as designed"
In file included from ../timer0.h:2,
                 from ../Door_Security_System.c:2:
../std_types.h:42:1: warning: "F_CPU" redefined
<command-line>: warning: this is the location of the previous definition
../Door_Security_System.c: In function 'main':
../Door_Security_System.c:29: warning: implicit declaration of function 'KEYPAD_getPressedKey'
Finished building: ../Door_Security_System.c
 
Building target: Hmi_ECU.elf
Invoking: AVR C Linker
avr-gcc -Wl,-Map,Hmi_ECU.map -mmcu=atmega16 -o "Hmi_ECU.elf"  ./Door_Security_System.o ./gpio.o ./keypad.o ./lcd.o ./timer0.o ./uart.o   
Finished building target: Hmi_ECU.elf
 
Invoking: AVR Create Extended Listing
avr-objdump -h -S Hmi_ECU.elf  >"Hmi_ECU.lss"
Finished building: Hmi_ECU.lss
 
Invoking: Print Size
avr-size --format=avr --mcu=atmega16 Hmi_ECU.elf
AVR Memory Usage
----------------
Device: atmega16

Program:   14864 bytes (90.7% Full)
(.text + .data + .bootloader)

Data:        182 bytes (17.8% Full)
(.data + .bss + .noinit)


Finished building: sizedummy
 
11:35:31 **** Incremental Build of configuration Debug for project Control_ECU ****
make all 
Invoking: Print Size
avr-size --format=avr --mcu=atmega16 Control_ECU.elf
AVR Memory Usage
----------------
Device: atmega16

Program:   10924 bytes (66.7% Full)
(.text + .data + .bootloader)

Data:         75 bytes (7.3% Full)
(.data + .bss + .noinit)


Finished building: sizedummy
 
11:35:31 **** Incremental Build of configuration Debug for project Hmi_ECU ****
make all 
Building file: ../Door_Security_System.c
Invoking: AVR Compiler
avr-gcc -Wall -g2 -gstabs -O0 -fpack-struct -fshort-enums -ffunction-sections -fdata-sections -std=gnu99 -funsigned-char -funsigned-bitfields -mmcu=atmega16 -DF_CPU=1000000UL -MMD -MP -MF"Door_Security_System.d" -MT"Door_Security_System.o" -c -o "Door_Security_System.o" "../Door_Security_System.c"
In file included from ../Door_Security_System.c:1:
c:/winavr-20100110/lib/gcc/../../avr/include/avr/delay.h:36:2: warning: #warning "This file has been moved to <util/delay.h>."
In file included from c:/winavr-20100110/lib/gcc/../../avr/include/avr/delay.h:37,
                 from ../Door_Security_System.c:1:
c:/winavr-20100110/lib/gcc/../../avr/include/util/delay.h:90:3: warning: #warning "Compiler optimizations disabled; functions from <util/delay.h> won't work as designed"
In file included from ../timer0.h:2,
                 from ../Door_Security_System.c:2:
../std_types.h:42:1: warning: "F_CPU" redefined
<command-line>: warning: this is the location of the previous definition
../Door_Security_System.c: In function 'main':
../Door_Security_System.c:29: warning: implicit declaration of function 'KEYPAD_getPressedKey'
Finished building: ../Door_Security_System.c
 
Building target: Hmi_ECU.elf
Invoking: AVR C Linker
avr-gcc -Wl,-Map,Hmi_ECU.map -mmcu=atmega16 -o "Hmi_ECU.elf"  ./Door_Security_System.o ./gpio.o ./keypad.o ./lcd.o ./timer0.o ./uart.o   
Finished building target: Hmi_ECU.elf
 
Invoking: AVR Create Extended Listing
avr-objdump -h -S Hmi_ECU.elf  >"Hmi_ECU.lss"
Finished building: Hmi_ECU.lss
 
Invoking: Print Size
avr-size --format=avr --mcu=atmega16 Hmi_ECU.elf
AVR Memory Usage
----------------
Device: atmega16

Program:   14850 bytes (90.6% Full)
(.text + .data + .bootloader)

Data:        182 bytes (17.8% Full)
(.data + .bss + .noinit)


Finished building: sizedummy
 
11:37:59 **** Incremental Build of configuration Debug for project Control_ECU ****
make all 
Building file: ../Door_Security_System2.c
Invoking: AVR Compiler
avr-gcc -Wall -g2 -gstabs -O0 -fpack-struct -fshort-enums -ffunction-sections -fdata-sections -std=gnu99 -funsigned-char -funsigned-bitfields -mmcu=atmega16 -DF_CPU=1000000UL -MMD -MP -MF"Door_Security_System2.d" -MT"Door_Security_System2.o" -c -o "Door_Security_System2.o" "../Door_Security_System2.c"
In file included from ../Door_Security_System2.c:1:
../std_types.h:42:1: warning: "F_CPU" redefined
<command-line>: warning: this is the location of the previous definition
In file included from ../Door_Security_System2.c:9:
c:/winavr-20100110/lib/gcc/../../avr/include/avr/delay.h:36:2: warning: #warning "This file has been moved to <util/delay.h>."
In file included from c:/winavr-20100110/lib/gcc/../../avr/include/avr/delay.h:37,
                 from ../Door_Security_System2.c:9:
c:/winavr-20100110/lib/gcc/../../avr/include/util/delay.h:90:3: warning: #warning "Compiler optimizations disabled; functions from <util/delay.h> won't work as designed"
../Door_Security_System2.c: In function 'main':
../Door_Security_System2.c:45: warning: passing argument 2 of 'EEPROM_readByte' makes pointer from integer without a cast
../Door_Security_System2.c:64: warning: large integer implicitly truncated to unsigned type
../Door_Security_System2.c:82: warning: passing argument 2 of 'EEPROM_readByte' makes pointer from integer without a cast
Finished building: ../Door_Security_System2.c
 
Building target: Control_ECU.elf
Invoking: AVR C Linker
avr-gcc -Wl,-Map,Control_ECU.map -mmcu=atmega16 -o "Control_ECU.elf"  ./Door_Security_System2.o ./buzzer.o ./external_eeprom.o ./gpio.o ./motor.o ./pwm.o ./timer0.o ./twi.o ./uart.o   
Finished building target: Control_ECU.elf
 
Invoking: AVR Create Extended Listing
avr-objdump -h -S Control_ECU.elf  >"Control_ECU.lss"
Finished building: Control_ECU.lss
 
Invoking: Print Size
avr-size --format=avr --mcu=atmega16 Control_ECU.elf
AVR Memory Usage
----------------
Device: atmega16

Program:   10924 bytes (66.7% Full)
(.text + .data + .bootloader)

Data:         75 bytes (7.3% Full)
(.data + .bss + .noinit)


Finished building: sizedummy
 
11:38:00 **** Incremental Build of configuration Debug for project Hmi_ECU ****
make all 
Invoking: Print Size
avr-size --format=avr --mcu=atmega16 Hmi_ECU.elf
AVR Memory Usage
----------------
Device: atmega16

Program:   14850 bytes (90.6% Full)
(.text + .data + .bootloader)

Data:        182 bytes (17.8% Full)
(.data + .bss + .noinit)


Finished building: sizedummy
 
11:38:14 **** Incremental Build of configuration Debug for project Control_ECU ****
make all 
Invoking: Print Size
avr-size --format=avr --mcu=atmega16 Control_ECU.elf
AVR Memory Usage
----------------
Device: atmega16

Program:   10924 bytes (66.7% Full)
(.text + .data + .bootloader)

Data:         75 bytes (7.3% Full)
(.data + .bss + .noinit)


Finished building: sizedummy
 
11:38:14 **** Incremental Build of configuration Debug for project Hmi_ECU ****
make all 
Building file: ../Door_Security_System.c
Invoking: AVR Compiler
avr-gcc -Wall -g2 -gstabs -O0 -fpack-struct -fshort-enums -ffunction-sections -fdata-sections -std=gnu99 -funsigned-char -funsigned-bitfields -mmcu=atmega16 -DF_CPU=1000000UL -MMD -MP -MF"Door_Security_System.d" -MT"Door_Security_System.o" -c -o "Door_Security_System.o" "../Door_Security_System.c"
In file included from ../Door_Security_System.c:1:
c:/winavr-20100110/lib/gcc/../../avr/include/avr/delay.h:36:2: warning: #warning "This file has been moved to <util/delay.h>."
In file included from c:/winavr-20100110/lib/gcc/../../avr/include/avr/delay.h:37,
                 from ../Door_Security_System.c:1:
c:/winavr-20100110/lib/gcc/../../avr/include/util/delay.h:90:3: warning: #warning "Compiler optimizations disabled; functions from <util/delay.h> won't work as designed"
In file included from ../timer0.h:2,
                 from ../Door_Security_System.c:2:
../std_types.h:42:1: warning: "F_CPU" redefined
<command-line>: warning: this is the location of the previous definition
../Door_Security_System.c: In function 'main':
../Door_Security_System.c:29: warning: implicit declaration of function 'KEYPAD_getPressedKey'
Finished building: ../Door_Security_System.c
 
Building target: Hmi_ECU.elf
Invoking: AVR C Linker
avr-gcc -Wl,-Map,Hmi_ECU.map -mmcu=atmega16 -o "Hmi_ECU.elf"  ./Door_Security_System.o ./gpio.o ./keypad.o ./lcd.o ./timer0.o ./uart.o   
Finished building target: Hmi_ECU.elf
 
Invoking: AVR Create Extended Listing
avr-objdump -h -S Hmi_ECU.elf  >"Hmi_ECU.lss"
Finished building: Hmi_ECU.lss
 
Invoking: Print Size
avr-size --format=avr --mcu=atmega16 Hmi_ECU.elf
AVR Memory Usage
----------------
Device: atmega16

Program:   14426 bytes (88.0% Full)
(.text + .data + .bootloader)

Data:        182 bytes (17.8% Full)
(.data + .bss + .noinit)


Finished building: sizedummy
 
11:44:17 **** Incremental Build of configuration Debug for project Control_ECU ****
make all 
Building file: ../Door_Security_System2.c
Invoking: AVR Compiler
avr-gcc -Wall -g2 -gstabs -O0 -fpack-struct -fshort-enums -ffunction-sections -fdata-sections -std=gnu99 -funsigned-char -funsigned-bitfields -mmcu=atmega16 -DF_CPU=1000000UL -MMD -MP -MF"Door_Security_System2.d" -MT"Door_Security_System2.o" -c -o "Door_Security_System2.o" "../Door_Security_System2.c"
In file included from ../Door_Security_System2.c:1:
../std_types.h:42:1: warning: "F_CPU" redefined
<command-line>: warning: this is the location of the previous definition
In file included from ../Door_Security_System2.c:9:
c:/winavr-20100110/lib/gcc/../../avr/include/avr/delay.h:36:2: warning: #warning "This file has been moved to <util/delay.h>."
In file included from c:/winavr-20100110/lib/gcc/../../avr/include/avr/delay.h:37,
                 from ../Door_Security_System2.c:9:
c:/winavr-20100110/lib/gcc/../../avr/include/util/delay.h:90:3: warning: #warning "Compiler optimizations disabled; functions from <util/delay.h> won't work as designed"
../Door_Security_System2.c: In function 'main':
../Door_Security_System2.c:45: warning: passing argument 2 of 'EEPROM_readByte' makes pointer from integer without a cast
../Door_Security_System2.c:64: warning: large integer implicitly truncated to unsigned type
../Door_Security_System2.c:88: warning: passing argument 2 of 'EEPROM_readByte' makes pointer from integer without a cast
Finished building: ../Door_Security_System2.c
 
Building target: Control_ECU.elf
Invoking: AVR C Linker
avr-gcc -Wl,-Map,Control_ECU.map -mmcu=atmega16 -o "Control_ECU.elf"  ./Door_Security_System2.o ./buzzer.o ./external_eeprom.o ./gpio.o ./motor.o ./pwm.o ./timer0.o ./twi.o ./uart.o   
Finished building target: Control_ECU.elf
 
Invoking: AVR Create Extended Listing
avr-objdump -h -S Control_ECU.elf  >"Control_ECU.lss"
Finished building: Control_ECU.lss
 
Invoking: Print Size
avr-size --format=avr --mcu=atmega16 Control_ECU.elf
AVR Memory Usage
----------------
Device: atmega16

Program:   10924 bytes (66.7% Full)
(.text + .data + .bootloader)

Data:         77 bytes (7.5% Full)
(.data + .bss + .noinit)


Finished building: sizedummy
 
11:44:18 **** Incremental Build of configuration Debug for project Hmi_ECU ****
make all 
Building file: ../Door_Security_System.c
Invoking: AVR Compiler
avr-gcc -Wall -g2 -gstabs -O0 -fpack-struct -fshort-enums -ffunction-sections -fdata-sections -std=gnu99 -funsigned-char -funsigned-bitfields -mmcu=atmega16 -DF_CPU=1000000UL -MMD -MP -MF"Door_Security_System.d" -MT"Door_Security_System.o" -c -o "Door_Security_System.o" "../Door_Security_System.c"
In file included from ../Door_Security_System.c:1:
c:/winavr-20100110/lib/gcc/../../avr/include/avr/delay.h:36:2: warning: #warning "This file has been moved to <util/delay.h>."
In file included from c:/winavr-20100110/lib/gcc/../../avr/include/avr/delay.h:37,
                 from ../Door_Security_System.c:1:
c:/winavr-20100110/lib/gcc/../../avr/include/util/delay.h:90:3: warning: #warning "Compiler optimizations disabled; functions from <util/delay.h> won't work as designed"
In file included from ../timer0.h:2,
                 from ../Door_Security_System.c:2:
../std_types.h:42:1: warning: "F_CPU" redefined
<command-line>: warning: this is the location of the previous definition
../Door_Security_System.c: In function 'main':
../Door_Security_System.c:29: warning: implicit declaration of function 'KEYPAD_getPressedKey'
Finished building: ../Door_Security_System.c
 
Building target: Hmi_ECU.elf
Invoking: AVR C Linker
avr-gcc -Wl,-Map,Hmi_ECU.map -mmcu=atmega16 -o "Hmi_ECU.elf"  ./Door_Security_System.o ./gpio.o ./keypad.o ./lcd.o ./timer0.o ./uart.o   
Finished building target: Hmi_ECU.elf
 
Invoking: AVR Create Extended Listing
avr-objdump -h -S Hmi_ECU.elf  >"Hmi_ECU.lss"
Finished building: Hmi_ECU.lss
 
Invoking: Print Size
avr-size --format=avr --mcu=atmega16 Hmi_ECU.elf
AVR Memory Usage
----------------
Device: atmega16

Program:   14420 bytes (88.0% Full)
(.text + .data + .bootloader)

Data:        182 bytes (17.8% Full)
(.data + .bss + .noinit)


Finished building: sizedummy
 
11:48:03 **** Incremental Build of configuration Debug for project Control_ECU ****
make all 
Building file: ../Door_Security_System2.c
Invoking: AVR Compiler
avr-gcc -Wall -g2 -gstabs -O0 -fpack-struct -fshort-enums -ffunction-sections -fdata-sections -std=gnu99 -funsigned-char -funsigned-bitfields -mmcu=atmega16 -DF_CPU=1000000UL -MMD -MP -MF"Door_Security_System2.d" -MT"Door_Security_System2.o" -c -o "Door_Security_System2.o" "../Door_Security_System2.c"
In file included from ../Door_Security_System2.c:1:
../std_types.h:42:1: warning: "F_CPU" redefined
<command-line>: warning: this is the location of the previous definition
In file included from ../Door_Security_System2.c:9:
c:/winavr-20100110/lib/gcc/../../avr/include/avr/delay.h:36:2: warning: #warning "This file has been moved to <util/delay.h>."
In file included from c:/winavr-20100110/lib/gcc/../../avr/include/avr/delay.h:37,
                 from ../Door_Security_System2.c:9:
c:/winavr-20100110/lib/gcc/../../avr/include/util/delay.h:90:3: warning: #warning "Compiler optimizations disabled; functions from <util/delay.h> won't work as designed"
../Door_Security_System2.c: In function 'main':
../Door_Security_System2.c:45: warning: passing argument 2 of 'EEPROM_readByte' makes pointer from integer without a cast
../Door_Security_System2.c:64: warning: large integer implicitly truncated to unsigned type
../Door_Security_System2.c:83: warning: passing argument 2 of 'EEPROM_readByte' makes pointer from integer without a cast
Finished building: ../Door_Security_System2.c
 
Building target: Control_ECU.elf
Invoking: AVR C Linker
avr-gcc -Wl,-Map,Control_ECU.map -mmcu=atmega16 -o "Control_ECU.elf"  ./Door_Security_System2.o ./buzzer.o ./external_eeprom.o ./gpio.o ./motor.o ./pwm.o ./timer0.o ./twi.o ./uart.o   
Finished building target: Control_ECU.elf
 
Invoking: AVR Create Extended Listing
avr-objdump -h -S Control_ECU.elf  >"Control_ECU.lss"
Finished building: Control_ECU.lss
 
Invoking: Print Size
avr-size --format=avr --mcu=atmega16 Control_ECU.elf
AVR Memory Usage
----------------
Device: atmega16

Program:   10924 bytes (66.7% Full)
(.text + .data + .bootloader)

Data:         77 bytes (7.5% Full)
(.data + .bss + .noinit)


Finished building: sizedummy
 
11:48:04 **** Incremental Build of configuration Debug for project Hmi_ECU ****
make all 
Invoking: Print Size
avr-size --format=avr --mcu=atmega16 Hmi_ECU.elf
AVR Memory Usage
----------------
Device: atmega16

Program:   14420 bytes (88.0% Full)
(.text + .data + .bootloader)

Data:        182 bytes (17.8% Full)
(.data + .bss + .noinit)


Finished building: sizedummy
 
11:49:06 **** Incremental Build of configuration Debug for project Control_ECU ****
make all 
Invoking: Print Size
avr-size --format=avr --mcu=atmega16 Control_ECU.elf
AVR Memory Usage
----------------
Device: atmega16

Program:   10924 bytes (66.7% Full)
(.text + .data + .bootloader)

Data:         77 bytes (7.5% Full)
(.data + .bss + .noinit)


Finished building: sizedummy
 
11:49:07 **** Incremental Build of configuration Debug for project Hmi_ECU ****
make all 
Building file: ../Door_Security_System.c
Invoking: AVR Compiler
avr-gcc -Wall -g2 -gstabs -O0 -fpack-struct -fshort-enums -ffunction-sections -fdata-sections -std=gnu99 -funsigned-char -funsigned-bitfields -mmcu=atmega16 -DF_CPU=1000000UL -MMD -MP -MF"Door_Security_System.d" -MT"Door_Security_System.o" -c -o "Door_Security_System.o" "../Door_Security_System.c"
In file included from ../Door_Security_System.c:1:
c:/winavr-20100110/lib/gcc/../../avr/include/avr/delay.h:36:2: warning: #warning "This file has been moved to <util/delay.h>."
In file included from c:/winavr-20100110/lib/gcc/../../avr/include/avr/delay.h:37,
                 from ../Door_Security_System.c:1:
c:/winavr-20100110/lib/gcc/../../avr/include/util/delay.h:90:3: warning: #warning "Compiler optimizations disabled; functions from <util/delay.h> won't work as designed"
In file included from ../timer0.h:2,
                 from ../Door_Security_System.c:2:
../std_types.h:42:1: warning: "F_CPU" redefined
<command-line>: warning: this is the location of the previous definition
../Door_Security_System.c: In function 'main':
../Door_Security_System.c:29: warning: implicit declaration of function 'KEYPAD_getPressedKey'
Finished building: ../Door_Security_System.c
 
Building target: Hmi_ECU.elf
Invoking: AVR C Linker
avr-gcc -Wl,-Map,Hmi_ECU.map -mmcu=atmega16 -o "Hmi_ECU.elf"  ./Door_Security_System.o ./gpio.o ./keypad.o ./lcd.o ./timer0.o ./uart.o   
Finished building target: Hmi_ECU.elf
 
Invoking: AVR Create Extended Listing
avr-objdump -h -S Hmi_ECU.elf  >"Hmi_ECU.lss"
Finished building: Hmi_ECU.lss
 
Invoking: Print Size
avr-size --format=avr --mcu=atmega16 Hmi_ECU.elf
AVR Memory Usage
----------------
Device: atmega16

Program:   14426 bytes (88.0% Full)
(.text + .data + .bootloader)

Data:        182 bytes (17.8% Full)
(.data + .bss + .noinit)


Finished building: sizedummy
 
11:51:05 **** Incremental Build of configuration Debug for project Control_ECU ****
make all 
Invoking: Print Size
avr-size --format=avr --mcu=atmega16 Control_ECU.elf
AVR Memory Usage
----------------
Device: atmega16

Program:   10924 bytes (66.7% Full)
(.text + .data + .bootloader)

Data:         77 bytes (7.5% Full)
(.data + .bss + .noinit)


Finished building: sizedummy
 
11:51:06 **** Incremental Build of configuration Debug for project Hmi_ECU ****
make all 
Building file: ../Door_Security_System.c
Invoking: AVR Compiler
avr-gcc -Wall -g2 -gstabs -O0 -fpack-struct -fshort-enums -ffunction-sections -fdata-sections -std=gnu99 -funsigned-char -funsigned-bitfields -mmcu=atmega16 -DF_CPU=1000000UL -MMD -MP -MF"Door_Security_System.d" -MT"Door_Security_System.o" -c -o "Door_Security_System.o" "../Door_Security_System.c"
In file included from ../Door_Security_System.c:1:
c:/winavr-20100110/lib/gcc/../../avr/include/avr/delay.h:36:2: warning: #warning "This file has been moved to <util/delay.h>."
In file included from c:/winavr-20100110/lib/gcc/../../avr/include/avr/delay.h:37,
                 from ../Door_Security_System.c:1:
c:/winavr-20100110/lib/gcc/../../avr/include/util/delay.h:90:3: warning: #warning "Compiler optimizations disabled; functions from <util/delay.h> won't work as designed"
In file included from ../timer0.h:2,
                 from ../Door_Security_System.c:2:
../std_types.h:42:1: warning: "F_CPU" redefined
<command-line>: warning: this is the location of the previous definition
../Door_Security_System.c: In function 'main':
../Door_Security_System.c:29: warning: implicit declaration of function 'KEYPAD_getPressedKey'
Finished building: ../Door_Security_System.c
 
Building target: Hmi_ECU.elf
Invoking: AVR C Linker
avr-gcc -Wl,-Map,Hmi_ECU.map -mmcu=atmega16 -o "Hmi_ECU.elf"  ./Door_Security_System.o ./gpio.o ./keypad.o ./lcd.o ./timer0.o ./uart.o   
Finished building target: Hmi_ECU.elf
 
Invoking: AVR Create Extended Listing
avr-objdump -h -S Hmi_ECU.elf  >"Hmi_ECU.lss"
Finished building: Hmi_ECU.lss
 
Invoking: Print Size
avr-size --format=avr --mcu=atmega16 Hmi_ECU.elf
AVR Memory Usage
----------------
Device: atmega16

Program:   14060 bytes (85.8% Full)
(.text + .data + .bootloader)

Data:        182 bytes (17.8% Full)
(.data + .bss + .noinit)


Finished building: sizedummy
 
11:53:05 **** Incremental Build of configuration Debug for project Control_ECU ****
make all 
Invoking: Print Size
avr-size --format=avr --mcu=atmega16 Control_ECU.elf
AVR Memory Usage
----------------
Device: atmega16

Program:   10924 bytes (66.7% Full)
(.text + .data + .bootloader)

Data:         77 bytes (7.5% Full)
(.data + .bss + .noinit)


Finished building: sizedummy
 
11:53:05 **** Incremental Build of configuration Debug for project Hmi_ECU ****
make all 
Building file: ../Door_Security_System.c
Invoking: AVR Compiler
avr-gcc -Wall -g2 -gstabs -O0 -fpack-struct -fshort-enums -ffunction-sections -fdata-sections -std=gnu99 -funsigned-char -funsigned-bitfields -mmcu=atmega16 -DF_CPU=1000000UL -MMD -MP -MF"Door_Security_System.d" -MT"Door_Security_System.o" -c -o "Door_Security_System.o" "../Door_Security_System.c"
In file included from ../Door_Security_System.c:1:
c:/winavr-20100110/lib/gcc/../../avr/include/avr/delay.h:36:2: warning: #warning "This file has been moved to <util/delay.h>."
In file included from c:/winavr-20100110/lib/gcc/../../avr/include/avr/delay.h:37,
                 from ../Door_Security_System.c:1:
c:/winavr-20100110/lib/gcc/../../avr/include/util/delay.h:90:3: warning: #warning "Compiler optimizations disabled; functions from <util/delay.h> won't work as designed"
In file included from ../timer0.h:2,
                 from ../Door_Security_System.c:2:
../std_types.h:42:1: warning: "F_CPU" redefined
<command-line>: warning: this is the location of the previous definition
../Door_Security_System.c: In function 'main':
../Door_Security_System.c:29: warning: implicit declaration of function 'KEYPAD_getPressedKey'
Finished building: ../Door_Security_System.c
 
Building target: Hmi_ECU.elf
Invoking: AVR C Linker
avr-gcc -Wl,-Map,Hmi_ECU.map -mmcu=atmega16 -o "Hmi_ECU.elf"  ./Door_Security_System.o ./gpio.o ./keypad.o ./lcd.o ./timer0.o ./uart.o   
Finished building target: Hmi_ECU.elf
 
Invoking: AVR Create Extended Listing
avr-objdump -h -S Hmi_ECU.elf  >"Hmi_ECU.lss"
Finished building: Hmi_ECU.lss
 
Invoking: Print Size
avr-size --format=avr --mcu=atmega16 Hmi_ECU.elf
AVR Memory Usage
----------------
Device: atmega16

Program:   14426 bytes (88.0% Full)
(.text + .data + .bootloader)

Data:        182 bytes (17.8% Full)
(.data + .bss + .noinit)


Finished building: sizedummy
 
11:58:28 **** Incremental Build of configuration Debug for project Control_ECU ****
make all 
Building file: ../Door_Security_System2.c
Invoking: AVR Compiler
avr-gcc -Wall -g2 -gstabs -O0 -fpack-struct -fshort-enums -ffunction-sections -fdata-sections -std=gnu99 -funsigned-char -funsigned-bitfields -mmcu=atmega16 -DF_CPU=1000000UL -MMD -MP -MF"Door_Security_System2.d" -MT"Door_Security_System2.o" -c -o "Door_Security_System2.o" "../Door_Security_System2.c"
In file included from ../Door_Security_System2.c:1:
../std_types.h:42:1: warning: "F_CPU" redefined
<command-line>: warning: this is the location of the previous definition
In file included from ../Door_Security_System2.c:9:
c:/winavr-20100110/lib/gcc/../../avr/include/avr/delay.h:36:2: warning: #warning "This file has been moved to <util/delay.h>."
In file included from c:/winavr-20100110/lib/gcc/../../avr/include/avr/delay.h:37,
                 from ../Door_Security_System2.c:9:
c:/winavr-20100110/lib/gcc/../../avr/include/util/delay.h:90:3: warning: #warning "Compiler optimizations disabled; functions from <util/delay.h> won't work as designed"
../Door_Security_System2.c: In function 'main':
../Door_Security_System2.c:45: warning: passing argument 2 of 'EEPROM_readByte' makes pointer from integer without a cast
../Door_Security_System2.c:64: warning: large integer implicitly truncated to unsigned type
../Door_Security_System2.c:83: warning: passing argument 2 of 'EEPROM_readByte' makes pointer from integer without a cast
Finished building: ../Door_Security_System2.c
 
Building target: Control_ECU.elf
Invoking: AVR C Linker
avr-gcc -Wl,-Map,Control_ECU.map -mmcu=atmega16 -o "Control_ECU.elf"  ./Door_Security_System2.o ./buzzer.o ./external_eeprom.o ./gpio.o ./motor.o ./pwm.o ./timer0.o ./twi.o ./uart.o   
Finished building target: Control_ECU.elf
 
Invoking: AVR Create Extended Listing
avr-objdump -h -S Control_ECU.elf  >"Control_ECU.lss"
Finished building: Control_ECU.lss
 
Invoking: Print Size
avr-size --format=avr --mcu=atmega16 Control_ECU.elf
AVR Memory Usage
----------------
Device: atmega16

Program:   10562 bytes (64.5% Full)
(.text + .data + .bootloader)

Data:         77 bytes (7.5% Full)
(.data + .bss + .noinit)


Finished building: sizedummy
 
11:58:29 **** Incremental Build of configuration Debug for project Hmi_ECU ****
make all 
Building file: ../Door_Security_System.c
Invoking: AVR Compiler
avr-gcc -Wall -g2 -gstabs -O0 -fpack-struct -fshort-enums -ffunction-sections -fdata-sections -std=gnu99 -funsigned-char -funsigned-bitfields -mmcu=atmega16 -DF_CPU=1000000UL -MMD -MP -MF"Door_Security_System.d" -MT"Door_Security_System.o" -c -o "Door_Security_System.o" "../Door_Security_System.c"
In file included from ../Door_Security_System.c:1:
c:/winavr-20100110/lib/gcc/../../avr/include/avr/delay.h:36:2: warning: #warning "This file has been moved to <util/delay.h>."
In file included from c:/winavr-20100110/lib/gcc/../../avr/include/avr/delay.h:37,
                 from ../Door_Security_System.c:1:
c:/winavr-20100110/lib/gcc/../../avr/include/util/delay.h:90:3: warning: #warning "Compiler optimizations disabled; functions from <util/delay.h> won't work as designed"
In file included from ../timer0.h:2,
                 from ../Door_Security_System.c:2:
../std_types.h:42:1: warning: "F_CPU" redefined
<command-line>: warning: this is the location of the previous definition
../Door_Security_System.c: In function 'main':
../Door_Security_System.c:29: warning: implicit declaration of function 'KEYPAD_getPressedKey'
Finished building: ../Door_Security_System.c
 
Building target: Hmi_ECU.elf
Invoking: AVR C Linker
avr-gcc -Wl,-Map,Hmi_ECU.map -mmcu=atmega16 -o "Hmi_ECU.elf"  ./Door_Security_System.o ./gpio.o ./keypad.o ./lcd.o ./timer0.o ./uart.o   
Finished building target: Hmi_ECU.elf
 
Invoking: AVR Create Extended Listing
avr-objdump -h -S Hmi_ECU.elf  >"Hmi_ECU.lss"
Finished building: Hmi_ECU.lss
 
Invoking: Print Size
avr-size --format=avr --mcu=atmega16 Hmi_ECU.elf
AVR Memory Usage
----------------
Device: atmega16

Program:   14426 bytes (88.0% Full)
(.text + .data + .bootloader)

Data:        187 bytes (18.3% Full)
(.data + .bss + .noinit)


Finished building: sizedummy
 
12:00:56 **** Incremental Build of configuration Debug for project Control_ECU ****
make all 
Invoking: Print Size
avr-size --format=avr --mcu=atmega16 Control_ECU.elf
AVR Memory Usage
----------------
Device: atmega16

Program:   10562 bytes (64.5% Full)
(.text + .data + .bootloader)

Data:         77 bytes (7.5% Full)
(.data + .bss + .noinit)


Finished building: sizedummy
 
12:00:56 **** Incremental Build of configuration Debug for project Hmi_ECU ****
make all 
Building file: ../Door_Security_System.c
Invoking: AVR Compiler
avr-gcc -Wall -g2 -gstabs -O0 -fpack-struct -fshort-enums -ffunction-sections -fdata-sections -std=gnu99 -funsigned-char -funsigned-bitfields -mmcu=atmega16 -DF_CPU=1000000UL -MMD -MP -MF"Door_Security_System.d" -MT"Door_Security_System.o" -c -o "Door_Security_System.o" "../Door_Security_System.c"
In file included from ../Door_Security_System.c:1:
c:/winavr-20100110/lib/gcc/../../avr/include/avr/delay.h:36:2: warning: #warning "This file has been moved to <util/delay.h>."
In file included from c:/winavr-20100110/lib/gcc/../../avr/include/avr/delay.h:37,
                 from ../Door_Security_System.c:1:
c:/winavr-20100110/lib/gcc/../../avr/include/util/delay.h:90:3: warning: #warning "Compiler optimizations disabled; functions from <util/delay.h> won't work as designed"
In file included from ../timer0.h:2,
                 from ../Door_Security_System.c:2:
../std_types.h:42:1: warning: "F_CPU" redefined
<command-line>: warning: this is the location of the previous definition
../Door_Security_System.c: In function 'main':
../Door_Security_System.c:29: warning: implicit declaration of function 'KEYPAD_getPressedKey'
Finished building: ../Door_Security_System.c
 
Building target: Hmi_ECU.elf
Invoking: AVR C Linker
avr-gcc -Wl,-Map,Hmi_ECU.map -mmcu=atmega16 -o "Hmi_ECU.elf"  ./Door_Security_System.o ./gpio.o ./keypad.o ./lcd.o ./timer0.o ./uart.o   
Finished building target: Hmi_ECU.elf
 
Invoking: AVR Create Extended Listing
avr-objdump -h -S Hmi_ECU.elf  >"Hmi_ECU.lss"
Finished building: Hmi_ECU.lss
 
Invoking: Print Size
avr-size --format=avr --mcu=atmega16 Hmi_ECU.elf
AVR Memory Usage
----------------
Device: atmega16

Program:   14426 bytes (88.0% Full)
(.text + .data + .bootloader)

Data:        187 bytes (18.3% Full)
(.data + .bss + .noinit)


Finished building: sizedummy
 
12:01:34 **** Incremental Build of configuration Debug for project Control_ECU ****
make all 
Invoking: Print Size
avr-size --format=avr --mcu=atmega16 Control_ECU.elf
AVR Memory Usage
----------------
Device: atmega16

Program:   10562 bytes (64.5% Full)
(.text + .data + .bootloader)

Data:         77 bytes (7.5% Full)
(.data + .bss + .noinit)


Finished building: sizedummy
 
12:01:34 **** Incremental Build of configuration Debug for project Hmi_ECU ****
make all 
Building file: ../Door_Security_System.c
Invoking: AVR Compiler
avr-gcc -Wall -g2 -gstabs -O0 -fpack-struct -fshort-enums -ffunction-sections -fdata-sections -std=gnu99 -funsigned-char -funsigned-bitfields -mmcu=atmega16 -DF_CPU=1000000UL -MMD -MP -MF"Door_Security_System.d" -MT"Door_Security_System.o" -c -o "Door_Security_System.o" "../Door_Security_System.c"
In file included from ../Door_Security_System.c:1:
c:/winavr-20100110/lib/gcc/../../avr/include/avr/delay.h:36:2: warning: #warning "This file has been moved to <util/delay.h>."
In file included from c:/winavr-20100110/lib/gcc/../../avr/include/avr/delay.h:37,
                 from ../Door_Security_System.c:1:
c:/winavr-20100110/lib/gcc/../../avr/include/util/delay.h:90:3: warning: #warning "Compiler optimizations disabled; functions from <util/delay.h> won't work as designed"
In file included from ../timer0.h:2,
                 from ../Door_Security_System.c:2:
../std_types.h:42:1: warning: "F_CPU" redefined
<command-line>: warning: this is the location of the previous definition
../Door_Security_System.c: In function 'main':
../Door_Security_System.c:29: warning: implicit declaration of function 'KEYPAD_getPressedKey'
Finished building: ../Door_Security_System.c
 
Building target: Hmi_ECU.elf
Invoking: AVR C Linker
avr-gcc -Wl,-Map,Hmi_ECU.map -mmcu=atmega16 -o "Hmi_ECU.elf"  ./Door_Security_System.o ./gpio.o ./keypad.o ./lcd.o ./timer0.o ./uart.o   
Finished building target: Hmi_ECU.elf
 
Invoking: AVR Create Extended Listing
avr-objdump -h -S Hmi_ECU.elf  >"Hmi_ECU.lss"
Finished building: Hmi_ECU.lss
 
Invoking: Print Size
avr-size --format=avr --mcu=atmega16 Hmi_ECU.elf
AVR Memory Usage
----------------
Device: atmega16

Program:   14060 bytes (85.8% Full)
(.text + .data + .bootloader)

Data:        187 bytes (18.3% Full)
(.data + .bss + .noinit)


Finished building: sizedummy
 
12:02:18 **** Incremental Build of configuration Debug for project Control_ECU ****
make all 
Building file: ../Door_Security_System2.c
Invoking: AVR Compiler
avr-gcc -Wall -g2 -gstabs -O0 -fpack-struct -fshort-enums -ffunction-sections -fdata-sections -std=gnu99 -funsigned-char -funsigned-bitfields -mmcu=atmega16 -DF_CPU=1000000UL -MMD -MP -MF"Door_Security_System2.d" -MT"Door_Security_System2.o" -c -o "Door_Security_System2.o" "../Door_Security_System2.c"
In file included from ../Door_Security_System2.c:1:
../std_types.h:42:1: warning: "F_CPU" redefined
<command-line>: warning: this is the location of the previous definition
In file included from ../Door_Security_System2.c:9:
c:/winavr-20100110/lib/gcc/../../avr/include/avr/delay.h:36:2: warning: #warning "This file has been moved to <util/delay.h>."
In file included from c:/winavr-20100110/lib/gcc/../../avr/include/avr/delay.h:37,
                 from ../Door_Security_System2.c:9:
c:/winavr-20100110/lib/gcc/../../avr/include/util/delay.h:90:3: warning: #warning "Compiler optimizations disabled; functions from <util/delay.h> won't work as designed"
../Door_Security_System2.c: In function 'main':
../Door_Security_System2.c:45: warning: passing argument 2 of 'EEPROM_readByte' makes pointer from integer without a cast
../Door_Security_System2.c:64: warning: large integer implicitly truncated to unsigned type
../Door_Security_System2.c:82: warning: passing argument 2 of 'EEPROM_readByte' makes pointer from integer without a cast
Finished building: ../Door_Security_System2.c
 
Building target: Control_ECU.elf
Invoking: AVR C Linker
avr-gcc -Wl,-Map,Control_ECU.map -mmcu=atmega16 -o "Control_ECU.elf"  ./Door_Security_System2.o ./buzzer.o ./external_eeprom.o ./gpio.o ./motor.o ./pwm.o ./timer0.o ./twi.o ./uart.o   
Finished building target: Control_ECU.elf
 
Invoking: AVR Create Extended Listing
avr-objdump -h -S Control_ECU.elf  >"Control_ECU.lss"
Finished building: Control_ECU.lss
 
Invoking: Print Size
avr-size --format=avr --mcu=atmega16 Control_ECU.elf
AVR Memory Usage
----------------
Device: atmega16

Program:   10562 bytes (64.5% Full)
(.text + .data + .bootloader)

Data:         77 bytes (7.5% Full)
(.data + .bss + .noinit)


Finished building: sizedummy
 
12:02:18 **** Incremental Build of configuration Debug for project Hmi_ECU ****
make all 
Invoking: Print Size
avr-size --format=avr --mcu=atmega16 Hmi_ECU.elf
AVR Memory Usage
----------------
Device: atmega16

Program:   14060 bytes (85.8% Full)
(.text + .data + .bootloader)

Data:        187 bytes (18.3% Full)
(.data + .bss + .noinit)


Finished building: sizedummy
 
12:03:39 **** Incremental Build of configuration Debug for project Control_ECU ****
make all 
Invoking: Print Size
avr-size --format=avr --mcu=atmega16 Control_ECU.elf
AVR Memory Usage
----------------
Device: atmega16

Program:   10562 bytes (64.5% Full)
(.text + .data + .bootloader)

Data:         77 bytes (7.5% Full)
(.data + .bss + .noinit)


Finished building: sizedummy
 
12:03:39 **** Incremental Build of configuration Debug for project Hmi_ECU ****
make all 
Building file: ../Door_Security_System.c
Invoking: AVR Compiler
avr-gcc -Wall -g2 -gstabs -O0 -fpack-struct -fshort-enums -ffunction-sections -fdata-sections -std=gnu99 -funsigned-char -funsigned-bitfields -mmcu=atmega16 -DF_CPU=1000000UL -MMD -MP -MF"Door_Security_System.d" -MT"Door_Security_System.o" -c -o "Door_Security_System.o" "../Door_Security_System.c"
In file included from ../Door_Security_System.c:1:
c:/winavr-20100110/lib/gcc/../../avr/include/avr/delay.h:36:2: warning: #warning "This file has been moved to <util/delay.h>."
In file included from c:/winavr-20100110/lib/gcc/../../avr/include/avr/delay.h:37,
                 from ../Door_Security_System.c:1:
c:/winavr-20100110/lib/gcc/../../avr/include/util/delay.h:90:3: warning: #warning "Compiler optimizations disabled; functions from <util/delay.h> won't work as designed"
In file included from ../timer0.h:2,
                 from ../Door_Security_System.c:2:
../std_types.h:42:1: warning: "F_CPU" redefined
<command-line>: warning: this is the location of the previous definition
../Door_Security_System.c: In function 'main':
../Door_Security_System.c:29: warning: implicit declaration of function 'KEYPAD_getPressedKey'
Finished building: ../Door_Security_System.c
 
Building target: Hmi_ECU.elf
Invoking: AVR C Linker
avr-gcc -Wl,-Map,Hmi_ECU.map -mmcu=atmega16 -o "Hmi_ECU.elf"  ./Door_Security_System.o ./gpio.o ./keypad.o ./lcd.o ./timer0.o ./uart.o   
Finished building target: Hmi_ECU.elf
 
Invoking: AVR Create Extended Listing
avr-objdump -h -S Hmi_ECU.elf  >"Hmi_ECU.lss"
Finished building: Hmi_ECU.lss
 
Invoking: Print Size
avr-size --format=avr --mcu=atmega16 Hmi_ECU.elf
AVR Memory Usage
----------------
Device: atmega16

Program:   14426 bytes (88.0% Full)
(.text + .data + .bootloader)

Data:        187 bytes (18.3% Full)
(.data + .bss + .noinit)


Finished building: sizedummy
 
12:04:35 **** Incremental Build of configuration Debug for project Control_ECU ****
make all 
Invoking: Print Size
avr-size --format=avr --mcu=atmega16 Control_ECU.elf
AVR Memory Usage
----------------
Device: atmega16

Program:   10562 bytes (64.5% Full)
(.text + .data + .bootloader)

Data:         77 bytes (7.5% Full)
(.data + .bss + .noinit)


Finished building: sizedummy
 
12:04:36 **** Incremental Build of configuration Debug for project Hmi_ECU ****
make all 
Building file: ../Door_Security_System.c
Invoking: AVR Compiler
avr-gcc -Wall -g2 -gstabs -O0 -fpack-struct -fshort-enums -ffunction-sections -fdata-sections -std=gnu99 -funsigned-char -funsigned-bitfields -mmcu=atmega16 -DF_CPU=1000000UL -MMD -MP -MF"Door_Security_System.d" -MT"Door_Security_System.o" -c -o "Door_Security_System.o" "../Door_Security_System.c"
In file included from ../Door_Security_System.c:1:
c:/winavr-20100110/lib/gcc/../../avr/include/avr/delay.h:36:2: warning: #warning "This file has been moved to <util/delay.h>."
In file included from c:/winavr-20100110/lib/gcc/../../avr/include/avr/delay.h:37,
                 from ../Door_Security_System.c:1:
c:/winavr-20100110/lib/gcc/../../avr/include/util/delay.h:90:3: warning: #warning "Compiler optimizations disabled; functions from <util/delay.h> won't work as designed"
In file included from ../timer0.h:2,
                 from ../Door_Security_System.c:2:
../std_types.h:42:1: warning: "F_CPU" redefined
<command-line>: warning: this is the location of the previous definition
../Door_Security_System.c: In function 'main':
../Door_Security_System.c:29: warning: implicit declaration of function 'KEYPAD_getPressedKey'
Finished building: ../Door_Security_System.c
 
Building target: Hmi_ECU.elf
Invoking: AVR C Linker
avr-gcc -Wl,-Map,Hmi_ECU.map -mmcu=atmega16 -o "Hmi_ECU.elf"  ./Door_Security_System.o ./gpio.o ./keypad.o ./lcd.o ./timer0.o ./uart.o   
Finished building target: Hmi_ECU.elf
 
Invoking: AVR Create Extended Listing
avr-objdump -h -S Hmi_ECU.elf  >"Hmi_ECU.lss"
Finished building: Hmi_ECU.lss
 
Invoking: Print Size
avr-size --format=avr --mcu=atmega16 Hmi_ECU.elf
AVR Memory Usage
----------------
Device: atmega16

Program:   14396 bytes (87.9% Full)
(.text + .data + .bootloader)

Data:        187 bytes (18.3% Full)
(.data + .bss + .noinit)


Finished building: sizedummy
 
12:06:44 **** Incremental Build of configuration Debug for project Control_ECU ****
make all 
Invoking: Print Size
avr-size --format=avr --mcu=atmega16 Control_ECU.elf
AVR Memory Usage
----------------
Device: atmega16

Program:   10562 bytes (64.5% Full)
(.text + .data + .bootloader)

Data:         77 bytes (7.5% Full)
(.data + .bss + .noinit)


Finished building: sizedummy
 
12:06:45 **** Incremental Build of configuration Debug for project Hmi_ECU ****
make all 
Building file: ../Door_Security_System.c
Invoking: AVR Compiler
avr-gcc -Wall -g2 -gstabs -O0 -fpack-struct -fshort-enums -ffunction-sections -fdata-sections -std=gnu99 -funsigned-char -funsigned-bitfields -mmcu=atmega16 -DF_CPU=1000000UL -MMD -MP -MF"Door_Security_System.d" -MT"Door_Security_System.o" -c -o "Door_Security_System.o" "../Door_Security_System.c"
In file included from ../Door_Security_System.c:1:
c:/winavr-20100110/lib/gcc/../../avr/include/avr/delay.h:36:2: warning: #warning "This file has been moved to <util/delay.h>."
In file included from c:/winavr-20100110/lib/gcc/../../avr/include/avr/delay.h:37,
                 from ../Door_Security_System.c:1:
c:/winavr-20100110/lib/gcc/../../avr/include/util/delay.h:90:3: warning: #warning "Compiler optimizations disabled; functions from <util/delay.h> won't work as designed"
In file included from ../timer0.h:2,
                 from ../Door_Security_System.c:2:
../std_types.h:42:1: warning: "F_CPU" redefined
<command-line>: warning: this is the location of the previous definition
../Door_Security_System.c: In function 'main':
../Door_Security_System.c:29: warning: implicit declaration of function 'KEYPAD_getPressedKey'
Finished building: ../Door_Security_System.c
 
Building target: Hmi_ECU.elf
Invoking: AVR C Linker
avr-gcc -Wl,-Map,Hmi_ECU.map -mmcu=atmega16 -o "Hmi_ECU.elf"  ./Door_Security_System.o ./gpio.o ./keypad.o ./lcd.o ./timer0.o ./uart.o   
Finished building target: Hmi_ECU.elf
 
Invoking: AVR Create Extended Listing
avr-objdump -h -S Hmi_ECU.elf  >"Hmi_ECU.lss"
Finished building: Hmi_ECU.lss
 
Invoking: Print Size
avr-size --format=avr --mcu=atmega16 Hmi_ECU.elf
AVR Memory Usage
----------------
Device: atmega16

Program:   14396 bytes (87.9% Full)
(.text + .data + .bootloader)

Data:        187 bytes (18.3% Full)
(.data + .bss + .noinit)


Finished building: sizedummy
 
12:08:19 **** Incremental Build of configuration Debug for project Control_ECU ****
make all 
Invoking: Print Size
avr-size --format=avr --mcu=atmega16 Control_ECU.elf
AVR Memory Usage
----------------
Device: atmega16

Program:   10562 bytes (64.5% Full)
(.text + .data + .bootloader)

Data:         77 bytes (7.5% Full)
(.data + .bss + .noinit)


Finished building: sizedummy
 
12:08:19 **** Incremental Build of configuration Debug for project Hmi_ECU ****
make all 
Building file: ../Door_Security_System.c
Invoking: AVR Compiler
avr-gcc -Wall -g2 -gstabs -O0 -fpack-struct -fshort-enums -ffunction-sections -fdata-sections -std=gnu99 -funsigned-char -funsigned-bitfields -mmcu=atmega16 -DF_CPU=1000000UL -MMD -MP -MF"Door_Security_System.d" -MT"Door_Security_System.o" -c -o "Door_Security_System.o" "../Door_Security_System.c"
In file included from ../Door_Security_System.c:1:
c:/winavr-20100110/lib/gcc/../../avr/include/avr/delay.h:36:2: warning: #warning "This file has been moved to <util/delay.h>."
In file included from c:/winavr-20100110/lib/gcc/../../avr/include/avr/delay.h:37,
                 from ../Door_Security_System.c:1:
c:/winavr-20100110/lib/gcc/../../avr/include/util/delay.h:90:3: warning: #warning "Compiler optimizations disabled; functions from <util/delay.h> won't work as designed"
In file included from ../timer0.h:2,
                 from ../Door_Security_System.c:2:
../std_types.h:42:1: warning: "F_CPU" redefined
<command-line>: warning: this is the location of the previous definition
../Door_Security_System.c: In function 'main':
../Door_Security_System.c:29: warning: implicit declaration of function 'KEYPAD_getPressedKey'
Finished building: ../Door_Security_System.c
 
Building target: Hmi_ECU.elf
Invoking: AVR C Linker
avr-gcc -Wl,-Map,Hmi_ECU.map -mmcu=atmega16 -o "Hmi_ECU.elf"  ./Door_Security_System.o ./gpio.o ./keypad.o ./lcd.o ./timer0.o ./uart.o   
Finished building target: Hmi_ECU.elf
 
Invoking: AVR Create Extended Listing
avr-objdump -h -S Hmi_ECU.elf  >"Hmi_ECU.lss"
Finished building: Hmi_ECU.lss
 
Invoking: Print Size
avr-size --format=avr --mcu=atmega16 Hmi_ECU.elf
AVR Memory Usage
----------------
Device: atmega16

Program:   14396 bytes (87.9% Full)
(.text + .data + .bootloader)

Data:        187 bytes (18.3% Full)
(.data + .bss + .noinit)


Finished building: sizedummy
 
12:12:11 **** Incremental Build of configuration Debug for project Control_ECU ****
make all 
Building file: ../Door_Security_System2.c
Invoking: AVR Compiler
avr-gcc -Wall -g2 -gstabs -O0 -fpack-struct -fshort-enums -ffunction-sections -fdata-sections -std=gnu99 -funsigned-char -funsigned-bitfields -mmcu=atmega16 -DF_CPU=1000000UL -MMD -MP -MF"Door_Security_System2.d" -MT"Door_Security_System2.o" -c -o "Door_Security_System2.o" "../Door_Security_System2.c"
In file included from ../Door_Security_System2.c:1:
../std_types.h:42:1: warning: "F_CPU" redefined
<command-line>: warning: this is the location of the previous definition
In file included from ../Door_Security_System2.c:9:
c:/winavr-20100110/lib/gcc/../../avr/include/avr/delay.h:36:2: warning: #warning "This file has been moved to <util/delay.h>."
In file included from c:/winavr-20100110/lib/gcc/../../avr/include/avr/delay.h:37,
                 from ../Door_Security_System2.c:9:
c:/winavr-20100110/lib/gcc/../../avr/include/util/delay.h:90:3: warning: #warning "Compiler optimizations disabled; functions from <util/delay.h> won't work as designed"
../Door_Security_System2.c: In function 'main':
../Door_Security_System2.c:45: warning: passing argument 2 of 'EEPROM_readByte' makes pointer from integer without a cast
../Door_Security_System2.c:64: warning: large integer implicitly truncated to unsigned type
../Door_Security_System2.c:88: warning: passing argument 2 of 'EEPROM_readByte' makes pointer from integer without a cast
Finished building: ../Door_Security_System2.c
 
Building target: Control_ECU.elf
Invoking: AVR C Linker
avr-gcc -Wl,-Map,Control_ECU.map -mmcu=atmega16 -o "Control_ECU.elf"  ./Door_Security_System2.o ./buzzer.o ./external_eeprom.o ./gpio.o ./motor.o ./pwm.o ./timer0.o ./twi.o ./uart.o   
Finished building target: Control_ECU.elf
 
Invoking: AVR Create Extended Listing
avr-objdump -h -S Control_ECU.elf  >"Control_ECU.lss"
Finished building: Control_ECU.lss
 
Invoking: Print Size
avr-size --format=avr --mcu=atmega16 Control_ECU.elf
AVR Memory Usage
----------------
Device: atmega16

Program:   10562 bytes (64.5% Full)
(.text + .data + .bootloader)

Data:         77 bytes (7.5% Full)
(.data + .bss + .noinit)


Finished building: sizedummy
 
12:12:12 **** Incremental Build of configuration Debug for project Hmi_ECU ****
make all 
Building file: ../Door_Security_System.c
Invoking: AVR Compiler
avr-gcc -Wall -g2 -gstabs -O0 -fpack-struct -fshort-enums -ffunction-sections -fdata-sections -std=gnu99 -funsigned-char -funsigned-bitfields -mmcu=atmega16 -DF_CPU=1000000UL -MMD -MP -MF"Door_Security_System.d" -MT"Door_Security_System.o" -c -o "Door_Security_System.o" "../Door_Security_System.c"
In file included from ../Door_Security_System.c:1:
c:/winavr-20100110/lib/gcc/../../avr/include/avr/delay.h:36:2: warning: #warning "This file has been moved to <util/delay.h>."
In file included from c:/winavr-20100110/lib/gcc/../../avr/include/avr/delay.h:37,
                 from ../Door_Security_System.c:1:
c:/winavr-20100110/lib/gcc/../../avr/include/util/delay.h:90:3: warning: #warning "Compiler optimizations disabled; functions from <util/delay.h> won't work as designed"
In file included from ../timer0.h:2,
                 from ../Door_Security_System.c:2:
../std_types.h:42:1: warning: "F_CPU" redefined
<command-line>: warning: this is the location of the previous definition
../Door_Security_System.c: In function 'main':
../Door_Security_System.c:29: warning: implicit declaration of function 'KEYPAD_getPressedKey'
Finished building: ../Door_Security_System.c
 
Building target: Hmi_ECU.elf
Invoking: AVR C Linker
avr-gcc -Wl,-Map,Hmi_ECU.map -mmcu=atmega16 -o "Hmi_ECU.elf"  ./Door_Security_System.o ./gpio.o ./keypad.o ./lcd.o ./timer0.o ./uart.o   
Finished building target: Hmi_ECU.elf
 
Invoking: AVR Create Extended Listing
avr-objdump -h -S Hmi_ECU.elf  >"Hmi_ECU.lss"
Finished building: Hmi_ECU.lss
 
Invoking: Print Size
avr-size --format=avr --mcu=atmega16 Hmi_ECU.elf
AVR Memory Usage
----------------
Device: atmega16

Program:   14390 bytes (87.8% Full)
(.text + .data + .bootloader)

Data:        187 bytes (18.3% Full)
(.data + .bss + .noinit)


Finished building: sizedummy
 
12:13:17 **** Incremental Build of configuration Debug for project Control_ECU ****
make all 
Building file: ../Door_Security_System2.c
Invoking: AVR Compiler
avr-gcc -Wall -g2 -gstabs -O0 -fpack-struct -fshort-enums -ffunction-sections -fdata-sections -std=gnu99 -funsigned-char -funsigned-bitfields -mmcu=atmega16 -DF_CPU=1000000UL -MMD -MP -MF"Door_Security_System2.d" -MT"Door_Security_System2.o" -c -o "Door_Security_System2.o" "../Door_Security_System2.c"
In file included from ../Door_Security_System2.c:1:
../std_types.h:42:1: warning: "F_CPU" redefined
<command-line>: warning: this is the location of the previous definition
In file included from ../Door_Security_System2.c:9:
c:/winavr-20100110/lib/gcc/../../avr/include/avr/delay.h:36:2: warning: #warning "This file has been moved to <util/delay.h>."
In file included from c:/winavr-20100110/lib/gcc/../../avr/include/avr/delay.h:37,
                 from ../Door_Security_System2.c:9:
c:/winavr-20100110/lib/gcc/../../avr/include/util/delay.h:90:3: warning: #warning "Compiler optimizations disabled; functions from <util/delay.h> won't work as designed"
../Door_Security_System2.c: In function 'main':
../Door_Security_System2.c:45: warning: passing argument 2 of 'EEPROM_readByte' makes pointer from integer without a cast
../Door_Security_System2.c:64: warning: large integer implicitly truncated to unsigned type
../Door_Security_System2.c:82: warning: passing argument 2 of 'EEPROM_readByte' makes pointer from integer without a cast
Finished building: ../Door_Security_System2.c
 
Building target: Control_ECU.elf
Invoking: AVR C Linker
avr-gcc -Wl,-Map,Control_ECU.map -mmcu=atmega16 -o "Control_ECU.elf"  ./Door_Security_System2.o ./buzzer.o ./external_eeprom.o ./gpio.o ./motor.o ./pwm.o ./timer0.o ./twi.o ./uart.o   
Finished building target: Control_ECU.elf
 
Invoking: AVR Create Extended Listing
avr-objdump -h -S Control_ECU.elf  >"Control_ECU.lss"
Finished building: Control_ECU.lss
 
Invoking: Print Size
avr-size --format=avr --mcu=atmega16 Control_ECU.elf
AVR Memory Usage
----------------
Device: atmega16

Program:   10562 bytes (64.5% Full)
(.text + .data + .bootloader)

Data:         77 bytes (7.5% Full)
(.data + .bss + .noinit)


Finished building: sizedummy
 
12:13:18 **** Incremental Build of configuration Debug for project Hmi_ECU ****
make all 
Building file: ../Door_Security_System.c
Invoking: AVR Compiler
avr-gcc -Wall -g2 -gstabs -O0 -fpack-struct -fshort-enums -ffunction-sections -fdata-sections -std=gnu99 -funsigned-char -funsigned-bitfields -mmcu=atmega16 -DF_CPU=1000000UL -MMD -MP -MF"Door_Security_System.d" -MT"Door_Security_System.o" -c -o "Door_Security_System.o" "../Door_Security_System.c"
In file included from ../Door_Security_System.c:1:
c:/winavr-20100110/lib/gcc/../../avr/include/avr/delay.h:36:2: warning: #warning "This file has been moved to <util/delay.h>."
In file included from c:/winavr-20100110/lib/gcc/../../avr/include/avr/delay.h:37,
                 from ../Door_Security_System.c:1:
c:/winavr-20100110/lib/gcc/../../avr/include/util/delay.h:90:3: warning: #warning "Compiler optimizations disabled; functions from <util/delay.h> won't work as designed"
In file included from ../timer0.h:2,
                 from ../Door_Security_System.c:2:
../std_types.h:42:1: warning: "F_CPU" redefined
<command-line>: warning: this is the location of the previous definition
../Door_Security_System.c: In function 'main':
../Door_Security_System.c:29: warning: implicit declaration of function 'KEYPAD_getPressedKey'
Finished building: ../Door_Security_System.c
 
Building target: Hmi_ECU.elf
Invoking: AVR C Linker
avr-gcc -Wl,-Map,Hmi_ECU.map -mmcu=atmega16 -o "Hmi_ECU.elf"  ./Door_Security_System.o ./gpio.o ./keypad.o ./lcd.o ./timer0.o ./uart.o   
Finished building target: Hmi_ECU.elf
 
Invoking: AVR Create Extended Listing
avr-objdump -h -S Hmi_ECU.elf  >"Hmi_ECU.lss"
Finished building: Hmi_ECU.lss
 
Invoking: Print Size
avr-size --format=avr --mcu=atmega16 Hmi_ECU.elf
AVR Memory Usage
----------------
Device: atmega16

Program:   14396 bytes (87.9% Full)
(.text + .data + .bootloader)

Data:        187 bytes (18.3% Full)
(.data + .bss + .noinit)


Finished building: sizedummy
 
12:15:24 **** Incremental Build of configuration Debug for project Control_ECU ****
make all 
Building file: ../Door_Security_System2.c
Invoking: AVR Compiler
avr-gcc -Wall -g2 -gstabs -O0 -fpack-struct -fshort-enums -ffunction-sections -fdata-sections -std=gnu99 -funsigned-char -funsigned-bitfields -mmcu=atmega16 -DF_CPU=1000000UL -MMD -MP -MF"Door_Security_System2.d" -MT"Door_Security_System2.o" -c -o "Door_Security_System2.o" "../Door_Security_System2.c"
In file included from ../Door_Security_System2.c:1:
../std_types.h:42:1: warning: "F_CPU" redefined
<command-line>: warning: this is the location of the previous definition
In file included from ../Door_Security_System2.c:9:
c:/winavr-20100110/lib/gcc/../../avr/include/avr/delay.h:36:2: warning: #warning "This file has been moved to <util/delay.h>."
In file included from c:/winavr-20100110/lib/gcc/../../avr/include/avr/delay.h:37,
                 from ../Door_Security_System2.c:9:
c:/winavr-20100110/lib/gcc/../../avr/include/util/delay.h:90:3: warning: #warning "Compiler optimizations disabled; functions from <util/delay.h> won't work as designed"
../Door_Security_System2.c: In function 'main':
../Door_Security_System2.c:45: warning: passing argument 2 of 'EEPROM_readByte' makes pointer from integer without a cast
../Door_Security_System2.c:82: warning: passing argument 2 of 'EEPROM_readByte' makes pointer from integer without a cast
Finished building: ../Door_Security_System2.c
 
Building file: ../buzzer.c
Invoking: AVR Compiler
avr-gcc -Wall -g2 -gstabs -O0 -fpack-struct -fshort-enums -ffunction-sections -fdata-sections -std=gnu99 -funsigned-char -funsigned-bitfields -mmcu=atmega16 -DF_CPU=1000000UL -MMD -MP -MF"buzzer.d" -MT"buzzer.o" -c -o "buzzer.o" "../buzzer.c"
In file included from ../gpio.h:16,
                 from ../buzzer.h:2,
                 from ../buzzer.c:1:
../std_types.h:42:1: warning: "F_CPU" redefined
<command-line>: warning: this is the location of the previous definition
Finished building: ../buzzer.c
 
Building file: ../external_eeprom.c
Invoking: AVR Compiler
avr-gcc -Wall -g2 -gstabs -O0 -fpack-struct -fshort-enums -ffunction-sections -fdata-sections -std=gnu99 -funsigned-char -funsigned-bitfields -mmcu=atmega16 -DF_CPU=1000000UL -MMD -MP -MF"external_eeprom.d" -MT"external_eeprom.o" -c -o "external_eeprom.o" "../external_eeprom.c"
In file included from ../external_eeprom.h:17,
                 from ../external_eeprom.c:12:
../std_types.h:42:1: warning: "F_CPU" redefined
<command-line>: warning: this is the location of the previous definition
Finished building: ../external_eeprom.c
 
Building file: ../gpio.c
Invoking: AVR Compiler
avr-gcc -Wall -g2 -gstabs -O0 -fpack-struct -fshort-enums -ffunction-sections -fdata-sections -std=gnu99 -funsigned-char -funsigned-bitfields -mmcu=atmega16 -DF_CPU=1000000UL -MMD -MP -MF"gpio.d" -MT"gpio.o" -c -o "gpio.o" "../gpio.c"
In file included from ../gpio.h:16,
                 from ../gpio.c:13:
../std_types.h:42:1: warning: "F_CPU" redefined
<command-line>: warning: this is the location of the previous definition
Finished building: ../gpio.c
 
Building file: ../motor.c
Invoking: AVR Compiler
avr-gcc -Wall -g2 -gstabs -O0 -fpack-struct -fshort-enums -ffunction-sections -fdata-sections -std=gnu99 -funsigned-char -funsigned-bitfields -mmcu=atmega16 -DF_CPU=1000000UL -MMD -MP -MF"motor.d" -MT"motor.o" -c -o "motor.o" "../motor.c"
In file included from ../gpio.h:16,
                 from ../motor.h:16,
                 from ../motor.c:15:
../std_types.h:42:1: warning: "F_CPU" redefined
<command-line>: warning: this is the location of the previous definition
Finished building: ../motor.c
 
Building file: ../pwm.c
Invoking: AVR Compiler
avr-gcc -Wall -g2 -gstabs -O0 -fpack-struct -fshort-enums -ffunction-sections -fdata-sections -std=gnu99 -funsigned-char -funsigned-bitfields -mmcu=atmega16 -DF_CPU=1000000UL -MMD -MP -MF"pwm.d" -MT"pwm.o" -c -o "pwm.o" "../pwm.c"
In file included from ../gpio.h:16,
                 from ../pwm.h:14,
                 from ../pwm.c:15:
../std_types.h:42:1: warning: "F_CPU" redefined
<command-line>: warning: this is the location of the previous definition
Finished building: ../pwm.c
 
Building file: ../timer0.c
Invoking: AVR Compiler
avr-gcc -Wall -g2 -gstabs -O0 -fpack-struct -fshort-enums -ffunction-sections -fdata-sections -std=gnu99 -funsigned-char -funsigned-bitfields -mmcu=atmega16 -DF_CPU=1000000UL -MMD -MP -MF"timer0.d" -MT"timer0.o" -c -o "timer0.o" "../timer0.c"
In file included from ../timer0.h:2,
                 from ../timer0.c:1:
../std_types.h:42:1: warning: "F_CPU" redefined
<command-line>: warning: this is the location of the previous definition
../timer0.c: In function 'Timer0_SetcallBack':
../timer0.c:49: warning: function return types not compatible due to 'volatile'
Finished building: ../timer0.c
 
Building file: ../twi.c
Invoking: AVR Compiler
avr-gcc -Wall -g2 -gstabs -O0 -fpack-struct -fshort-enums -ffunction-sections -fdata-sections -std=gnu99 -funsigned-char -funsigned-bitfields -mmcu=atmega16 -DF_CPU=1000000UL -MMD -MP -MF"twi.d" -MT"twi.o" -c -o "twi.o" "../twi.c"
In file included from ../twi.h:16,
                 from ../twi.c:13:
../std_types.h:42:1: warning: "F_CPU" redefined
<command-line>: warning: this is the location of the previous definition
Finished building: ../twi.c
 
Building file: ../uart.c
Invoking: AVR Compiler
avr-gcc -Wall -g2 -gstabs -O0 -fpack-struct -fshort-enums -ffunction-sections -fdata-sections -std=gnu99 -funsigned-char -funsigned-bitfields -mmcu=atmega16 -DF_CPU=1000000UL -MMD -MP -MF"uart.d" -MT"uart.o" -c -o "uart.o" "../uart.c"
In file included from ../uart.h:16,
                 from ../uart.c:13:
../std_types.h:42:1: warning: "F_CPU" redefined
<command-line>: warning: this is the location of the previous definition
Finished building: ../uart.c
 
Building target: Control_ECU.elf
Invoking: AVR C Linker
avr-gcc -Wl,-Map,Control_ECU.map -mmcu=atmega16 -o "Control_ECU.elf"  ./Door_Security_System2.o ./buzzer.o ./external_eeprom.o ./gpio.o ./motor.o ./pwm.o ./timer0.o ./twi.o ./uart.o   
Finished building target: Control_ECU.elf
 
Invoking: AVR Create Extended Listing
avr-objdump -h -S Control_ECU.elf  >"Control_ECU.lss"
Finished building: Control_ECU.lss
 
Invoking: Print Size
avr-size --format=avr --mcu=atmega16 Control_ECU.elf
AVR Memory Usage
----------------
Device: atmega16

Program:   10562 bytes (64.5% Full)
(.text + .data + .bootloader)

Data:         75 bytes (7.3% Full)
(.data + .bss + .noinit)


Finished building: sizedummy
 
12:15:26 **** Incremental Build of configuration Debug for project Hmi_ECU ****
make all 
Building file: ../Door_Security_System.c
Invoking: AVR Compiler
avr-gcc -Wall -g2 -gstabs -O0 -fpack-struct -fshort-enums -ffunction-sections -fdata-sections -std=gnu99 -funsigned-char -funsigned-bitfields -mmcu=atmega16 -DF_CPU=1000000UL -MMD -MP -MF"Door_Security_System.d" -MT"Door_Security_System.o" -c -o "Door_Security_System.o" "../Door_Security_System.c"
In file included from ../Door_Security_System.c:1:
c:/winavr-20100110/lib/gcc/../../avr/include/avr/delay.h:36:2: warning: #warning "This file has been moved to <util/delay.h>."
In file included from c:/winavr-20100110/lib/gcc/../../avr/include/avr/delay.h:37,
                 from ../Door_Security_System.c:1:
c:/winavr-20100110/lib/gcc/../../avr/include/util/delay.h:90:3: warning: #warning "Compiler optimizations disabled; functions from <util/delay.h> won't work as designed"
In file included from ../timer0.h:2,
                 from ../Door_Security_System.c:2:
../std_types.h:42:1: warning: "F_CPU" redefined
<command-line>: warning: this is the location of the previous definition
../Door_Security_System.c: In function 'main':
../Door_Security_System.c:29: warning: implicit declaration of function 'KEYPAD_getPressedKey'
Finished building: ../Door_Security_System.c
 
Building file: ../gpio.c
Invoking: AVR Compiler
avr-gcc -Wall -g2 -gstabs -O0 -fpack-struct -fshort-enums -ffunction-sections -fdata-sections -std=gnu99 -funsigned-char -funsigned-bitfields -mmcu=atmega16 -DF_CPU=1000000UL -MMD -MP -MF"gpio.d" -MT"gpio.o" -c -o "gpio.o" "../gpio.c"
In file included from ../gpio.h:16,
                 from ../gpio.c:13:
../std_types.h:42:1: warning: "F_CPU" redefined
<command-line>: warning: this is the location of the previous definition
Finished building: ../gpio.c
 
Building file: ../keypad.c
Invoking: AVR Compiler
avr-gcc -Wall -g2 -gstabs -O0 -fpack-struct -fshort-enums -ffunction-sections -fdata-sections -std=gnu99 -funsigned-char -funsigned-bitfields -mmcu=atmega16 -DF_CPU=1000000UL -MMD -MP -MF"keypad.d" -MT"keypad.o" -c -o "keypad.o" "../keypad.c"
In file included from ../keypad.h:16,
                 from ../keypad.c:13:
../std_types.h:42:1: warning: "F_CPU" redefined
<command-line>: warning: this is the location of the previous definition
Finished building: ../keypad.c
 
Building file: ../lcd.c
Invoking: AVR Compiler
avr-gcc -Wall -g2 -gstabs -O0 -fpack-struct -fshort-enums -ffunction-sections -fdata-sections -std=gnu99 -funsigned-char -funsigned-bitfields -mmcu=atmega16 -DF_CPU=1000000UL -MMD -MP -MF"lcd.d" -MT"lcd.o" -c -o "lcd.o" "../lcd.c"
In file included from ../lcd.c:13:
c:/winavr-20100110/lib/gcc/../../avr/include/util/delay.h:90:3: warning: #warning "Compiler optimizations disabled; functions from <util/delay.h> won't work as designed"
In file included from ../gpio.h:16,
                 from ../lcd.c:15:
../std_types.h:42:1: warning: "F_CPU" redefined
<command-line>: warning: this is the location of the previous definition
../lcd.c: In function 'LCD_intgerToString':
../lcd.c:146: warning: implicit declaration of function 'itoa'
Finished building: ../lcd.c
 
Building file: ../timer0.c
Invoking: AVR Compiler
avr-gcc -Wall -g2 -gstabs -O0 -fpack-struct -fshort-enums -ffunction-sections -fdata-sections -std=gnu99 -funsigned-char -funsigned-bitfields -mmcu=atmega16 -DF_CPU=1000000UL -MMD -MP -MF"timer0.d" -MT"timer0.o" -c -o "timer0.o" "../timer0.c"
In file included from ../timer0.h:2,
                 from ../timer0.c:1:
../std_types.h:42:1: warning: "F_CPU" redefined
<command-line>: warning: this is the location of the previous definition
../timer0.c: In function 'Timer0_SetcallBack':
../timer0.c:50: warning: function return types not compatible due to 'volatile'
Finished building: ../timer0.c
 
Building file: ../uart.c
Invoking: AVR Compiler
avr-gcc -Wall -g2 -gstabs -O0 -fpack-struct -fshort-enums -ffunction-sections -fdata-sections -std=gnu99 -funsigned-char -funsigned-bitfields -mmcu=atmega16 -DF_CPU=1000000UL -MMD -MP -MF"uart.d" -MT"uart.o" -c -o "uart.o" "../uart.c"
In file included from ../uart.h:16,
                 from ../uart.c:13:
../std_types.h:42:1: warning: "F_CPU" redefined
<command-line>: warning: this is the location of the previous definition
Finished building: ../uart.c
 
Building target: Hmi_ECU.elf
Invoking: AVR C Linker
avr-gcc -Wl,-Map,Hmi_ECU.map -mmcu=atmega16 -o "Hmi_ECU.elf"  ./Door_Security_System.o ./gpio.o ./keypad.o ./lcd.o ./timer0.o ./uart.o   
Finished building target: Hmi_ECU.elf
 
Invoking: AVR Create Extended Listing
avr-objdump -h -S Hmi_ECU.elf  >"Hmi_ECU.lss"
Finished building: Hmi_ECU.lss
 
Invoking: Print Size
avr-size --format=avr --mcu=atmega16 Hmi_ECU.elf
AVR Memory Usage
----------------
Device: atmega16

Program:   14394 bytes (87.9% Full)
(.text + .data + .bootloader)

Data:        187 bytes (18.3% Full)
(.data + .bss + .noinit)


Finished building: sizedummy
 
12:16:46 **** Incremental Build of configuration Debug for project Control_ECU ****
make all 
Invoking: Print Size
avr-size --format=avr --mcu=atmega16 Control_ECU.elf
AVR Memory Usage
----------------
Device: atmega16

Program:   10562 bytes (64.5% Full)
(.text + .data + .bootloader)

Data:         75 bytes (7.3% Full)
(.data + .bss + .noinit)


Finished building: sizedummy
 
12:16:46 **** Incremental Build of configuration Debug for project Hmi_ECU ****
make all 
Building file: ../Door_Security_System.c
Invoking: AVR Compiler
avr-gcc -Wall -g2 -gstabs -O0 -fpack-struct -fshort-enums -ffunction-sections -fdata-sections -std=gnu99 -funsigned-char -funsigned-bitfields -mmcu=atmega16 -DF_CPU=1000000UL -MMD -MP -MF"Door_Security_System.d" -MT"Door_Security_System.o" -c -o "Door_Security_System.o" "../Door_Security_System.c"
In file included from ../Door_Security_System.c:1:
c:/winavr-20100110/lib/gcc/../../avr/include/avr/delay.h:36:2: warning: #warning "This file has been moved to <util/delay.h>."
In file included from c:/winavr-20100110/lib/gcc/../../avr/include/avr/delay.h:37,
                 from ../Door_Security_System.c:1:
c:/winavr-20100110/lib/gcc/../../avr/include/util/delay.h:90:3: warning: #warning "Compiler optimizations disabled; functions from <util/delay.h> won't work as designed"
In file included from ../timer0.h:2,
                 from ../Door_Security_System.c:2:
../std_types.h:42:1: warning: "F_CPU" redefined
<command-line>: warning: this is the location of the previous definition
../Door_Security_System.c: In function 'main':
../Door_Security_System.c:29: warning: implicit declaration of function 'KEYPAD_getPressedKey'
Finished building: ../Door_Security_System.c
 
Building target: Hmi_ECU.elf
Invoking: AVR C Linker
avr-gcc -Wl,-Map,Hmi_ECU.map -mmcu=atmega16 -o "Hmi_ECU.elf"  ./Door_Security_System.o ./gpio.o ./keypad.o ./lcd.o ./timer0.o ./uart.o   
Finished building target: Hmi_ECU.elf
 
Invoking: AVR Create Extended Listing
avr-objdump -h -S Hmi_ECU.elf  >"Hmi_ECU.lss"
Finished building: Hmi_ECU.lss
 
Invoking: Print Size
avr-size --format=avr --mcu=atmega16 Hmi_ECU.elf
AVR Memory Usage
----------------
Device: atmega16

Program:   14378 bytes (87.8% Full)
(.text + .data + .bootloader)

Data:        187 bytes (18.3% Full)
(.data + .bss + .noinit)


Finished building: sizedummy
 
12:19:17 **** Incremental Build of configuration Debug for project Control_ECU ****
make all 
Invoking: Print Size
avr-size --format=avr --mcu=atmega16 Control_ECU.elf
AVR Memory Usage
----------------
Device: atmega16

Program:   10562 bytes (64.5% Full)
(.text + .data + .bootloader)

Data:         75 bytes (7.3% Full)
(.data + .bss + .noinit)


Finished building: sizedummy
 
12:19:17 **** Incremental Build of configuration Debug for project Hmi_ECU ****
make all 
Building file: ../Door_Security_System.c
Invoking: AVR Compiler
avr-gcc -Wall -g2 -gstabs -O0 -fpack-struct -fshort-enums -ffunction-sections -fdata-sections -std=gnu99 -funsigned-char -funsigned-bitfields -mmcu=atmega16 -DF_CPU=1000000UL -MMD -MP -MF"Door_Security_System.d" -MT"Door_Security_System.o" -c -o "Door_Security_System.o" "../Door_Security_System.c"
In file included from ../Door_Security_System.c:1:
c:/winavr-20100110/lib/gcc/../../avr/include/avr/delay.h:36:2: warning: #warning "This file has been moved to <util/delay.h>."
In file included from c:/winavr-20100110/lib/gcc/../../avr/include/avr/delay.h:37,
                 from ../Door_Security_System.c:1:
c:/winavr-20100110/lib/gcc/../../avr/include/util/delay.h:90:3: warning: #warning "Compiler optimizations disabled; functions from <util/delay.h> won't work as designed"
In file included from ../timer0.h:2,
                 from ../Door_Security_System.c:2:
../std_types.h:42:1: warning: "F_CPU" redefined
<command-line>: warning: this is the location of the previous definition
../Door_Security_System.c: In function 'main':
../Door_Security_System.c:29: warning: implicit declaration of function 'KEYPAD_getPressedKey'
Finished building: ../Door_Security_System.c
 
Building target: Hmi_ECU.elf
Invoking: AVR C Linker
avr-gcc -Wl,-Map,Hmi_ECU.map -mmcu=atmega16 -o "Hmi_ECU.elf"  ./Door_Security_System.o ./gpio.o ./keypad.o ./lcd.o ./timer0.o ./uart.o   
Finished building target: Hmi_ECU.elf
 
Invoking: AVR Create Extended Listing
avr-objdump -h -S Hmi_ECU.elf  >"Hmi_ECU.lss"
Finished building: Hmi_ECU.lss
 
Invoking: Print Size
avr-size --format=avr --mcu=atmega16 Hmi_ECU.elf
AVR Memory Usage
----------------
Device: atmega16

Program:   14012 bytes (85.5% Full)
(.text + .data + .bootloader)

Data:        187 bytes (18.3% Full)
(.data + .bss + .noinit)


Finished building: sizedummy
 
12:27:24 **** Incremental Build of configuration Debug for project Control_ECU ****
make all 
Building file: ../Door_Security_System2.c
Invoking: AVR Compiler
avr-gcc -Wall -g2 -gstabs -O0 -fpack-struct -fshort-enums -ffunction-sections -fdata-sections -std=gnu99 -funsigned-char -funsigned-bitfields -mmcu=atmega16 -DF_CPU=1000000UL -MMD -MP -MF"Door_Security_System2.d" -MT"Door_Security_System2.o" -c -o "Door_Security_System2.o" "../Door_Security_System2.c"
In file included from ../Door_Security_System2.c:1:
../std_types.h:42:1: warning: "F_CPU" redefined
<command-line>: warning: this is the location of the previous definition
In file included from ../Door_Security_System2.c:9:
c:/winavr-20100110/lib/gcc/../../avr/include/avr/delay.h:36:2: warning: #warning "This file has been moved to <util/delay.h>."
In file included from c:/winavr-20100110/lib/gcc/../../avr/include/avr/delay.h:37,
                 from ../Door_Security_System2.c:9:
c:/winavr-20100110/lib/gcc/../../avr/include/util/delay.h:90:3: warning: #warning "Compiler optimizations disabled; functions from <util/delay.h> won't work as designed"
../Door_Security_System2.c: In function 'main':
../Door_Security_System2.c:45: warning: passing argument 2 of 'EEPROM_readByte' makes pointer from integer without a cast
../Door_Security_System2.c:82: warning: passing argument 2 of 'EEPROM_readByte' makes pointer from integer without a cast
Finished building: ../Door_Security_System2.c
 
Building file: ../buzzer.c
Invoking: AVR Compiler
avr-gcc -Wall -g2 -gstabs -O0 -fpack-struct -fshort-enums -ffunction-sections -fdata-sections -std=gnu99 -funsigned-char -funsigned-bitfields -mmcu=atmega16 -DF_CPU=1000000UL -MMD -MP -MF"buzzer.d" -MT"buzzer.o" -c -o "buzzer.o" "../buzzer.c"
In file included from ../gpio.h:16,
                 from ../buzzer.h:2,
                 from ../buzzer.c:1:
../std_types.h:42:1: warning: "F_CPU" redefined
<command-line>: warning: this is the location of the previous definition
Finished building: ../buzzer.c
 
Building file: ../external_eeprom.c
Invoking: AVR Compiler
avr-gcc -Wall -g2 -gstabs -O0 -fpack-struct -fshort-enums -ffunction-sections -fdata-sections -std=gnu99 -funsigned-char -funsigned-bitfields -mmcu=atmega16 -DF_CPU=1000000UL -MMD -MP -MF"external_eeprom.d" -MT"external_eeprom.o" -c -o "external_eeprom.o" "../external_eeprom.c"
In file included from ../external_eeprom.h:17,
                 from ../external_eeprom.c:12:
../std_types.h:42:1: warning: "F_CPU" redefined
<command-line>: warning: this is the location of the previous definition
Finished building: ../external_eeprom.c
 
Building file: ../gpio.c
Invoking: AVR Compiler
avr-gcc -Wall -g2 -gstabs -O0 -fpack-struct -fshort-enums -ffunction-sections -fdata-sections -std=gnu99 -funsigned-char -funsigned-bitfields -mmcu=atmega16 -DF_CPU=1000000UL -MMD -MP -MF"gpio.d" -MT"gpio.o" -c -o "gpio.o" "../gpio.c"
In file included from ../gpio.h:16,
                 from ../gpio.c:13:
../std_types.h:42:1: warning: "F_CPU" redefined
<command-line>: warning: this is the location of the previous definition
Finished building: ../gpio.c
 
Building file: ../motor.c
Invoking: AVR Compiler
avr-gcc -Wall -g2 -gstabs -O0 -fpack-struct -fshort-enums -ffunction-sections -fdata-sections -std=gnu99 -funsigned-char -funsigned-bitfields -mmcu=atmega16 -DF_CPU=1000000UL -MMD -MP -MF"motor.d" -MT"motor.o" -c -o "motor.o" "../motor.c"
In file included from ../gpio.h:16,
                 from ../motor.h:16,
                 from ../motor.c:15:
../std_types.h:42:1: warning: "F_CPU" redefined
<command-line>: warning: this is the location of the previous definition
Finished building: ../motor.c
 
Building file: ../pwm.c
Invoking: AVR Compiler
avr-gcc -Wall -g2 -gstabs -O0 -fpack-struct -fshort-enums -ffunction-sections -fdata-sections -std=gnu99 -funsigned-char -funsigned-bitfields -mmcu=atmega16 -DF_CPU=1000000UL -MMD -MP -MF"pwm.d" -MT"pwm.o" -c -o "pwm.o" "../pwm.c"
In file included from ../gpio.h:16,
                 from ../pwm.h:14,
                 from ../pwm.c:15:
../std_types.h:42:1: warning: "F_CPU" redefined
<command-line>: warning: this is the location of the previous definition
Finished building: ../pwm.c
 
Building file: ../timer0.c
Invoking: AVR Compiler
avr-gcc -Wall -g2 -gstabs -O0 -fpack-struct -fshort-enums -ffunction-sections -fdata-sections -std=gnu99 -funsigned-char -funsigned-bitfields -mmcu=atmega16 -DF_CPU=1000000UL -MMD -MP -MF"timer0.d" -MT"timer0.o" -c -o "timer0.o" "../timer0.c"
In file included from ../timer0.h:2,
                 from ../timer0.c:1:
../std_types.h:42:1: warning: "F_CPU" redefined
<command-line>: warning: this is the location of the previous definition
../timer0.c: In function 'Timer0_SetcallBack':
../timer0.c:49: warning: function return types not compatible due to 'volatile'
Finished building: ../timer0.c
 
Building file: ../twi.c
Invoking: AVR Compiler
avr-gcc -Wall -g2 -gstabs -O0 -fpack-struct -fshort-enums -ffunction-sections -fdata-sections -std=gnu99 -funsigned-char -funsigned-bitfields -mmcu=atmega16 -DF_CPU=1000000UL -MMD -MP -MF"twi.d" -MT"twi.o" -c -o "twi.o" "../twi.c"
In file included from ../twi.h:16,
                 from ../twi.c:13:
../std_types.h:42:1: warning: "F_CPU" redefined
<command-line>: warning: this is the location of the previous definition
Finished building: ../twi.c
 
Building file: ../uart.c
Invoking: AVR Compiler
avr-gcc -Wall -g2 -gstabs -O0 -fpack-struct -fshort-enums -ffunction-sections -fdata-sections -std=gnu99 -funsigned-char -funsigned-bitfields -mmcu=atmega16 -DF_CPU=1000000UL -MMD -MP -MF"uart.d" -MT"uart.o" -c -o "uart.o" "../uart.c"
In file included from ../uart.h:16,
                 from ../uart.c:13:
../std_types.h:42:1: warning: "F_CPU" redefined
<command-line>: warning: this is the location of the previous definition
Finished building: ../uart.c
 
Building target: Control_ECU.elf
Invoking: AVR C Linker
avr-gcc -Wl,-Map,Control_ECU.map -mmcu=atmega16 -o "Control_ECU.elf"  ./Door_Security_System2.o ./buzzer.o ./external_eeprom.o ./gpio.o ./motor.o ./pwm.o ./timer0.o ./twi.o ./uart.o   
Finished building target: Control_ECU.elf
 
Invoking: AVR Create Extended Listing
avr-objdump -h -S Control_ECU.elf  >"Control_ECU.lss"
Finished building: Control_ECU.lss
 
Invoking: Print Size
avr-size --format=avr --mcu=atmega16 Control_ECU.elf
AVR Memory Usage
----------------
Device: atmega16

Program:   10562 bytes (64.5% Full)
(.text + .data + .bootloader)

Data:         75 bytes (7.3% Full)
(.data + .bss + .noinit)


Finished building: sizedummy
 
12:27:26 **** Incremental Build of configuration Debug for project Hmi_ECU ****
make all 
Building file: ../Door_Security_System.c
Invoking: AVR Compiler
avr-gcc -Wall -g2 -gstabs -O0 -fpack-struct -fshort-enums -ffunction-sections -fdata-sections -std=gnu99 -funsigned-char -funsigned-bitfields -mmcu=atmega16 -DF_CPU=1000000UL -MMD -MP -MF"Door_Security_System.d" -MT"Door_Security_System.o" -c -o "Door_Security_System.o" "../Door_Security_System.c"
In file included from ../Door_Security_System.c:1:
c:/winavr-20100110/lib/gcc/../../avr/include/avr/delay.h:36:2: warning: #warning "This file has been moved to <util/delay.h>."
In file included from c:/winavr-20100110/lib/gcc/../../avr/include/avr/delay.h:37,
                 from ../Door_Security_System.c:1:
c:/winavr-20100110/lib/gcc/../../avr/include/util/delay.h:90:3: warning: #warning "Compiler optimizations disabled; functions from <util/delay.h> won't work as designed"
In file included from ../timer0.h:2,
                 from ../Door_Security_System.c:2:
../std_types.h:42:1: warning: "F_CPU" redefined
<command-line>: warning: this is the location of the previous definition
../Door_Security_System.c: In function 'main':
../Door_Security_System.c:29: warning: implicit declaration of function 'KEYPAD_getPressedKey'
Finished building: ../Door_Security_System.c
 
Building target: Hmi_ECU.elf
Invoking: AVR C Linker
avr-gcc -Wl,-Map,Hmi_ECU.map -mmcu=atmega16 -o "Hmi_ECU.elf"  ./Door_Security_System.o ./gpio.o ./keypad.o ./lcd.o ./timer0.o ./uart.o   
Finished building target: Hmi_ECU.elf
 
Invoking: AVR Create Extended Listing
avr-objdump -h -S Hmi_ECU.elf  >"Hmi_ECU.lss"
Finished building: Hmi_ECU.lss
 
Invoking: Print Size
avr-size --format=avr --mcu=atmega16 Hmi_ECU.elf
AVR Memory Usage
----------------
Device: atmega16

Program:   14012 bytes (85.5% Full)
(.text + .data + .bootloader)

Data:        187 bytes (18.3% Full)
(.data + .bss + .noinit)


Finished building: sizedummy
 
12:30:05 **** Incremental Build of configuration Debug for project Control_ECU ****
make all 
Building file: ../Door_Security_System2.c
Invoking: AVR Compiler
avr-gcc -Wall -g2 -gstabs -O0 -fpack-struct -fshort-enums -ffunction-sections -fdata-sections -std=gnu99 -funsigned-char -funsigned-bitfields -mmcu=atmega16 -DF_CPU=1000000UL -MMD -MP -MF"Door_Security_System2.d" -MT"Door_Security_System2.o" -c -o "Door_Security_System2.o" "../Door_Security_System2.c"
In file included from ../Door_Security_System2.c:1:
../std_types.h:42:1: warning: "F_CPU" redefined
<command-line>: warning: this is the location of the previous definition
In file included from ../Door_Security_System2.c:9:
c:/winavr-20100110/lib/gcc/../../avr/include/avr/delay.h:36:2: warning: #warning "This file has been moved to <util/delay.h>."
In file included from c:/winavr-20100110/lib/gcc/../../avr/include/avr/delay.h:37,
                 from ../Door_Security_System2.c:9:
c:/winavr-20100110/lib/gcc/../../avr/include/util/delay.h:90:3: warning: #warning "Compiler optimizations disabled; functions from <util/delay.h> won't work as designed"
../Door_Security_System2.c: In function 'main':
../Door_Security_System2.c:45: warning: passing argument 2 of 'EEPROM_readByte' makes pointer from integer without a cast
../Door_Security_System2.c:89: warning: passing argument 2 of 'EEPROM_readByte' makes pointer from integer without a cast
Finished building: ../Door_Security_System2.c
 
Building target: Control_ECU.elf
Invoking: AVR C Linker
avr-gcc -Wl,-Map,Control_ECU.map -mmcu=atmega16 -o "Control_ECU.elf"  ./Door_Security_System2.o ./buzzer.o ./external_eeprom.o ./gpio.o ./motor.o ./pwm.o ./timer0.o ./twi.o ./uart.o   
Finished building target: Control_ECU.elf
 
Invoking: AVR Create Extended Listing
avr-objdump -h -S Control_ECU.elf  >"Control_ECU.lss"
Finished building: Control_ECU.lss
 
Invoking: Print Size
avr-size --format=avr --mcu=atmega16 Control_ECU.elf
AVR Memory Usage
----------------
Device: atmega16

Program:   10562 bytes (64.5% Full)
(.text + .data + .bootloader)

Data:         77 bytes (7.5% Full)
(.data + .bss + .noinit)


Finished building: sizedummy
 
12:30:07 **** Incremental Build of configuration Debug for project Hmi_ECU ****
make all 
Building file: ../Door_Security_System.c
Invoking: AVR Compiler
avr-gcc -Wall -g2 -gstabs -O0 -fpack-struct -fshort-enums -ffunction-sections -fdata-sections -std=gnu99 -funsigned-char -funsigned-bitfields -mmcu=atmega16 -DF_CPU=1000000UL -MMD -MP -MF"Door_Security_System.d" -MT"Door_Security_System.o" -c -o "Door_Security_System.o" "../Door_Security_System.c"
In file included from ../Door_Security_System.c:1:
c:/winavr-20100110/lib/gcc/../../avr/include/avr/delay.h:36:2: warning: #warning "This file has been moved to <util/delay.h>."
In file included from c:/winavr-20100110/lib/gcc/../../avr/include/avr/delay.h:37,
                 from ../Door_Security_System.c:1:
c:/winavr-20100110/lib/gcc/../../avr/include/util/delay.h:90:3: warning: #warning "Compiler optimizations disabled; functions from <util/delay.h> won't work as designed"
In file included from ../timer0.h:2,
                 from ../Door_Security_System.c:2:
../std_types.h:42:1: warning: "F_CPU" redefined
<command-line>: warning: this is the location of the previous definition
../Door_Security_System.c: In function 'main':
../Door_Security_System.c:29: warning: implicit declaration of function 'KEYPAD_getPressedKey'
Finished building: ../Door_Security_System.c
 
Building target: Hmi_ECU.elf
Invoking: AVR C Linker
avr-gcc -Wl,-Map,Hmi_ECU.map -mmcu=atmega16 -o "Hmi_ECU.elf"  ./Door_Security_System.o ./gpio.o ./keypad.o ./lcd.o ./timer0.o ./uart.o   
Finished building target: Hmi_ECU.elf
 
Invoking: AVR Create Extended Listing
avr-objdump -h -S Hmi_ECU.elf  >"Hmi_ECU.lss"
Finished building: Hmi_ECU.lss
 
Invoking: Print Size
avr-size --format=avr --mcu=atmega16 Hmi_ECU.elf
AVR Memory Usage
----------------
Device: atmega16

Program:   14028 bytes (85.6% Full)
(.text + .data + .bootloader)

Data:        187 bytes (18.3% Full)
(.data + .bss + .noinit)


Finished building: sizedummy
 
12:58:12 **** Incremental Build of configuration Debug for project Control_ECU ****
make all 
Building file: ../Door_Security_System2.c
Invoking: AVR Compiler
avr-gcc -Wall -g2 -gstabs -O0 -fpack-struct -fshort-enums -ffunction-sections -fdata-sections -std=gnu99 -funsigned-char -funsigned-bitfields -mmcu=atmega16 -DF_CPU=1000000UL -MMD -MP -MF"Door_Security_System2.d" -MT"Door_Security_System2.o" -c -o "Door_Security_System2.o" "../Door_Security_System2.c"
In file included from ../Door_Security_System2.c:1:
../std_types.h:42:1: warning: "F_CPU" redefined
<command-line>: warning: this is the location of the previous definition
In file included from ../Door_Security_System2.c:9:
c:/winavr-20100110/lib/gcc/../../avr/include/avr/delay.h:36:2: warning: #warning "This file has been moved to <util/delay.h>."
In file included from c:/winavr-20100110/lib/gcc/../../avr/include/avr/delay.h:37,
                 from ../Door_Security_System2.c:9:
c:/winavr-20100110/lib/gcc/../../avr/include/util/delay.h:90:3: warning: #warning "Compiler optimizations disabled; functions from <util/delay.h> won't work as designed"
../Door_Security_System2.c: In function 'main':
../Door_Security_System2.c:45: warning: passing argument 2 of 'EEPROM_readByte' makes pointer from integer without a cast
../Door_Security_System2.c:82: warning: passing argument 2 of 'EEPROM_readByte' makes pointer from integer without a cast
Finished building: ../Door_Security_System2.c
 
Building target: Control_ECU.elf
Invoking: AVR C Linker
avr-gcc -Wl,-Map,Control_ECU.map -mmcu=atmega16 -o "Control_ECU.elf"  ./Door_Security_System2.o ./buzzer.o ./external_eeprom.o ./gpio.o ./motor.o ./pwm.o ./timer0.o ./twi.o ./uart.o   
Finished building target: Control_ECU.elf
 
Invoking: AVR Create Extended Listing
avr-objdump -h -S Control_ECU.elf  >"Control_ECU.lss"
Finished building: Control_ECU.lss
 
Invoking: Print Size
avr-size --format=avr --mcu=atmega16 Control_ECU.elf
AVR Memory Usage
----------------
Device: atmega16

Program:   10562 bytes (64.5% Full)
(.text + .data + .bootloader)

Data:         75 bytes (7.3% Full)
(.data + .bss + .noinit)


Finished building: sizedummy
 
12:58:13 **** Incremental Build of configuration Debug for project Hmi_ECU ****
make all 
Building file: ../Door_Security_System.c
Invoking: AVR Compiler
avr-gcc -Wall -g2 -gstabs -O0 -fpack-struct -fshort-enums -ffunction-sections -fdata-sections -std=gnu99 -funsigned-char -funsigned-bitfields -mmcu=atmega16 -DF_CPU=1000000UL -MMD -MP -MF"Door_Security_System.d" -MT"Door_Security_System.o" -c -o "Door_Security_System.o" "../Door_Security_System.c"
In file included from ../Door_Security_System.c:1:
c:/winavr-20100110/lib/gcc/../../avr/include/avr/delay.h:36:2: warning: #warning "This file has been moved to <util/delay.h>."
In file included from c:/winavr-20100110/lib/gcc/../../avr/include/avr/delay.h:37,
                 from ../Door_Security_System.c:1:
c:/winavr-20100110/lib/gcc/../../avr/include/util/delay.h:90:3: warning: #warning "Compiler optimizations disabled; functions from <util/delay.h> won't work as designed"
In file included from ../timer0.h:2,
                 from ../Door_Security_System.c:2:
../std_types.h:42:1: warning: "F_CPU" redefined
<command-line>: warning: this is the location of the previous definition
../Door_Security_System.c: In function 'main':
../Door_Security_System.c:29: warning: implicit declaration of function 'KEYPAD_getPressedKey'
Finished building: ../Door_Security_System.c
 
Building target: Hmi_ECU.elf
Invoking: AVR C Linker
avr-gcc -Wl,-Map,Hmi_ECU.map -mmcu=atmega16 -o "Hmi_ECU.elf"  ./Door_Security_System.o ./gpio.o ./keypad.o ./lcd.o ./timer0.o ./uart.o   
Finished building target: Hmi_ECU.elf
 
Invoking: AVR Create Extended Listing
avr-objdump -h -S Hmi_ECU.elf  >"Hmi_ECU.lss"
Finished building: Hmi_ECU.lss
 
Invoking: Print Size
avr-size --format=avr --mcu=atmega16 Hmi_ECU.elf
AVR Memory Usage
----------------
Device: atmega16

Program:   14048 bytes (85.7% Full)
(.text + .data + .bootloader)

Data:        187 bytes (18.3% Full)
(.data + .bss + .noinit)


Finished building: sizedummy
 
13:00:08 **** Incremental Build of configuration Debug for project Control_ECU ****
make all 
Invoking: Print Size
avr-size --format=avr --mcu=atmega16 Control_ECU.elf
AVR Memory Usage
----------------
Device: atmega16

Program:   10562 bytes (64.5% Full)
(.text + .data + .bootloader)

Data:         75 bytes (7.3% Full)
(.data + .bss + .noinit)


Finished building: sizedummy
 
13:00:09 **** Incremental Build of configuration Debug for project Hmi_ECU ****
make all 
Building file: ../Door_Security_System.c
Invoking: AVR Compiler
avr-gcc -Wall -g2 -gstabs -O0 -fpack-struct -fshort-enums -ffunction-sections -fdata-sections -std=gnu99 -funsigned-char -funsigned-bitfields -mmcu=atmega16 -DF_CPU=1000000UL -MMD -MP -MF"Door_Security_System.d" -MT"Door_Security_System.o" -c -o "Door_Security_System.o" "../Door_Security_System.c"
In file included from ../Door_Security_System.c:1:
c:/winavr-20100110/lib/gcc/../../avr/include/avr/delay.h:36:2: warning: #warning "This file has been moved to <util/delay.h>."
In file included from c:/winavr-20100110/lib/gcc/../../avr/include/avr/delay.h:37,
                 from ../Door_Security_System.c:1:
c:/winavr-20100110/lib/gcc/../../avr/include/util/delay.h:90:3: warning: #warning "Compiler optimizations disabled; functions from <util/delay.h> won't work as designed"
In file included from ../timer0.h:2,
                 from ../Door_Security_System.c:2:
../std_types.h:42:1: warning: "F_CPU" redefined
<command-line>: warning: this is the location of the previous definition
../Door_Security_System.c: In function 'main':
../Door_Security_System.c:29: warning: implicit declaration of function 'KEYPAD_getPressedKey'
Finished building: ../Door_Security_System.c
 
Building target: Hmi_ECU.elf
Invoking: AVR C Linker
avr-gcc -Wl,-Map,Hmi_ECU.map -mmcu=atmega16 -o "Hmi_ECU.elf"  ./Door_Security_System.o ./gpio.o ./keypad.o ./lcd.o ./timer0.o ./uart.o   
Finished building target: Hmi_ECU.elf
 
Invoking: AVR Create Extended Listing
avr-objdump -h -S Hmi_ECU.elf  >"Hmi_ECU.lss"
Finished building: Hmi_ECU.lss
 
Invoking: Print Size
avr-size --format=avr --mcu=atmega16 Hmi_ECU.elf
AVR Memory Usage
----------------
Device: atmega16

Program:   14408 bytes (87.9% Full)
(.text + .data + .bootloader)

Data:        187 bytes (18.3% Full)
(.data + .bss + .noinit)


Finished building: sizedummy
 
13:01:36 **** Incremental Build of configuration Debug for project Control_ECU ****
make all 
Invoking: Print Size
avr-size --format=avr --mcu=atmega16 Control_ECU.elf
AVR Memory Usage
----------------
Device: atmega16

Program:   10562 bytes (64.5% Full)
(.text + .data + .bootloader)

Data:         75 bytes (7.3% Full)
(.data + .bss + .noinit)


Finished building: sizedummy
 
13:01:36 **** Incremental Build of configuration Debug for project Hmi_ECU ****
make all 
Building file: ../Door_Security_System.c
Invoking: AVR Compiler
avr-gcc -Wall -g2 -gstabs -O0 -fpack-struct -fshort-enums -ffunction-sections -fdata-sections -std=gnu99 -funsigned-char -funsigned-bitfields -mmcu=atmega16 -DF_CPU=1000000UL -MMD -MP -MF"Door_Security_System.d" -MT"Door_Security_System.o" -c -o "Door_Security_System.o" "../Door_Security_System.c"
In file included from ../Door_Security_System.c:1:
c:/winavr-20100110/lib/gcc/../../avr/include/avr/delay.h:36:2: warning: #warning "This file has been moved to <util/delay.h>."
In file included from c:/winavr-20100110/lib/gcc/../../avr/include/avr/delay.h:37,
                 from ../Door_Security_System.c:1:
c:/winavr-20100110/lib/gcc/../../avr/include/util/delay.h:90:3: warning: #warning "Compiler optimizations disabled; functions from <util/delay.h> won't work as designed"
In file included from ../timer0.h:2,
                 from ../Door_Security_System.c:2:
../std_types.h:42:1: warning: "F_CPU" redefined
<command-line>: warning: this is the location of the previous definition
../Door_Security_System.c: In function 'main':
../Door_Security_System.c:29: warning: implicit declaration of function 'KEYPAD_getPressedKey'
Finished building: ../Door_Security_System.c
 
Building target: Hmi_ECU.elf
Invoking: AVR C Linker
avr-gcc -Wl,-Map,Hmi_ECU.map -mmcu=atmega16 -o "Hmi_ECU.elf"  ./Door_Security_System.o ./gpio.o ./keypad.o ./lcd.o ./timer0.o ./uart.o   
Finished building target: Hmi_ECU.elf
 
Invoking: AVR Create Extended Listing
avr-objdump -h -S Hmi_ECU.elf  >"Hmi_ECU.lss"
Finished building: Hmi_ECU.lss
 
Invoking: Print Size
avr-size --format=avr --mcu=atmega16 Hmi_ECU.elf
AVR Memory Usage
----------------
Device: atmega16

Program:   14048 bytes (85.7% Full)
(.text + .data + .bootloader)

Data:        187 bytes (18.3% Full)
(.data + .bss + .noinit)


Finished building: sizedummy
 
14:54:45 **** Incremental Build of configuration Debug for project Control_ECU ****
make all 
Building file: ../Door_Security_System2.c
Invoking: AVR Compiler
avr-gcc -Wall -g2 -gstabs -O0 -fpack-struct -fshort-enums -ffunction-sections -fdata-sections -std=gnu99 -funsigned-char -funsigned-bitfields -mmcu=atmega16 -DF_CPU=1000000UL -MMD -MP -MF"Door_Security_System2.d" -MT"Door_Security_System2.o" -c -o "Door_Security_System2.o" "../Door_Security_System2.c"
In file included from ../Door_Security_System2.c:1:
../std_types.h:42:1: warning: "F_CPU" redefined
<command-line>: warning: this is the location of the previous definition
In file included from ../Door_Security_System2.c:9:
c:/winavr-20100110/lib/gcc/../../avr/include/avr/delay.h:36:2: warning: #warning "This file has been moved to <util/delay.h>."
In file included from c:/winavr-20100110/lib/gcc/../../avr/include/avr/delay.h:37,
                 from ../Door_Security_System2.c:9:
c:/winavr-20100110/lib/gcc/../../avr/include/util/delay.h:90:3: warning: #warning "Compiler optimizations disabled; functions from <util/delay.h> won't work as designed"
../Door_Security_System2.c: In function 'main':
../Door_Security_System2.c:45: warning: passing argument 2 of 'EEPROM_readByte' makes pointer from integer without a cast
../Door_Security_System2.c:90: warning: passing argument 2 of 'EEPROM_readByte' makes pointer from integer without a cast
Finished building: ../Door_Security_System2.c
 
Building target: Control_ECU.elf
Invoking: AVR C Linker
avr-gcc -Wl,-Map,Control_ECU.map -mmcu=atmega16 -o "Control_ECU.elf"  ./Door_Security_System2.o ./buzzer.o ./external_eeprom.o ./gpio.o ./motor.o ./pwm.o ./timer0.o ./twi.o ./uart.o   
Finished building target: Control_ECU.elf
 
Invoking: AVR Create Extended Listing
avr-objdump -h -S Control_ECU.elf  >"Control_ECU.lss"
Finished building: Control_ECU.lss
 
Invoking: Print Size
avr-size --format=avr --mcu=atmega16 Control_ECU.elf
AVR Memory Usage
----------------
Device: atmega16

Program:   10578 bytes (64.6% Full)
(.text + .data + .bootloader)

Data:         79 bytes (7.7% Full)
(.data + .bss + .noinit)


Finished building: sizedummy
 
14:54:46 **** Incremental Build of configuration Debug for project Hmi_ECU ****
make all 
Building file: ../Door_Security_System.c
Invoking: AVR Compiler
avr-gcc -Wall -g2 -gstabs -O0 -fpack-struct -fshort-enums -ffunction-sections -fdata-sections -std=gnu99 -funsigned-char -funsigned-bitfields -mmcu=atmega16 -DF_CPU=1000000UL -MMD -MP -MF"Door_Security_System.d" -MT"Door_Security_System.o" -c -o "Door_Security_System.o" "../Door_Security_System.c"
In file included from ../Door_Security_System.c:1:
c:/winavr-20100110/lib/gcc/../../avr/include/avr/delay.h:36:2: warning: #warning "This file has been moved to <util/delay.h>."
In file included from c:/winavr-20100110/lib/gcc/../../avr/include/avr/delay.h:37,
                 from ../Door_Security_System.c:1:
c:/winavr-20100110/lib/gcc/../../avr/include/util/delay.h:90:3: warning: #warning "Compiler optimizations disabled; functions from <util/delay.h> won't work as designed"
In file included from ../timer0.h:2,
                 from ../Door_Security_System.c:2:
../std_types.h:42:1: warning: "F_CPU" redefined
<command-line>: warning: this is the location of the previous definition
../Door_Security_System.c: In function 'main':
../Door_Security_System.c:29: warning: implicit declaration of function 'KEYPAD_getPressedKey'
Finished building: ../Door_Security_System.c
 
Building target: Hmi_ECU.elf
Invoking: AVR C Linker
avr-gcc -Wl,-Map,Hmi_ECU.map -mmcu=atmega16 -o "Hmi_ECU.elf"  ./Door_Security_System.o ./gpio.o ./keypad.o ./lcd.o ./timer0.o ./uart.o   
Finished building target: Hmi_ECU.elf
 
Invoking: AVR Create Extended Listing
avr-objdump -h -S Hmi_ECU.elf  >"Hmi_ECU.lss"
Finished building: Hmi_ECU.lss
 
Invoking: Print Size
avr-size --format=avr --mcu=atmega16 Hmi_ECU.elf
AVR Memory Usage
----------------
Device: atmega16

Program:   14032 bytes (85.6% Full)
(.text + .data + .bootloader)

Data:        187 bytes (18.3% Full)
(.data + .bss + .noinit)


Finished building: sizedummy
 
14:55:35 **** Incremental Build of configuration Debug for project Control_ECU ****
make all 
Building file: ../Door_Security_System2.c
Invoking: AVR Compiler
avr-gcc -Wall -g2 -gstabs -O0 -fpack-struct -fshort-enums -ffunction-sections -fdata-sections -std=gnu99 -funsigned-char -funsigned-bitfields -mmcu=atmega16 -DF_CPU=1000000UL -MMD -MP -MF"Door_Security_System2.d" -MT"Door_Security_System2.o" -c -o "Door_Security_System2.o" "../Door_Security_System2.c"
In file included from ../Door_Security_System2.c:1:
../std_types.h:42:1: warning: "F_CPU" redefined
<command-line>: warning: this is the location of the previous definition
In file included from ../Door_Security_System2.c:9:
c:/winavr-20100110/lib/gcc/../../avr/include/avr/delay.h:36:2: warning: #warning "This file has been moved to <util/delay.h>."
In file included from c:/winavr-20100110/lib/gcc/../../avr/include/avr/delay.h:37,
                 from ../Door_Security_System2.c:9:
c:/winavr-20100110/lib/gcc/../../avr/include/util/delay.h:90:3: warning: #warning "Compiler optimizations disabled; functions from <util/delay.h> won't work as designed"
../Door_Security_System2.c: In function 'main':
../Door_Security_System2.c:45: warning: passing argument 2 of 'EEPROM_readByte' makes pointer from integer without a cast
../Door_Security_System2.c:90: warning: passing argument 2 of 'EEPROM_readByte' makes pointer from integer without a cast
Finished building: ../Door_Security_System2.c
 
Building target: Control_ECU.elf
Invoking: AVR C Linker
avr-gcc -Wl,-Map,Control_ECU.map -mmcu=atmega16 -o "Control_ECU.elf"  ./Door_Security_System2.o ./buzzer.o ./external_eeprom.o ./gpio.o ./motor.o ./pwm.o ./timer0.o ./twi.o ./uart.o   
Finished building target: Control_ECU.elf
 
Invoking: AVR Create Extended Listing
avr-objdump -h -S Control_ECU.elf  >"Control_ECU.lss"
Finished building: Control_ECU.lss
 
Invoking: Print Size
avr-size --format=avr --mcu=atmega16 Control_ECU.elf
AVR Memory Usage
----------------
Device: atmega16

Program:   10586 bytes (64.6% Full)
(.text + .data + .bootloader)

Data:         79 bytes (7.7% Full)
(.data + .bss + .noinit)


Finished building: sizedummy
 
14:55:36 **** Incremental Build of configuration Debug for project Hmi_ECU ****
make all 
Invoking: Print Size
avr-size --format=avr --mcu=atmega16 Hmi_ECU.elf
AVR Memory Usage
----------------
Device: atmega16

Program:   14032 bytes (85.6% Full)
(.text + .data + .bootloader)

Data:        187 bytes (18.3% Full)
(.data + .bss + .noinit)


Finished building: sizedummy
 
15:00:59 **** Incremental Build of configuration Debug for project Control_ECU ****
make all 
Building file: ../Door_Security_System2.c
Invoking: AVR Compiler
avr-gcc -Wall -g2 -gstabs -O0 -fpack-struct -fshort-enums -ffunction-sections -fdata-sections -std=gnu99 -funsigned-char -funsigned-bitfields -mmcu=atmega16 -DF_CPU=1000000UL -MMD -MP -MF"Door_Security_System2.d" -MT"Door_Security_System2.o" -c -o "Door_Security_System2.o" "../Door_Security_System2.c"
In file included from ../Door_Security_System2.c:1:
../std_types.h:42:1: warning: "F_CPU" redefined
<command-line>: warning: this is the location of the previous definition
In file included from ../Door_Security_System2.c:9:
c:/winavr-20100110/lib/gcc/../../avr/include/avr/delay.h:36:2: warning: #warning "This file has been moved to <util/delay.h>."
In file included from c:/winavr-20100110/lib/gcc/../../avr/include/avr/delay.h:37,
                 from ../Door_Security_System2.c:9:
c:/winavr-20100110/lib/gcc/../../avr/include/util/delay.h:90:3: warning: #warning "Compiler optimizations disabled; functions from <util/delay.h> won't work as designed"
../Door_Security_System2.c: In function 'main':
../Door_Security_System2.c:45: warning: passing argument 2 of 'EEPROM_readByte' makes pointer from integer without a cast
../Door_Security_System2.c:93: warning: passing argument 2 of 'EEPROM_readByte' makes pointer from integer without a cast
Finished building: ../Door_Security_System2.c
 
Building target: Control_ECU.elf
Invoking: AVR C Linker
avr-gcc -Wl,-Map,Control_ECU.map -mmcu=atmega16 -o "Control_ECU.elf"  ./Door_Security_System2.o ./buzzer.o ./external_eeprom.o ./gpio.o ./motor.o ./pwm.o ./timer0.o ./twi.o ./uart.o   
Finished building target: Control_ECU.elf
 
Invoking: AVR Create Extended Listing
avr-objdump -h -S Control_ECU.elf  >"Control_ECU.lss"
Finished building: Control_ECU.lss
 
Invoking: Print Size
avr-size --format=avr --mcu=atmega16 Control_ECU.elf
AVR Memory Usage
----------------
Device: atmega16

Program:   10600 bytes (64.7% Full)
(.text + .data + .bootloader)

Data:         79 bytes (7.7% Full)
(.data + .bss + .noinit)


Finished building: sizedummy
 
15:01:01 **** Incremental Build of configuration Debug for project Hmi_ECU ****
make all 
Invoking: Print Size
avr-size --format=avr --mcu=atmega16 Hmi_ECU.elf
AVR Memory Usage
----------------
Device: atmega16

Program:   14032 bytes (85.6% Full)
(.text + .data + .bootloader)

Data:        187 bytes (18.3% Full)
(.data + .bss + .noinit)


Finished building: sizedummy
 
15:07:30 **** Incremental Build of configuration Debug for project Control_ECU ****
make all 
Building file: ../Door_Security_System2.c
Invoking: AVR Compiler
avr-gcc -Wall -g2 -gstabs -O0 -fpack-struct -fshort-enums -ffunction-sections -fdata-sections -std=gnu99 -funsigned-char -funsigned-bitfields -mmcu=atmega16 -DF_CPU=1000000UL -MMD -MP -MF"Door_Security_System2.d" -MT"Door_Security_System2.o" -c -o "Door_Security_System2.o" "../Door_Security_System2.c"
In file included from ../Door_Security_System2.c:1:
../std_types.h:42:1: warning: "F_CPU" redefined
<command-line>: warning: this is the location of the previous definition
In file included from ../Door_Security_System2.c:9:
c:/winavr-20100110/lib/gcc/../../avr/include/avr/delay.h:36:2: warning: #warning "This file has been moved to <util/delay.h>."
In file included from c:/winavr-20100110/lib/gcc/../../avr/include/avr/delay.h:37,
                 from ../Door_Security_System2.c:9:
c:/winavr-20100110/lib/gcc/../../avr/include/util/delay.h:90:3: warning: #warning "Compiler optimizations disabled; functions from <util/delay.h> won't work as designed"
../Door_Security_System2.c: In function 'main':
../Door_Security_System2.c:45: warning: passing argument 2 of 'EEPROM_readByte' makes pointer from integer without a cast
../Door_Security_System2.c:93: warning: passing argument 2 of 'EEPROM_readByte' makes pointer from integer without a cast
Finished building: ../Door_Security_System2.c
 
Building target: Control_ECU.elf
Invoking: AVR C Linker
avr-gcc -Wl,-Map,Control_ECU.map -mmcu=atmega16 -o "Control_ECU.elf"  ./Door_Security_System2.o ./buzzer.o ./external_eeprom.o ./gpio.o ./motor.o ./pwm.o ./timer0.o ./twi.o ./uart.o   
Finished building target: Control_ECU.elf
 
Invoking: AVR Create Extended Listing
avr-objdump -h -S Control_ECU.elf  >"Control_ECU.lss"
Finished building: Control_ECU.lss
 
Invoking: Print Size
avr-size --format=avr --mcu=atmega16 Control_ECU.elf
AVR Memory Usage
----------------
Device: atmega16

Program:   10684 bytes (65.2% Full)
(.text + .data + .bootloader)

Data:         81 bytes (7.9% Full)
(.data + .bss + .noinit)


Finished building: sizedummy
 
15:07:31 **** Incremental Build of configuration Debug for project Hmi_ECU ****
make all 
Building file: ../Door_Security_System.c
Invoking: AVR Compiler
avr-gcc -Wall -g2 -gstabs -O0 -fpack-struct -fshort-enums -ffunction-sections -fdata-sections -std=gnu99 -funsigned-char -funsigned-bitfields -mmcu=atmega16 -DF_CPU=1000000UL -MMD -MP -MF"Door_Security_System.d" -MT"Door_Security_System.o" -c -o "Door_Security_System.o" "../Door_Security_System.c"
In file included from ../Door_Security_System.c:1:
c:/winavr-20100110/lib/gcc/../../avr/include/avr/delay.h:36:2: warning: #warning "This file has been moved to <util/delay.h>."
In file included from c:/winavr-20100110/lib/gcc/../../avr/include/avr/delay.h:37,
                 from ../Door_Security_System.c:1:
c:/winavr-20100110/lib/gcc/../../avr/include/util/delay.h:90:3: warning: #warning "Compiler optimizations disabled; functions from <util/delay.h> won't work as designed"
In file included from ../timer0.h:2,
                 from ../Door_Security_System.c:2:
../std_types.h:42:1: warning: "F_CPU" redefined
<command-line>: warning: this is the location of the previous definition
../Door_Security_System.c: In function 'main':
../Door_Security_System.c:29: warning: implicit declaration of function 'KEYPAD_getPressedKey'
Finished building: ../Door_Security_System.c
 
Building target: Hmi_ECU.elf
Invoking: AVR C Linker
avr-gcc -Wl,-Map,Hmi_ECU.map -mmcu=atmega16 -o "Hmi_ECU.elf"  ./Door_Security_System.o ./gpio.o ./keypad.o ./lcd.o ./timer0.o ./uart.o   
Finished building target: Hmi_ECU.elf
 
Invoking: AVR Create Extended Listing
avr-objdump -h -S Hmi_ECU.elf  >"Hmi_ECU.lss"
Finished building: Hmi_ECU.lss
 
Invoking: Print Size
avr-size --format=avr --mcu=atmega16 Hmi_ECU.elf
AVR Memory Usage
----------------
Device: atmega16

Program:   14000 bytes (85.4% Full)
(.text + .data + .bootloader)

Data:        187 bytes (18.3% Full)
(.data + .bss + .noinit)


Finished building: sizedummy
 
15:09:30 **** Incremental Build of configuration Debug for project Control_ECU ****
make all 
Building file: ../Door_Security_System2.c
Invoking: AVR Compiler
avr-gcc -Wall -g2 -gstabs -O0 -fpack-struct -fshort-enums -ffunction-sections -fdata-sections -std=gnu99 -funsigned-char -funsigned-bitfields -mmcu=atmega16 -DF_CPU=1000000UL -MMD -MP -MF"Door_Security_System2.d" -MT"Door_Security_System2.o" -c -o "Door_Security_System2.o" "../Door_Security_System2.c"
In file included from ../Door_Security_System2.c:1:
../std_types.h:42:1: warning: "F_CPU" redefined
<command-line>: warning: this is the location of the previous definition
In file included from ../Door_Security_System2.c:9:
c:/winavr-20100110/lib/gcc/../../avr/include/avr/delay.h:36:2: warning: #warning "This file has been moved to <util/delay.h>."
In file included from c:/winavr-20100110/lib/gcc/../../avr/include/avr/delay.h:37,
                 from ../Door_Security_System2.c:9:
c:/winavr-20100110/lib/gcc/../../avr/include/util/delay.h:90:3: warning: #warning "Compiler optimizations disabled; functions from <util/delay.h> won't work as designed"
../Door_Security_System2.c: In function 'main':
../Door_Security_System2.c:45: warning: passing argument 2 of 'EEPROM_readByte' makes pointer from integer without a cast
../Door_Security_System2.c:93: warning: passing argument 2 of 'EEPROM_readByte' makes pointer from integer without a cast
Finished building: ../Door_Security_System2.c
 
Building target: Control_ECU.elf
Invoking: AVR C Linker
avr-gcc -Wl,-Map,Control_ECU.map -mmcu=atmega16 -o "Control_ECU.elf"  ./Door_Security_System2.o ./buzzer.o ./external_eeprom.o ./gpio.o ./motor.o ./pwm.o ./timer0.o ./twi.o ./uart.o   
Finished building target: Control_ECU.elf
 
Invoking: AVR Create Extended Listing
avr-objdump -h -S Control_ECU.elf  >"Control_ECU.lss"
Finished building: Control_ECU.lss
 
Invoking: Print Size
avr-size --format=avr --mcu=atmega16 Control_ECU.elf
AVR Memory Usage
----------------
Device: atmega16

Program:   10708 bytes (65.4% Full)
(.text + .data + .bootloader)

Data:         83 bytes (8.1% Full)
(.data + .bss + .noinit)


Finished building: sizedummy
 
15:09:32 **** Incremental Build of configuration Debug for project Hmi_ECU ****
make all 
Invoking: Print Size
avr-size --format=avr --mcu=atmega16 Hmi_ECU.elf
AVR Memory Usage
----------------
Device: atmega16

Program:   14000 bytes (85.4% Full)
(.text + .data + .bootloader)

Data:        187 bytes (18.3% Full)
(.data + .bss + .noinit)


Finished building: sizedummy
 
15:10:51 **** Incremental Build of configuration Debug for project Control_ECU ****
make all 
Invoking: Print Size
avr-size --format=avr --mcu=atmega16 Control_ECU.elf
AVR Memory Usage
----------------
Device: atmega16

Program:   10708 bytes (65.4% Full)
(.text + .data + .bootloader)

Data:         83 bytes (8.1% Full)
(.data + .bss + .noinit)


Finished building: sizedummy
 
15:10:52 **** Incremental Build of configuration Debug for project Hmi_ECU ****
make all 
Building file: ../Door_Security_System.c
Invoking: AVR Compiler
avr-gcc -Wall -g2 -gstabs -O0 -fpack-struct -fshort-enums -ffunction-sections -fdata-sections -std=gnu99 -funsigned-char -funsigned-bitfields -mmcu=atmega16 -DF_CPU=1000000UL -MMD -MP -MF"Door_Security_System.d" -MT"Door_Security_System.o" -c -o "Door_Security_System.o" "../Door_Security_System.c"
In file included from ../Door_Security_System.c:1:
c:/winavr-20100110/lib/gcc/../../avr/include/avr/delay.h:36:2: warning: #warning "This file has been moved to <util/delay.h>."
In file included from c:/winavr-20100110/lib/gcc/../../avr/include/avr/delay.h:37,
                 from ../Door_Security_System.c:1:
c:/winavr-20100110/lib/gcc/../../avr/include/util/delay.h:90:3: warning: #warning "Compiler optimizations disabled; functions from <util/delay.h> won't work as designed"
In file included from ../timer0.h:2,
                 from ../Door_Security_System.c:2:
../std_types.h:42:1: warning: "F_CPU" redefined
<command-line>: warning: this is the location of the previous definition
../Door_Security_System.c: In function 'main':
../Door_Security_System.c:29: warning: implicit declaration of function 'KEYPAD_getPressedKey'
Finished building: ../Door_Security_System.c
 
Building target: Hmi_ECU.elf
Invoking: AVR C Linker
avr-gcc -Wl,-Map,Hmi_ECU.map -mmcu=atmega16 -o "Hmi_ECU.elf"  ./Door_Security_System.o ./gpio.o ./keypad.o ./lcd.o ./timer0.o ./uart.o   
Finished building target: Hmi_ECU.elf
 
Invoking: AVR Create Extended Listing
avr-objdump -h -S Hmi_ECU.elf  >"Hmi_ECU.lss"
Finished building: Hmi_ECU.lss
 
Invoking: Print Size
avr-size --format=avr --mcu=atmega16 Hmi_ECU.elf
AVR Memory Usage
----------------
Device: atmega16

Program:   14004 bytes (85.5% Full)
(.text + .data + .bootloader)

Data:        187 bytes (18.3% Full)
(.data + .bss + .noinit)


Finished building: sizedummy
 
15:17:24 **** Incremental Build of configuration Debug for project Control_ECU ****
make all 
Invoking: Print Size
avr-size --format=avr --mcu=atmega16 Control_ECU.elf
AVR Memory Usage
----------------
Device: atmega16

Program:   10708 bytes (65.4% Full)
(.text + .data + .bootloader)

Data:         83 bytes (8.1% Full)
(.data + .bss + .noinit)


Finished building: sizedummy
 
15:17:25 **** Incremental Build of configuration Debug for project Hmi_ECU ****
make all 
Invoking: Print Size
avr-size --format=avr --mcu=atmega16 Hmi_ECU.elf
AVR Memory Usage
----------------
Device: atmega16

Program:   14004 bytes (85.5% Full)
(.text + .data + .bootloader)

Data:        187 bytes (18.3% Full)
(.data + .bss + .noinit)


Finished building: sizedummy
 
15:35:15 **** Incremental Build of configuration Debug for project Control_ECU ****
make all 
Building file: ../Door_Security_System2.c
Invoking: AVR Compiler
avr-gcc -Wall -g2 -gstabs -O0 -fpack-struct -fshort-enums -ffunction-sections -fdata-sections -std=gnu99 -funsigned-char -funsigned-bitfields -mmcu=atmega16 -DF_CPU=1000000UL -MMD -MP -MF"Door_Security_System2.d" -MT"Door_Security_System2.o" -c -o "Door_Security_System2.o" "../Door_Security_System2.c"
In file included from ../Door_Security_System2.c:14:
../std_types.h:42:1: warning: "F_CPU" redefined
<command-line>: warning: this is the location of the previous definition
In file included from ../Door_Security_System2.c:22:
c:/winavr-20100110/lib/gcc/../../avr/include/avr/delay.h:36:2: warning: #warning "This file has been moved to <util/delay.h>."
In file included from c:/winavr-20100110/lib/gcc/../../avr/include/avr/delay.h:37,
                 from ../Door_Security_System2.c:22:
c:/winavr-20100110/lib/gcc/../../avr/include/util/delay.h:90:3: warning: #warning "Compiler optimizations disabled; functions from <util/delay.h> won't work as designed"
../Door_Security_System2.c: In function 'main':
../Door_Security_System2.c:70: warning: passing argument 2 of 'EEPROM_readByte' makes pointer from integer without a cast
../Door_Security_System2.c:118: warning: passing argument 2 of 'EEPROM_readByte' makes pointer from integer without a cast
Finished building: ../Door_Security_System2.c
 
Building file: ../timer0.c
Invoking: AVR Compiler
avr-gcc -Wall -g2 -gstabs -O0 -fpack-struct -fshort-enums -ffunction-sections -fdata-sections -std=gnu99 -funsigned-char -funsigned-bitfields -mmcu=atmega16 -DF_CPU=1000000UL -MMD -MP -MF"timer0.d" -MT"timer0.o" -c -o "timer0.o" "../timer0.c"
In file included from ../timer0.h:14,
                 from ../timer0.c:14:
../std_types.h:42:1: warning: "F_CPU" redefined
<command-line>: warning: this is the location of the previous definition
../timer0.c: In function 'Timer0_SetcallBack':
../timer0.c:70: warning: function return types not compatible due to 'volatile'
Finished building: ../timer0.c
 
Building target: Control_ECU.elf
Invoking: AVR C Linker
avr-gcc -Wl,-Map,Control_ECU.map -mmcu=atmega16 -o "Control_ECU.elf"  ./Door_Security_System2.o ./buzzer.o ./external_eeprom.o ./gpio.o ./motor.o ./pwm.o ./timer0.o ./twi.o ./uart.o   
Finished building target: Control_ECU.elf
 
Invoking: AVR Create Extended Listing
avr-objdump -h -S Control_ECU.elf  >"Control_ECU.lss"
Finished building: Control_ECU.lss
 
Invoking: Print Size
avr-size --format=avr --mcu=atmega16 Control_ECU.elf
AVR Memory Usage
----------------
Device: atmega16

Program:   10708 bytes (65.4% Full)
(.text + .data + .bootloader)

Data:         83 bytes (8.1% Full)
(.data + .bss + .noinit)


Finished building: sizedummy
 
15:35:17 **** Incremental Build of configuration Debug for project Hmi_ECU ****
make all 
Building file: ../Door_Security_System.c
Invoking: AVR Compiler
avr-gcc -Wall -g2 -gstabs -O0 -fpack-struct -fshort-enums -ffunction-sections -fdata-sections -std=gnu99 -funsigned-char -funsigned-bitfields -mmcu=atmega16 -DF_CPU=1000000UL -MMD -MP -MF"Door_Security_System.d" -MT"Door_Security_System.o" -c -o "Door_Security_System.o" "../Door_Security_System.c"
In file included from ../Door_Security_System.c:14:
c:/winavr-20100110/lib/gcc/../../avr/include/avr/delay.h:36:2: warning: #warning "This file has been moved to <util/delay.h>."
In file included from c:/winavr-20100110/lib/gcc/../../avr/include/avr/delay.h:37,
                 from ../Door_Security_System.c:14:
c:/winavr-20100110/lib/gcc/../../avr/include/util/delay.h:90:3: warning: #warning "Compiler optimizations disabled; functions from <util/delay.h> won't work as designed"
In file included from ../timer0.h:2,
                 from ../Door_Security_System.c:15:
../std_types.h:42:1: warning: "F_CPU" redefined
<command-line>: warning: this is the location of the previous definition
../Door_Security_System.c: In function 'main':
../Door_Security_System.c:53: warning: implicit declaration of function 'KEYPAD_getPressedKey'
Finished building: ../Door_Security_System.c
 
Building target: Hmi_ECU.elf
Invoking: AVR C Linker
avr-gcc -Wl,-Map,Hmi_ECU.map -mmcu=atmega16 -o "Hmi_ECU.elf"  ./Door_Security_System.o ./gpio.o ./keypad.o ./lcd.o ./timer0.o ./uart.o   
Finished building target: Hmi_ECU.elf
 
Invoking: AVR Create Extended Listing
avr-objdump -h -S Hmi_ECU.elf  >"Hmi_ECU.lss"
Finished building: Hmi_ECU.lss
 
Invoking: Print Size
avr-size --format=avr --mcu=atmega16 Hmi_ECU.elf
AVR Memory Usage
----------------
Device: atmega16

Program:   14004 bytes (85.5% Full)
(.text + .data + .bootloader)

Data:        187 bytes (18.3% Full)
(.data + .bss + .noinit)


Finished building: sizedummy
 
15:38:03 **** Incremental Build of configuration Debug for project Control_ECU ****
make all 
Invoking: Print Size
avr-size --format=avr --mcu=atmega16 Control_ECU.elf
AVR Memory Usage
----------------
Device: atmega16

Program:   10708 bytes (65.4% Full)
(.text + .data + .bootloader)

Data:         83 bytes (8.1% Full)
(.data + .bss + .noinit)


Finished building: sizedummy
 
15:38:04 **** Incremental Build of configuration Debug for project Hmi_ECU ****
make all 
Building file: ../Door_Security_System.c
Invoking: AVR Compiler
avr-gcc -Wall -g2 -gstabs -O0 -fpack-struct -fshort-enums -ffunction-sections -fdata-sections -std=gnu99 -funsigned-char -funsigned-bitfields -mmcu=atmega16 -DF_CPU=1000000UL -MMD -MP -MF"Door_Security_System.d" -MT"Door_Security_System.o" -c -o "Door_Security_System.o" "../Door_Security_System.c"
In file included from ../Door_Security_System.c:14:
c:/winavr-20100110/lib/gcc/../../avr/include/avr/delay.h:36:2: warning: #warning "This file has been moved to <util/delay.h>."
In file included from c:/winavr-20100110/lib/gcc/../../avr/include/avr/delay.h:37,
                 from ../Door_Security_System.c:14:
c:/winavr-20100110/lib/gcc/../../avr/include/util/delay.h:90:3: warning: #warning "Compiler optimizations disabled; functions from <util/delay.h> won't work as designed"
In file included from ../timer0.h:2,
                 from ../Door_Security_System.c:15:
../std_types.h:42:1: warning: "F_CPU" redefined
<command-line>: warning: this is the location of the previous definition
../Door_Security_System.c: In function 'main':
../Door_Security_System.c:53: warning: implicit declaration of function 'KEYPAD_getPressedKey'
Finished building: ../Door_Security_System.c
 
Building target: Hmi_ECU.elf
Invoking: AVR C Linker
avr-gcc -Wl,-Map,Hmi_ECU.map -mmcu=atmega16 -o "Hmi_ECU.elf"  ./Door_Security_System.o ./gpio.o ./keypad.o ./lcd.o ./timer0.o ./uart.o   
Finished building target: Hmi_ECU.elf
 
Invoking: AVR Create Extended Listing
avr-objdump -h -S Hmi_ECU.elf  >"Hmi_ECU.lss"
Finished building: Hmi_ECU.lss
 
Invoking: Print Size
avr-size --format=avr --mcu=atmega16 Hmi_ECU.elf
AVR Memory Usage
----------------
Device: atmega16

Program:   14004 bytes (85.5% Full)
(.text + .data + .bootloader)

Data:        187 bytes (18.3% Full)
(.data + .bss + .noinit)


Finished building: sizedummy
 
15:39:07 **** Incremental Build of configuration Debug for project Control_ECU ****
make all 
Invoking: Print Size
avr-size --format=avr --mcu=atmega16 Control_ECU.elf
AVR Memory Usage
----------------
Device: atmega16

Program:   10708 bytes (65.4% Full)
(.text + .data + .bootloader)

Data:         83 bytes (8.1% Full)
(.data + .bss + .noinit)


Finished building: sizedummy
 
15:39:07 **** Incremental Build of configuration Debug for project Hmi_ECU ****
make all 
Building file: ../Door_Security_System.c
Invoking: AVR Compiler
avr-gcc -Wall -g2 -gstabs -O0 -fpack-struct -fshort-enums -ffunction-sections -fdata-sections -std=gnu99 -funsigned-char -funsigned-bitfields -mmcu=atmega16 -DF_CPU=1000000UL -MMD -MP -MF"Door_Security_System.d" -MT"Door_Security_System.o" -c -o "Door_Security_System.o" "../Door_Security_System.c"
In file included from ../Door_Security_System.c:14:
c:/winavr-20100110/lib/gcc/../../avr/include/avr/delay.h:36:2: warning: #warning "This file has been moved to <util/delay.h>."
In file included from c:/winavr-20100110/lib/gcc/../../avr/include/avr/delay.h:37,
                 from ../Door_Security_System.c:14:
c:/winavr-20100110/lib/gcc/../../avr/include/util/delay.h:90:3: warning: #warning "Compiler optimizations disabled; functions from <util/delay.h> won't work as designed"
In file included from ../timer0.h:2,
                 from ../Door_Security_System.c:15:
../std_types.h:42:1: warning: "F_CPU" redefined
<command-line>: warning: this is the location of the previous definition
../Door_Security_System.c: In function 'main':
../Door_Security_System.c:53: warning: implicit declaration of function 'KEYPAD_getPressedKey'
Finished building: ../Door_Security_System.c
 
Building target: Hmi_ECU.elf
Invoking: AVR C Linker
avr-gcc -Wl,-Map,Hmi_ECU.map -mmcu=atmega16 -o "Hmi_ECU.elf"  ./Door_Security_System.o ./gpio.o ./keypad.o ./lcd.o ./timer0.o ./uart.o   
Finished building target: Hmi_ECU.elf
 
Invoking: AVR Create Extended Listing
avr-objdump -h -S Hmi_ECU.elf  >"Hmi_ECU.lss"
Finished building: Hmi_ECU.lss
 
Invoking: Print Size
avr-size --format=avr --mcu=atmega16 Hmi_ECU.elf
AVR Memory Usage
----------------
Device: atmega16

Program:   14020 bytes (85.6% Full)
(.text + .data + .bootloader)

Data:        187 bytes (18.3% Full)
(.data + .bss + .noinit)


Finished building: sizedummy
 
15:41:23 **** Incremental Build of configuration Debug for project Control_ECU ****
make all 
Invoking: Print Size
avr-size --format=avr --mcu=atmega16 Control_ECU.elf
AVR Memory Usage
----------------
Device: atmega16

Program:   10708 bytes (65.4% Full)
(.text + .data + .bootloader)

Data:         83 bytes (8.1% Full)
(.data + .bss + .noinit)


Finished building: sizedummy
 
15:41:23 **** Incremental Build of configuration Debug for project Hmi_ECU ****
make all 
Building file: ../Door_Security_System.c
Invoking: AVR Compiler
avr-gcc -Wall -g2 -gstabs -O0 -fpack-struct -fshort-enums -ffunction-sections -fdata-sections -std=gnu99 -funsigned-char -funsigned-bitfields -mmcu=atmega16 -DF_CPU=1000000UL -MMD -MP -MF"Door_Security_System.d" -MT"Door_Security_System.o" -c -o "Door_Security_System.o" "../Door_Security_System.c"
In file included from ../Door_Security_System.c:14:
c:/winavr-20100110/lib/gcc/../../avr/include/avr/delay.h:36:2: warning: #warning "This file has been moved to <util/delay.h>."
In file included from c:/winavr-20100110/lib/gcc/../../avr/include/avr/delay.h:37,
                 from ../Door_Security_System.c:14:
c:/winavr-20100110/lib/gcc/../../avr/include/util/delay.h:90:3: warning: #warning "Compiler optimizations disabled; functions from <util/delay.h> won't work as designed"
In file included from ../timer0.h:2,
                 from ../Door_Security_System.c:15:
../std_types.h:42:1: warning: "F_CPU" redefined
<command-line>: warning: this is the location of the previous definition
../Door_Security_System.c: In function 'main':
../Door_Security_System.c:53: warning: implicit declaration of function 'KEYPAD_getPressedKey'
Finished building: ../Door_Security_System.c
 
Building target: Hmi_ECU.elf
Invoking: AVR C Linker
avr-gcc -Wl,-Map,Hmi_ECU.map -mmcu=atmega16 -o "Hmi_ECU.elf"  ./Door_Security_System.o ./gpio.o ./keypad.o ./lcd.o ./timer0.o ./uart.o   
Finished building target: Hmi_ECU.elf
 
Invoking: AVR Create Extended Listing
avr-objdump -h -S Hmi_ECU.elf  >"Hmi_ECU.lss"
Finished building: Hmi_ECU.lss
 
Invoking: Print Size
avr-size --format=avr --mcu=atmega16 Hmi_ECU.elf
AVR Memory Usage
----------------
Device: atmega16

Program:   14028 bytes (85.6% Full)
(.text + .data + .bootloader)

Data:        187 bytes (18.3% Full)
(.data + .bss + .noinit)


Finished building: sizedummy
 
15:41:34 **** Incremental Build of configuration Debug for project Control_ECU ****
make all 
Invoking: Print Size
avr-size --format=avr --mcu=atmega16 Control_ECU.elf
AVR Memory Usage
----------------
Device: atmega16

Program:   10708 bytes (65.4% Full)
(.text + .data + .bootloader)

Data:         83 bytes (8.1% Full)
(.data + .bss + .noinit)


Finished building: sizedummy
 
15:41:34 **** Incremental Build of configuration Debug for project Hmi_ECU ****
make all 
Building file: ../Door_Security_System.c
Invoking: AVR Compiler
avr-gcc -Wall -g2 -gstabs -O0 -fpack-struct -fshort-enums -ffunction-sections -fdata-sections -std=gnu99 -funsigned-char -funsigned-bitfields -mmcu=atmega16 -DF_CPU=1000000UL -MMD -MP -MF"Door_Security_System.d" -MT"Door_Security_System.o" -c -o "Door_Security_System.o" "../Door_Security_System.c"
In file included from ../Door_Security_System.c:14:
c:/winavr-20100110/lib/gcc/../../avr/include/avr/delay.h:36:2: warning: #warning "This file has been moved to <util/delay.h>."
In file included from c:/winavr-20100110/lib/gcc/../../avr/include/avr/delay.h:37,
                 from ../Door_Security_System.c:14:
c:/winavr-20100110/lib/gcc/../../avr/include/util/delay.h:90:3: warning: #warning "Compiler optimizations disabled; functions from <util/delay.h> won't work as designed"
In file included from ../timer0.h:2,
                 from ../Door_Security_System.c:15:
../std_types.h:42:1: warning: "F_CPU" redefined
<command-line>: warning: this is the location of the previous definition
../Door_Security_System.c: In function 'main':
../Door_Security_System.c:53: warning: implicit declaration of function 'KEYPAD_getPressedKey'
Finished building: ../Door_Security_System.c
 
Building target: Hmi_ECU.elf
Invoking: AVR C Linker
avr-gcc -Wl,-Map,Hmi_ECU.map -mmcu=atmega16 -o "Hmi_ECU.elf"  ./Door_Security_System.o ./gpio.o ./keypad.o ./lcd.o ./timer0.o ./uart.o   
Finished building target: Hmi_ECU.elf
 
Invoking: AVR Create Extended Listing
avr-objdump -h -S Hmi_ECU.elf  >"Hmi_ECU.lss"
Finished building: Hmi_ECU.lss
 
Invoking: Print Size
avr-size --format=avr --mcu=atmega16 Hmi_ECU.elf
AVR Memory Usage
----------------
Device: atmega16

Program:   14028 bytes (85.6% Full)
(.text + .data + .bootloader)

Data:        187 bytes (18.3% Full)
(.data + .bss + .noinit)


Finished building: sizedummy
 
15:45:24 **** Incremental Build of configuration Debug for project Control_ECU ****
make all 
Invoking: Print Size
avr-size --format=avr --mcu=atmega16 Control_ECU.elf
AVR Memory Usage
----------------
Device: atmega16

Program:   10708 bytes (65.4% Full)
(.text + .data + .bootloader)

Data:         83 bytes (8.1% Full)
(.data + .bss + .noinit)


Finished building: sizedummy
 
15:45:25 **** Incremental Build of configuration Debug for project Hmi_ECU ****
make all 
Building file: ../Door_Security_System.c
Invoking: AVR Compiler
avr-gcc -Wall -g2 -gstabs -O0 -fpack-struct -fshort-enums -ffunction-sections -fdata-sections -std=gnu99 -funsigned-char -funsigned-bitfields -mmcu=atmega16 -DF_CPU=1000000UL -MMD -MP -MF"Door_Security_System.d" -MT"Door_Security_System.o" -c -o "Door_Security_System.o" "../Door_Security_System.c"
In file included from ../Door_Security_System.c:14:
c:/winavr-20100110/lib/gcc/../../avr/include/avr/delay.h:36:2: warning: #warning "This file has been moved to <util/delay.h>."
In file included from c:/winavr-20100110/lib/gcc/../../avr/include/avr/delay.h:37,
                 from ../Door_Security_System.c:14:
c:/winavr-20100110/lib/gcc/../../avr/include/util/delay.h:90:3: warning: #warning "Compiler optimizations disabled; functions from <util/delay.h> won't work as designed"
In file included from ../timer0.h:2,
                 from ../Door_Security_System.c:15:
../std_types.h:42:1: warning: "F_CPU" redefined
<command-line>: warning: this is the location of the previous definition
../Door_Security_System.c: In function 'main':
../Door_Security_System.c:53: warning: implicit declaration of function 'KEYPAD_getPressedKey'
Finished building: ../Door_Security_System.c
 
Building target: Hmi_ECU.elf
Invoking: AVR C Linker
avr-gcc -Wl,-Map,Hmi_ECU.map -mmcu=atmega16 -o "Hmi_ECU.elf"  ./Door_Security_System.o ./gpio.o ./keypad.o ./lcd.o ./timer0.o ./uart.o   
Finished building target: Hmi_ECU.elf
 
Invoking: AVR Create Extended Listing
avr-objdump -h -S Hmi_ECU.elf  >"Hmi_ECU.lss"
Finished building: Hmi_ECU.lss
 
Invoking: Print Size
avr-size --format=avr --mcu=atmega16 Hmi_ECU.elf
AVR Memory Usage
----------------
Device: atmega16

Program:   14012 bytes (85.5% Full)
(.text + .data + .bootloader)

Data:        187 bytes (18.3% Full)
(.data + .bss + .noinit)


Finished building: sizedummy
 
15:46:28 **** Incremental Build of configuration Debug for project Control_ECU ****
make all 
Invoking: Print Size
avr-size --format=avr --mcu=atmega16 Control_ECU.elf
AVR Memory Usage
----------------
Device: atmega16

Program:   10708 bytes (65.4% Full)
(.text + .data + .bootloader)

Data:         83 bytes (8.1% Full)
(.data + .bss + .noinit)


Finished building: sizedummy
 
15:46:28 **** Incremental Build of configuration Debug for project Hmi_ECU ****
make all 
Building file: ../Door_Security_System.c
Invoking: AVR Compiler
avr-gcc -Wall -g2 -gstabs -O0 -fpack-struct -fshort-enums -ffunction-sections -fdata-sections -std=gnu99 -funsigned-char -funsigned-bitfields -mmcu=atmega16 -DF_CPU=1000000UL -MMD -MP -MF"Door_Security_System.d" -MT"Door_Security_System.o" -c -o "Door_Security_System.o" "../Door_Security_System.c"
In file included from ../Door_Security_System.c:14:
c:/winavr-20100110/lib/gcc/../../avr/include/avr/delay.h:36:2: warning: #warning "This file has been moved to <util/delay.h>."
In file included from c:/winavr-20100110/lib/gcc/../../avr/include/avr/delay.h:37,
                 from ../Door_Security_System.c:14:
c:/winavr-20100110/lib/gcc/../../avr/include/util/delay.h:90:3: warning: #warning "Compiler optimizations disabled; functions from <util/delay.h> won't work as designed"
In file included from ../timer0.h:2,
                 from ../Door_Security_System.c:15:
../std_types.h:42:1: warning: "F_CPU" redefined
<command-line>: warning: this is the location of the previous definition
../Door_Security_System.c: In function 'main':
../Door_Security_System.c:53: warning: implicit declaration of function 'KEYPAD_getPressedKey'
Finished building: ../Door_Security_System.c
 
Building target: Hmi_ECU.elf
Invoking: AVR C Linker
avr-gcc -Wl,-Map,Hmi_ECU.map -mmcu=atmega16 -o "Hmi_ECU.elf"  ./Door_Security_System.o ./gpio.o ./keypad.o ./lcd.o ./timer0.o ./uart.o   
Finished building target: Hmi_ECU.elf
 
Invoking: AVR Create Extended Listing
avr-objdump -h -S Hmi_ECU.elf  >"Hmi_ECU.lss"
Finished building: Hmi_ECU.lss
 
Invoking: Print Size
avr-size --format=avr --mcu=atmega16 Hmi_ECU.elf
AVR Memory Usage
----------------
Device: atmega16

Program:   14022 bytes (85.6% Full)
(.text + .data + .bootloader)

Data:        187 bytes (18.3% Full)
(.data + .bss + .noinit)


Finished building: sizedummy
 
15:51:50 **** Incremental Build of configuration Debug for project Control_ECU ****
make all 
Invoking: Print Size
avr-size --format=avr --mcu=atmega16 Control_ECU.elf
AVR Memory Usage
----------------
Device: atmega16

Program:   10708 bytes (65.4% Full)
(.text + .data + .bootloader)

Data:         83 bytes (8.1% Full)
(.data + .bss + .noinit)


Finished building: sizedummy
 
15:51:51 **** Incremental Build of configuration Debug for project Hmi_ECU ****
make all 
Building file: ../Door_Security_System.c
Invoking: AVR Compiler
avr-gcc -Wall -g2 -gstabs -O0 -fpack-struct -fshort-enums -ffunction-sections -fdata-sections -std=gnu99 -funsigned-char -funsigned-bitfields -mmcu=atmega16 -DF_CPU=1000000UL -MMD -MP -MF"Door_Security_System.d" -MT"Door_Security_System.o" -c -o "Door_Security_System.o" "../Door_Security_System.c"
In file included from ../Door_Security_System.c:14:
c:/winavr-20100110/lib/gcc/../../avr/include/avr/delay.h:36:2: warning: #warning "This file has been moved to <util/delay.h>."
In file included from c:/winavr-20100110/lib/gcc/../../avr/include/avr/delay.h:37,
                 from ../Door_Security_System.c:14:
c:/winavr-20100110/lib/gcc/../../avr/include/util/delay.h:90:3: warning: #warning "Compiler optimizations disabled; functions from <util/delay.h> won't work as designed"
In file included from ../timer0.h:2,
                 from ../Door_Security_System.c:15:
../std_types.h:42:1: warning: "F_CPU" redefined
<command-line>: warning: this is the location of the previous definition
../Door_Security_System.c: In function 'main':
../Door_Security_System.c:53: warning: implicit declaration of function 'KEYPAD_getPressedKey'
Finished building: ../Door_Security_System.c
 
Building target: Hmi_ECU.elf
Invoking: AVR C Linker
avr-gcc -Wl,-Map,Hmi_ECU.map -mmcu=atmega16 -o "Hmi_ECU.elf"  ./Door_Security_System.o ./gpio.o ./keypad.o ./lcd.o ./timer0.o ./uart.o   
Finished building target: Hmi_ECU.elf
 
Invoking: AVR Create Extended Listing
avr-objdump -h -S Hmi_ECU.elf  >"Hmi_ECU.lss"
Finished building: Hmi_ECU.lss
 
Invoking: Print Size
avr-size --format=avr --mcu=atmega16 Hmi_ECU.elf
AVR Memory Usage
----------------
Device: atmega16

Program:   14380 bytes (87.8% Full)
(.text + .data + .bootloader)

Data:        187 bytes (18.3% Full)
(.data + .bss + .noinit)


Finished building: sizedummy
 
15:55:17 **** Incremental Build of configuration Debug for project Control_ECU ****
make all 
Invoking: Print Size
avr-size --format=avr --mcu=atmega16 Control_ECU.elf
AVR Memory Usage
----------------
Device: atmega16

Program:   10708 bytes (65.4% Full)
(.text + .data + .bootloader)

Data:         83 bytes (8.1% Full)
(.data + .bss + .noinit)


Finished building: sizedummy
 
15:55:18 **** Incremental Build of configuration Debug for project Hmi_ECU ****
make all 
Building file: ../Door_Security_System.c
Invoking: AVR Compiler
avr-gcc -Wall -g2 -gstabs -O0 -fpack-struct -fshort-enums -ffunction-sections -fdata-sections -std=gnu99 -funsigned-char -funsigned-bitfields -mmcu=atmega16 -DF_CPU=1000000UL -MMD -MP -MF"Door_Security_System.d" -MT"Door_Security_System.o" -c -o "Door_Security_System.o" "../Door_Security_System.c"
In file included from ../Door_Security_System.c:14:
c:/winavr-20100110/lib/gcc/../../avr/include/avr/delay.h:36:2: warning: #warning "This file has been moved to <util/delay.h>."
In file included from c:/winavr-20100110/lib/gcc/../../avr/include/avr/delay.h:37,
                 from ../Door_Security_System.c:14:
c:/winavr-20100110/lib/gcc/../../avr/include/util/delay.h:90:3: warning: #warning "Compiler optimizations disabled; functions from <util/delay.h> won't work as designed"
In file included from ../timer0.h:2,
                 from ../Door_Security_System.c:15:
../std_types.h:42:1: warning: "F_CPU" redefined
<command-line>: warning: this is the location of the previous definition
../Door_Security_System.c: In function 'main':
../Door_Security_System.c:53: warning: implicit declaration of function 'KEYPAD_getPressedKey'
Finished building: ../Door_Security_System.c
 
Building target: Hmi_ECU.elf
Invoking: AVR C Linker
avr-gcc -Wl,-Map,Hmi_ECU.map -mmcu=atmega16 -o "Hmi_ECU.elf"  ./Door_Security_System.o ./gpio.o ./keypad.o ./lcd.o ./timer0.o ./uart.o   
Finished building target: Hmi_ECU.elf
 
Invoking: AVR Create Extended Listing
avr-objdump -h -S Hmi_ECU.elf  >"Hmi_ECU.lss"
Finished building: Hmi_ECU.lss
 
Invoking: Print Size
avr-size --format=avr --mcu=atmega16 Hmi_ECU.elf
AVR Memory Usage
----------------
Device: atmega16

Program:   14380 bytes (87.8% Full)
(.text + .data + .bootloader)

Data:        187 bytes (18.3% Full)
(.data + .bss + .noinit)


Finished building: sizedummy
 
16:00:38 **** Incremental Build of configuration Debug for project Control_ECU ****
make all 
Invoking: Print Size
avr-size --format=avr --mcu=atmega16 Control_ECU.elf
AVR Memory Usage
----------------
Device: atmega16

Program:   10708 bytes (65.4% Full)
(.text + .data + .bootloader)

Data:         83 bytes (8.1% Full)
(.data + .bss + .noinit)


Finished building: sizedummy
 
16:00:39 **** Incremental Build of configuration Debug for project Hmi_ECU ****
make all 
Invoking: Print Size
avr-size --format=avr --mcu=atmega16 Hmi_ECU.elf
AVR Memory Usage
----------------
Device: atmega16

Program:   14380 bytes (87.8% Full)
(.text + .data + .bootloader)

Data:        187 bytes (18.3% Full)
(.data + .bss + .noinit)


Finished building: sizedummy
 
16:02:04 **** Incremental Build of configuration Debug for project Control_ECU ****
make all 
Invoking: Print Size
avr-size --format=avr --mcu=atmega16 Control_ECU.elf
AVR Memory Usage
----------------
Device: atmega16

Program:   10708 bytes (65.4% Full)
(.text + .data + .bootloader)

Data:         83 bytes (8.1% Full)
(.data + .bss + .noinit)


Finished building: sizedummy
 
16:02:04 **** Incremental Build of configuration Debug for project Hmi_ECU ****
make all 
Invoking: Print Size
avr-size --format=avr --mcu=atmega16 Hmi_ECU.elf
AVR Memory Usage
----------------
Device: atmega16

Program:   14380 bytes (87.8% Full)
(.text + .data + .bootloader)

Data:        187 bytes (18.3% Full)
(.data + .bss + .noinit)


Finished building: sizedummy
 
16:02:51 **** Incremental Build of configuration Debug for project Control_ECU ****
make all 
Building file: ../Door_Security_System2.c
Invoking: AVR Compiler
avr-gcc -Wall -g2 -gstabs -O0 -fpack-struct -fshort-enums -ffunction-sections -fdata-sections -std=gnu99 -funsigned-char -funsigned-bitfields -mmcu=atmega16 -DF_CPU=1000000UL -MMD -MP -MF"Door_Security_System2.d" -MT"Door_Security_System2.o" -c -o "Door_Security_System2.o" "../Door_Security_System2.c"
In file included from ../Door_Security_System2.c:14:
../std_types.h:42:1: warning: "F_CPU" redefined
<command-line>: warning: this is the location of the previous definition
In file included from ../Door_Security_System2.c:22:
c:/winavr-20100110/lib/gcc/../../avr/include/avr/delay.h:36:2: warning: #warning "This file has been moved to <util/delay.h>."
In file included from c:/winavr-20100110/lib/gcc/../../avr/include/avr/delay.h:37,
                 from ../Door_Security_System2.c:22:
c:/winavr-20100110/lib/gcc/../../avr/include/util/delay.h:90:3: warning: #warning "Compiler optimizations disabled; functions from <util/delay.h> won't work as designed"
../Door_Security_System2.c: In function 'main':
../Door_Security_System2.c:70: warning: passing argument 2 of 'EEPROM_readByte' makes pointer from integer without a cast
../Door_Security_System2.c:118: warning: passing argument 2 of 'EEPROM_readByte' makes pointer from integer without a cast
Finished building: ../Door_Security_System2.c
 
Building target: Control_ECU.elf
Invoking: AVR C Linker
avr-gcc -Wl,-Map,Control_ECU.map -mmcu=atmega16 -o "Control_ECU.elf"  ./Door_Security_System2.o ./buzzer.o ./external_eeprom.o ./gpio.o ./motor.o ./pwm.o ./timer0.o ./twi.o ./uart.o   
Finished building target: Control_ECU.elf
 
Invoking: AVR Create Extended Listing
avr-objdump -h -S Control_ECU.elf  >"Control_ECU.lss"
Finished building: Control_ECU.lss
 
Invoking: Print Size
avr-size --format=avr --mcu=atmega16 Control_ECU.elf
AVR Memory Usage
----------------
Device: atmega16

Program:   10708 bytes (65.4% Full)
(.text + .data + .bootloader)

Data:         83 bytes (8.1% Full)
(.data + .bss + .noinit)


Finished building: sizedummy
 
16:02:52 **** Incremental Build of configuration Debug for project Hmi_ECU ****
make all 
Building file: ../Door_Security_System.c
Invoking: AVR Compiler
avr-gcc -Wall -g2 -gstabs -O0 -fpack-struct -fshort-enums -ffunction-sections -fdata-sections -std=gnu99 -funsigned-char -funsigned-bitfields -mmcu=atmega16 -DF_CPU=1000000UL -MMD -MP -MF"Door_Security_System.d" -MT"Door_Security_System.o" -c -o "Door_Security_System.o" "../Door_Security_System.c"
In file included from ../Door_Security_System.c:14:
c:/winavr-20100110/lib/gcc/../../avr/include/avr/delay.h:36:2: warning: #warning "This file has been moved to <util/delay.h>."
In file included from c:/winavr-20100110/lib/gcc/../../avr/include/avr/delay.h:37,
                 from ../Door_Security_System.c:14:
c:/winavr-20100110/lib/gcc/../../avr/include/util/delay.h:90:3: warning: #warning "Compiler optimizations disabled; functions from <util/delay.h> won't work as designed"
In file included from ../timer0.h:2,
                 from ../Door_Security_System.c:15:
../std_types.h:42:1: warning: "F_CPU" redefined
<command-line>: warning: this is the location of the previous definition
../Door_Security_System.c: In function 'main':
../Door_Security_System.c:53: warning: implicit declaration of function 'KEYPAD_getPressedKey'
Finished building: ../Door_Security_System.c
 
Building target: Hmi_ECU.elf
Invoking: AVR C Linker
avr-gcc -Wl,-Map,Hmi_ECU.map -mmcu=atmega16 -o "Hmi_ECU.elf"  ./Door_Security_System.o ./gpio.o ./keypad.o ./lcd.o ./timer0.o ./uart.o   
Finished building target: Hmi_ECU.elf
 
Invoking: AVR Create Extended Listing
avr-objdump -h -S Hmi_ECU.elf  >"Hmi_ECU.lss"
Finished building: Hmi_ECU.lss
 
Invoking: Print Size
avr-size --format=avr --mcu=atmega16 Hmi_ECU.elf
AVR Memory Usage
----------------
Device: atmega16

Program:   14380 bytes (87.8% Full)
(.text + .data + .bootloader)

Data:        187 bytes (18.3% Full)
(.data + .bss + .noinit)


Finished building: sizedummy
 
13:55:26 **** Incremental Build of configuration Debug for project Control_ECU ****
make all 
Building file: ../Door_Security_System2.c
Invoking: AVR Compiler
avr-gcc -Wall -g2 -gstabs -O0 -fpack-struct -fshort-enums -ffunction-sections -fdata-sections -std=gnu99 -funsigned-char -funsigned-bitfields -mmcu=atmega16 -DF_CPU=1000000UL -MMD -MP -MF"Door_Security_System2.d" -MT"Door_Security_System2.o" -c -o "Door_Security_System2.o" "../Door_Security_System2.c"
In file included from ../Door_Security_System2.c:14:
../std_types.h:42:1: warning: "F_CPU" redefined
<command-line>: warning: this is the location of the previous definition
In file included from ../Door_Security_System2.c:22:
c:/winavr-20100110/lib/gcc/../../avr/include/avr/delay.h:36:2: warning: #warning "This file has been moved to <util/delay.h>."
In file included from c:/winavr-20100110/lib/gcc/../../avr/include/avr/delay.h:37,
                 from ../Door_Security_System2.c:22:
c:/winavr-20100110/lib/gcc/../../avr/include/util/delay.h:90:3: warning: #warning "Compiler optimizations disabled; functions from <util/delay.h> won't work as designed"
../Door_Security_System2.c: In function 'main':
../Door_Security_System2.c:70: warning: passing argument 2 of 'EEPROM_readByte' makes pointer from integer without a cast
../Door_Security_System2.c:118: warning: passing argument 2 of 'EEPROM_readByte' makes pointer from integer without a cast
Finished building: ../Door_Security_System2.c
 
Building file: ../buzzer.c
Invoking: AVR Compiler
avr-gcc -Wall -g2 -gstabs -O0 -fpack-struct -fshort-enums -ffunction-sections -fdata-sections -std=gnu99 -funsigned-char -funsigned-bitfields -mmcu=atmega16 -DF_CPU=1000000UL -MMD -MP -MF"buzzer.d" -MT"buzzer.o" -c -o "buzzer.o" "../buzzer.c"
In file included from ../gpio.h:16,
                 from ../buzzer.h:2,
                 from ../buzzer.c:1:
../std_types.h:42:1: warning: "F_CPU" redefined
<command-line>: warning: this is the location of the previous definition
Finished building: ../buzzer.c
 
Building file: ../external_eeprom.c
Invoking: AVR Compiler
avr-gcc -Wall -g2 -gstabs -O0 -fpack-struct -fshort-enums -ffunction-sections -fdata-sections -std=gnu99 -funsigned-char -funsigned-bitfields -mmcu=atmega16 -DF_CPU=1000000UL -MMD -MP -MF"external_eeprom.d" -MT"external_eeprom.o" -c -o "external_eeprom.o" "../external_eeprom.c"
In file included from ../external_eeprom.h:17,
                 from ../external_eeprom.c:12:
../std_types.h:42:1: warning: "F_CPU" redefined
<command-line>: warning: this is the location of the previous definition
Finished building: ../external_eeprom.c
 
Building file: ../gpio.c
Invoking: AVR Compiler
avr-gcc -Wall -g2 -gstabs -O0 -fpack-struct -fshort-enums -ffunction-sections -fdata-sections -std=gnu99 -funsigned-char -funsigned-bitfields -mmcu=atmega16 -DF_CPU=1000000UL -MMD -MP -MF"gpio.d" -MT"gpio.o" -c -o "gpio.o" "../gpio.c"
In file included from ../gpio.h:16,
                 from ../gpio.c:13:
../std_types.h:42:1: warning: "F_CPU" redefined
<command-line>: warning: this is the location of the previous definition
Finished building: ../gpio.c
 
Building file: ../motor.c
Invoking: AVR Compiler
avr-gcc -Wall -g2 -gstabs -O0 -fpack-struct -fshort-enums -ffunction-sections -fdata-sections -std=gnu99 -funsigned-char -funsigned-bitfields -mmcu=atmega16 -DF_CPU=1000000UL -MMD -MP -MF"motor.d" -MT"motor.o" -c -o "motor.o" "../motor.c"
In file included from ../gpio.h:16,
                 from ../motor.h:16,
                 from ../motor.c:15:
../std_types.h:42:1: warning: "F_CPU" redefined
<command-line>: warning: this is the location of the previous definition
Finished building: ../motor.c
 
Building file: ../pwm.c
Invoking: AVR Compiler
avr-gcc -Wall -g2 -gstabs -O0 -fpack-struct -fshort-enums -ffunction-sections -fdata-sections -std=gnu99 -funsigned-char -funsigned-bitfields -mmcu=atmega16 -DF_CPU=1000000UL -MMD -MP -MF"pwm.d" -MT"pwm.o" -c -o "pwm.o" "../pwm.c"
In file included from ../gpio.h:16,
                 from ../pwm.h:14,
                 from ../pwm.c:15:
../std_types.h:42:1: warning: "F_CPU" redefined
<command-line>: warning: this is the location of the previous definition
Finished building: ../pwm.c
 
Building file: ../timer0.c
Invoking: AVR Compiler
avr-gcc -Wall -g2 -gstabs -O0 -fpack-struct -fshort-enums -ffunction-sections -fdata-sections -std=gnu99 -funsigned-char -funsigned-bitfields -mmcu=atmega16 -DF_CPU=1000000UL -MMD -MP -MF"timer0.d" -MT"timer0.o" -c -o "timer0.o" "../timer0.c"
In file included from ../timer0.h:14,
                 from ../timer0.c:14:
../std_types.h:42:1: warning: "F_CPU" redefined
<command-line>: warning: this is the location of the previous definition
../timer0.c: In function 'Timer0_SetcallBack':
../timer0.c:70: warning: function return types not compatible due to 'volatile'
Finished building: ../timer0.c
 
Building file: ../twi.c
Invoking: AVR Compiler
avr-gcc -Wall -g2 -gstabs -O0 -fpack-struct -fshort-enums -ffunction-sections -fdata-sections -std=gnu99 -funsigned-char -funsigned-bitfields -mmcu=atmega16 -DF_CPU=1000000UL -MMD -MP -MF"twi.d" -MT"twi.o" -c -o "twi.o" "../twi.c"
In file included from ../twi.h:16,
                 from ../twi.c:13:
../std_types.h:42:1: warning: "F_CPU" redefined
<command-line>: warning: this is the location of the previous definition
Finished building: ../twi.c
 
Building file: ../uart.c
Invoking: AVR Compiler
avr-gcc -Wall -g2 -gstabs -O0 -fpack-struct -fshort-enums -ffunction-sections -fdata-sections -std=gnu99 -funsigned-char -funsigned-bitfields -mmcu=atmega16 -DF_CPU=1000000UL -MMD -MP -MF"uart.d" -MT"uart.o" -c -o "uart.o" "../uart.c"
In file included from ../uart.h:16,
                 from ../uart.c:13:
../std_types.h:42:1: warning: "F_CPU" redefined
<command-line>: warning: this is the location of the previous definition
Finished building: ../uart.c
 
Building target: Control_ECU.elf
Invoking: AVR C Linker
avr-gcc -Wl,-Map,Control_ECU.map -mmcu=atmega16 -o "Control_ECU.elf"  ./Door_Security_System2.o ./buzzer.o ./external_eeprom.o ./gpio.o ./motor.o ./pwm.o ./timer0.o ./twi.o ./uart.o   
Finished building target: Control_ECU.elf
 
Invoking: AVR Create Extended Listing
avr-objdump -h -S Control_ECU.elf  >"Control_ECU.lss"
Finished building: Control_ECU.lss
 
Invoking: Print Size
avr-size --format=avr --mcu=atmega16 Control_ECU.elf
AVR Memory Usage
----------------
Device: atmega16

Program:   10708 bytes (65.4% Full)
(.text + .data + .bootloader)

Data:         83 bytes (8.1% Full)
(.data + .bss + .noinit)


Finished building: sizedummy
 
13:55:30 **** Incremental Build of configuration Debug for project Hmi_ECU ****
make all 
Invoking: Print Size
avr-size --format=avr --mcu=atmega16 Hmi_ECU.elf
AVR Memory Usage
----------------
Device: atmega16

Program:   14380 bytes (87.8% Full)
(.text + .data + .bootloader)

Data:        187 bytes (18.3% Full)
(.data + .bss + .noinit)


Finished building: sizedummy
 
14:08:21 **** Incremental Build of configuration Debug for project Control_ECU ****
make all 
Invoking: Print Size
avr-size --format=avr --mcu=atmega16 Control_ECU.elf
AVR Memory Usage
----------------
Device: atmega16

Program:   10708 bytes (65.4% Full)
(.text + .data + .bootloader)

Data:         83 bytes (8.1% Full)
(.data + .bss + .noinit)


Finished building: sizedummy
 
14:08:22 **** Incremental Build of configuration Debug for project Hmi_ECU ****
make all 
Building file: ../Door_Security_System.c
Invoking: AVR Compiler
avr-gcc -Wall -g2 -gstabs -O0 -fpack-struct -fshort-enums -ffunction-sections -fdata-sections -std=gnu99 -funsigned-char -funsigned-bitfields -mmcu=atmega16 -DF_CPU=1000000UL -MMD -MP -MF"Door_Security_System.d" -MT"Door_Security_System.o" -c -o "Door_Security_System.o" "../Door_Security_System.c"
In file included from ../Door_Security_System.c:14:
c:/winavr-20100110/lib/gcc/../../avr/include/avr/delay.h:36:2: warning: #warning "This file has been moved to <util/delay.h>."
In file included from c:/winavr-20100110/lib/gcc/../../avr/include/avr/delay.h:37,
                 from ../Door_Security_System.c:14:
c:/winavr-20100110/lib/gcc/../../avr/include/util/delay.h:90:3: warning: #warning "Compiler optimizations disabled; functions from <util/delay.h> won't work as designed"
In file included from ../timer0.h:2,
                 from ../Door_Security_System.c:15:
../std_types.h:42:1: warning: "F_CPU" redefined
<command-line>: warning: this is the location of the previous definition
../Door_Security_System.c: In function 'main':
../Door_Security_System.c:53: warning: implicit declaration of function 'KEYPAD_getPressedKey'
Finished building: ../Door_Security_System.c
 
Building target: Hmi_ECU.elf
Invoking: AVR C Linker
avr-gcc -Wl,-Map,Hmi_ECU.map -mmcu=atmega16 -o "Hmi_ECU.elf"  ./Door_Security_System.o ./gpio.o ./keypad.o ./lcd.o ./timer0.o ./uart.o   
Finished building target: Hmi_ECU.elf
 
Invoking: AVR Create Extended Listing
avr-objdump -h -S Hmi_ECU.elf  >"Hmi_ECU.lss"
Finished building: Hmi_ECU.lss
 
Invoking: Print Size
avr-size --format=avr --mcu=atmega16 Hmi_ECU.elf
AVR Memory Usage
----------------
Device: atmega16

Program:   14408 bytes (87.9% Full)
(.text + .data + .bootloader)

Data:        201 bytes (19.6% Full)
(.data + .bss + .noinit)


Finished building: sizedummy
 
14:08:54 **** Incremental Build of configuration Debug for project Control_ECU ****
make all 
Invoking: Print Size
avr-size --format=avr --mcu=atmega16 Control_ECU.elf
AVR Memory Usage
----------------
Device: atmega16

Program:   10708 bytes (65.4% Full)
(.text + .data + .bootloader)

Data:         83 bytes (8.1% Full)
(.data + .bss + .noinit)


Finished building: sizedummy
 
14:08:54 **** Incremental Build of configuration Debug for project Hmi_ECU ****
make all 
Building file: ../Door_Security_System.c
Invoking: AVR Compiler
avr-gcc -Wall -g2 -gstabs -O0 -fpack-struct -fshort-enums -ffunction-sections -fdata-sections -std=gnu99 -funsigned-char -funsigned-bitfields -mmcu=atmega16 -DF_CPU=1000000UL -MMD -MP -MF"Door_Security_System.d" -MT"Door_Security_System.o" -c -o "Door_Security_System.o" "../Door_Security_System.c"
In file included from ../Door_Security_System.c:14:
c:/winavr-20100110/lib/gcc/../../avr/include/avr/delay.h:36:2: warning: #warning "This file has been moved to <util/delay.h>."
In file included from c:/winavr-20100110/lib/gcc/../../avr/include/avr/delay.h:37,
                 from ../Door_Security_System.c:14:
c:/winavr-20100110/lib/gcc/../../avr/include/util/delay.h:90:3: warning: #warning "Compiler optimizations disabled; functions from <util/delay.h> won't work as designed"
In file included from ../timer0.h:2,
                 from ../Door_Security_System.c:15:
../std_types.h:42:1: warning: "F_CPU" redefined
<command-line>: warning: this is the location of the previous definition
../Door_Security_System.c: In function 'main':
../Door_Security_System.c:53: warning: implicit declaration of function 'KEYPAD_getPressedKey'
Finished building: ../Door_Security_System.c
 
Building target: Hmi_ECU.elf
Invoking: AVR C Linker
avr-gcc -Wl,-Map,Hmi_ECU.map -mmcu=atmega16 -o "Hmi_ECU.elf"  ./Door_Security_System.o ./gpio.o ./keypad.o ./lcd.o ./timer0.o ./uart.o   
Finished building target: Hmi_ECU.elf
 
Invoking: AVR Create Extended Listing
avr-objdump -h -S Hmi_ECU.elf  >"Hmi_ECU.lss"
Finished building: Hmi_ECU.lss
 
Invoking: Print Size
avr-size --format=avr --mcu=atmega16 Hmi_ECU.elf
AVR Memory Usage
----------------
Device: atmega16

Program:   14408 bytes (87.9% Full)
(.text + .data + .bootloader)

Data:        201 bytes (19.6% Full)
(.data + .bss + .noinit)


Finished building: sizedummy
 
14:10:32 **** Incremental Build of configuration Debug for project Control_ECU ****
make all 
Invoking: Print Size
avr-size --format=avr --mcu=atmega16 Control_ECU.elf
AVR Memory Usage
----------------
Device: atmega16

Program:   10708 bytes (65.4% Full)
(.text + .data + .bootloader)

Data:         83 bytes (8.1% Full)
(.data + .bss + .noinit)


Finished building: sizedummy
 
14:10:32 **** Incremental Build of configuration Debug for project Hmi_ECU ****
make all 
Invoking: Print Size
avr-size --format=avr --mcu=atmega16 Hmi_ECU.elf
AVR Memory Usage
----------------
Device: atmega16

Program:   14408 bytes (87.9% Full)
(.text + .data + .bootloader)

Data:        201 bytes (19.6% Full)
(.data + .bss + .noinit)


Finished building: sizedummy
 
16:11:32 **** Incremental Build of configuration Debug for project Control_ECU ****
make all 
Building file: ../Door_Security_System2.c
Invoking: AVR Compiler
avr-gcc -Wall -g2 -gstabs -O0 -fpack-struct -fshort-enums -ffunction-sections -fdata-sections -std=gnu99 -funsigned-char -funsigned-bitfields -mmcu=atmega16 -DF_CPU=1000000UL -MMD -MP -MF"Door_Security_System2.d" -MT"Door_Security_System2.o" -c -o "Door_Security_System2.o" "../Door_Security_System2.c"
In file included from ../Door_Security_System2.c:14:
../std_types.h:42:1: warning: "F_CPU" redefined
<command-line>: warning: this is the location of the previous definition
In file included from ../Door_Security_System2.c:22:
c:/winavr-20100110/lib/gcc/../../avr/include/avr/delay.h:36:2: warning: #warning "This file has been moved to <util/delay.h>."
In file included from c:/winavr-20100110/lib/gcc/../../avr/include/avr/delay.h:37,
                 from ../Door_Security_System2.c:22:
c:/winavr-20100110/lib/gcc/../../avr/include/util/delay.h:90:3: warning: #warning "Compiler optimizations disabled; functions from <util/delay.h> won't work as designed"
../Door_Security_System2.c: In function 'main':
../Door_Security_System2.c:70: warning: passing argument 2 of 'EEPROM_readByte' makes pointer from integer without a cast
../Door_Security_System2.c:118: warning: passing argument 2 of 'EEPROM_readByte' makes pointer from integer without a cast
Finished building: ../Door_Security_System2.c
 
Building file: ../buzzer.c
Invoking: AVR Compiler
avr-gcc -Wall -g2 -gstabs -O0 -fpack-struct -fshort-enums -ffunction-sections -fdata-sections -std=gnu99 -funsigned-char -funsigned-bitfields -mmcu=atmega16 -DF_CPU=1000000UL -MMD -MP -MF"buzzer.d" -MT"buzzer.o" -c -o "buzzer.o" "../buzzer.c"
In file included from ../gpio.h:16,
                 from ../buzzer.h:2,
                 from ../buzzer.c:1:
../std_types.h:42:1: warning: "F_CPU" redefined
<command-line>: warning: this is the location of the previous definition
Finished building: ../buzzer.c
 
Building file: ../external_eeprom.c
Invoking: AVR Compiler
avr-gcc -Wall -g2 -gstabs -O0 -fpack-struct -fshort-enums -ffunction-sections -fdata-sections -std=gnu99 -funsigned-char -funsigned-bitfields -mmcu=atmega16 -DF_CPU=1000000UL -MMD -MP -MF"external_eeprom.d" -MT"external_eeprom.o" -c -o "external_eeprom.o" "../external_eeprom.c"
In file included from ../external_eeprom.h:17,
                 from ../external_eeprom.c:12:
../std_types.h:42:1: warning: "F_CPU" redefined
<command-line>: warning: this is the location of the previous definition
Finished building: ../external_eeprom.c
 
Building file: ../gpio.c
Invoking: AVR Compiler
avr-gcc -Wall -g2 -gstabs -O0 -fpack-struct -fshort-enums -ffunction-sections -fdata-sections -std=gnu99 -funsigned-char -funsigned-bitfields -mmcu=atmega16 -DF_CPU=1000000UL -MMD -MP -MF"gpio.d" -MT"gpio.o" -c -o "gpio.o" "../gpio.c"
In file included from ../gpio.h:16,
                 from ../gpio.c:13:
../std_types.h:42:1: warning: "F_CPU" redefined
<command-line>: warning: this is the location of the previous definition
Finished building: ../gpio.c
 
Building file: ../motor.c
Invoking: AVR Compiler
avr-gcc -Wall -g2 -gstabs -O0 -fpack-struct -fshort-enums -ffunction-sections -fdata-sections -std=gnu99 -funsigned-char -funsigned-bitfields -mmcu=atmega16 -DF_CPU=1000000UL -MMD -MP -MF"motor.d" -MT"motor.o" -c -o "motor.o" "../motor.c"
In file included from ../gpio.h:16,
                 from ../motor.h:16,
                 from ../motor.c:15:
../std_types.h:42:1: warning: "F_CPU" redefined
<command-line>: warning: this is the location of the previous definition
Finished building: ../motor.c
 
Building file: ../pwm.c
Invoking: AVR Compiler
avr-gcc -Wall -g2 -gstabs -O0 -fpack-struct -fshort-enums -ffunction-sections -fdata-sections -std=gnu99 -funsigned-char -funsigned-bitfields -mmcu=atmega16 -DF_CPU=1000000UL -MMD -MP -MF"pwm.d" -MT"pwm.o" -c -o "pwm.o" "../pwm.c"
In file included from ../gpio.h:16,
                 from ../pwm.h:14,
                 from ../pwm.c:15:
../std_types.h:42:1: warning: "F_CPU" redefined
<command-line>: warning: this is the location of the previous definition
Finished building: ../pwm.c
 
Building file: ../timer0.c
Invoking: AVR Compiler
avr-gcc -Wall -g2 -gstabs -O0 -fpack-struct -fshort-enums -ffunction-sections -fdata-sections -std=gnu99 -funsigned-char -funsigned-bitfields -mmcu=atmega16 -DF_CPU=1000000UL -MMD -MP -MF"timer0.d" -MT"timer0.o" -c -o "timer0.o" "../timer0.c"
In file included from ../timer0.h:14,
                 from ../timer0.c:14:
../std_types.h:42:1: warning: "F_CPU" redefined
<command-line>: warning: this is the location of the previous definition
../timer0.c: In function 'Timer0_SetcallBack':
../timer0.c:70: warning: function return types not compatible due to 'volatile'
Finished building: ../timer0.c
 
Building file: ../twi.c
Invoking: AVR Compiler
avr-gcc -Wall -g2 -gstabs -O0 -fpack-struct -fshort-enums -ffunction-sections -fdata-sections -std=gnu99 -funsigned-char -funsigned-bitfields -mmcu=atmega16 -DF_CPU=1000000UL -MMD -MP -MF"twi.d" -MT"twi.o" -c -o "twi.o" "../twi.c"
In file included from ../twi.h:16,
                 from ../twi.c:13:
../std_types.h:42:1: warning: "F_CPU" redefined
<command-line>: warning: this is the location of the previous definition
Finished building: ../twi.c
 
Building file: ../uart.c
Invoking: AVR Compiler
avr-gcc -Wall -g2 -gstabs -O0 -fpack-struct -fshort-enums -ffunction-sections -fdata-sections -std=gnu99 -funsigned-char -funsigned-bitfields -mmcu=atmega16 -DF_CPU=1000000UL -MMD -MP -MF"uart.d" -MT"uart.o" -c -o "uart.o" "../uart.c"
In file included from ../uart.h:16,
                 from ../uart.c:13:
../std_types.h:42:1: warning: "F_CPU" redefined
<command-line>: warning: this is the location of the previous definition
Finished building: ../uart.c
 
Building target: Control_ECU.elf
Invoking: AVR C Linker
avr-gcc -Wl,-Map,Control_ECU.map -mmcu=atmega16 -o "Control_ECU.elf"  ./Door_Security_System2.o ./buzzer.o ./external_eeprom.o ./gpio.o ./motor.o ./pwm.o ./timer0.o ./twi.o ./uart.o   
Finished building target: Control_ECU.elf
 
Invoking: AVR Create Extended Listing
avr-objdump -h -S Control_ECU.elf  >"Control_ECU.lss"
Finished building: Control_ECU.lss
 
Invoking: Print Size
avr-size --format=avr --mcu=atmega16 Control_ECU.elf
AVR Memory Usage
----------------
Device: atmega16

Program:   10708 bytes (65.4% Full)
(.text + .data + .bootloader)

Data:         83 bytes (8.1% Full)
(.data + .bss + .noinit)


Finished building: sizedummy
 
16:11:34 **** Incremental Build of configuration Debug for project Hmi_ECU ****
make all 
Invoking: Print Size
avr-size --format=avr --mcu=atmega16 Hmi_ECU.elf
AVR Memory Usage
----------------
Device: atmega16

Program:   14408 bytes (87.9% Full)
(.text + .data + .bootloader)

Data:        201 bytes (19.6% Full)
(.data + .bss + .noinit)


Finished building: sizedummy
 
17:04:12 **** Incremental Build of configuration Debug for project Control_ECU ****
make all 
Building file: ../Door_Security_System2.c
Invoking: AVR Compiler
avr-gcc -Wall -g2 -gstabs -O0 -fpack-struct -fshort-enums -ffunction-sections -fdata-sections -std=gnu99 -funsigned-char -funsigned-bitfields -mmcu=atmega16 -DF_CPU=1000000UL -MMD -MP -MF"Door_Security_System2.d" -MT"Door_Security_System2.o" -c -o "Door_Security_System2.o" "../Door_Security_System2.c"
In file included from ../Door_Security_System2.c:14:
../std_types.h:42:1: warning: "F_CPU" redefined
<command-line>: warning: this is the location of the previous definition
In file included from ../Door_Security_System2.c:22:
c:/winavr-20100110/lib/gcc/../../avr/include/avr/delay.h:36:2: warning: #warning "This file has been moved to <util/delay.h>."
In file included from c:/winavr-20100110/lib/gcc/../../avr/include/avr/delay.h:37,
                 from ../Door_Security_System2.c:22:
c:/winavr-20100110/lib/gcc/../../avr/include/util/delay.h:90:3: warning: #warning "Compiler optimizations disabled; functions from <util/delay.h> won't work as designed"
../Door_Security_System2.c: In function 'main':
../Door_Security_System2.c:70: warning: passing argument 2 of 'EEPROM_readByte' makes pointer from integer without a cast
../Door_Security_System2.c:118: warning: passing argument 2 of 'EEPROM_readByte' makes pointer from integer without a cast
Finished building: ../Door_Security_System2.c
 
Building file: ../buzzer.c
Invoking: AVR Compiler
avr-gcc -Wall -g2 -gstabs -O0 -fpack-struct -fshort-enums -ffunction-sections -fdata-sections -std=gnu99 -funsigned-char -funsigned-bitfields -mmcu=atmega16 -DF_CPU=1000000UL -MMD -MP -MF"buzzer.d" -MT"buzzer.o" -c -o "buzzer.o" "../buzzer.c"
In file included from ../gpio.h:16,
                 from ../buzzer.h:14,
                 from ../buzzer.c:13:
../std_types.h:42:1: warning: "F_CPU" redefined
<command-line>: warning: this is the location of the previous definition
Finished building: ../buzzer.c
 
Building file: ../motor.c
Invoking: AVR Compiler
avr-gcc -Wall -g2 -gstabs -O0 -fpack-struct -fshort-enums -ffunction-sections -fdata-sections -std=gnu99 -funsigned-char -funsigned-bitfields -mmcu=atmega16 -DF_CPU=1000000UL -MMD -MP -MF"motor.d" -MT"motor.o" -c -o "motor.o" "../motor.c"
In file included from ../gpio.h:16,
                 from ../motor.h:18,
                 from ../motor.c:15:
../std_types.h:42:1: warning: "F_CPU" redefined
<command-line>: warning: this is the location of the previous definition
Finished building: ../motor.c
 
Building file: ../timer0.c
Invoking: AVR Compiler
avr-gcc -Wall -g2 -gstabs -O0 -fpack-struct -fshort-enums -ffunction-sections -fdata-sections -std=gnu99 -funsigned-char -funsigned-bitfields -mmcu=atmega16 -DF_CPU=1000000UL -MMD -MP -MF"timer0.d" -MT"timer0.o" -c -o "timer0.o" "../timer0.c"
In file included from ../timer0.h:14,
                 from ../timer0.c:15:
../std_types.h:42:1: warning: "F_CPU" redefined
<command-line>: warning: this is the location of the previous definition
../timer0.c: In function 'Timer0_SetcallBack':
../timer0.c:90: warning: function return types not compatible due to 'volatile'
Finished building: ../timer0.c
 
Building target: Control_ECU.elf
Invoking: AVR C Linker
avr-gcc -Wl,-Map,Control_ECU.map -mmcu=atmega16 -o "Control_ECU.elf"  ./Door_Security_System2.o ./buzzer.o ./external_eeprom.o ./gpio.o ./motor.o ./pwm.o ./timer0.o ./twi.o ./uart.o   
Finished building target: Control_ECU.elf
 
Invoking: AVR Create Extended Listing
avr-objdump -h -S Control_ECU.elf  >"Control_ECU.lss"
Finished building: Control_ECU.lss
 
Invoking: Print Size
avr-size --format=avr --mcu=atmega16 Control_ECU.elf
AVR Memory Usage
----------------
Device: atmega16

Program:   10708 bytes (65.4% Full)
(.text + .data + .bootloader)

Data:         83 bytes (8.1% Full)
(.data + .bss + .noinit)


Finished building: sizedummy
 
17:04:15 **** Incremental Build of configuration Debug for project Hmi_ECU ****
make all 
Building file: ../Door_Security_System.c
Invoking: AVR Compiler
avr-gcc -Wall -g2 -gstabs -O0 -fpack-struct -fshort-enums -ffunction-sections -fdata-sections -std=gnu99 -funsigned-char -funsigned-bitfields -mmcu=atmega16 -DF_CPU=1000000UL -MMD -MP -MF"Door_Security_System.d" -MT"Door_Security_System.o" -c -o "Door_Security_System.o" "../Door_Security_System.c"
In file included from ../Door_Security_System.c:14:
c:/winavr-20100110/lib/gcc/../../avr/include/avr/delay.h:36:2: warning: #warning "This file has been moved to <util/delay.h>."
In file included from c:/winavr-20100110/lib/gcc/../../avr/include/avr/delay.h:37,
                 from ../Door_Security_System.c:14:
c:/winavr-20100110/lib/gcc/../../avr/include/util/delay.h:90:3: warning: #warning "Compiler optimizations disabled; functions from <util/delay.h> won't work as designed"
In file included from ../timer0.h:14,
                 from ../Door_Security_System.c:15:
../std_types.h:42:1: warning: "F_CPU" redefined
<command-line>: warning: this is the location of the previous definition
../Door_Security_System.c: In function 'main':
../Door_Security_System.c:52: warning: implicit declaration of function 'KEYPAD_getPressedKey'
../Door_Security_System.c: In function 'Change_Password':
../Door_Security_System.c:170: warning: unused variable 'tick'
Finished building: ../Door_Security_System.c
 
Building file: ../timer0.c
Invoking: AVR Compiler
avr-gcc -Wall -g2 -gstabs -O0 -fpack-struct -fshort-enums -ffunction-sections -fdata-sections -std=gnu99 -funsigned-char -funsigned-bitfields -mmcu=atmega16 -DF_CPU=1000000UL -MMD -MP -MF"timer0.d" -MT"timer0.o" -c -o "timer0.o" "../timer0.c"
In file included from ../timer0.h:14,
                 from ../timer0.c:15:
../std_types.h:42:1: warning: "F_CPU" redefined
<command-line>: warning: this is the location of the previous definition
../timer0.c: In function 'Timer0_SetcallBack':
../timer0.c:90: warning: function return types not compatible due to 'volatile'
Finished building: ../timer0.c
 
Building target: Hmi_ECU.elf
Invoking: AVR C Linker
avr-gcc -Wl,-Map,Hmi_ECU.map -mmcu=atmega16 -o "Hmi_ECU.elf"  ./Door_Security_System.o ./gpio.o ./keypad.o ./lcd.o ./timer0.o ./uart.o   
Finished building target: Hmi_ECU.elf
 
Invoking: AVR Create Extended Listing
avr-objdump -h -S Hmi_ECU.elf  >"Hmi_ECU.lss"
Finished building: Hmi_ECU.lss
 
Invoking: Print Size
avr-size --format=avr --mcu=atmega16 Hmi_ECU.elf
AVR Memory Usage
----------------
Device: atmega16

Program:   14306 bytes (87.3% Full)
(.text + .data + .bootloader)

Data:        196 bytes (19.1% Full)
(.data + .bss + .noinit)


Finished building: sizedummy
 
17:48:01 **** Incremental Build of configuration Debug for project Control_ECU ****
make all 
Invoking: Print Size
avr-size --format=avr --mcu=atmega16 Control_ECU.elf
AVR Memory Usage
----------------
Device: atmega16

Program:   10708 bytes (65.4% Full)
(.text + .data + .bootloader)

Data:         83 bytes (8.1% Full)
(.data + .bss + .noinit)


Finished building: sizedummy
 
17:48:02 **** Incremental Build of configuration Debug for project Hmi_ECU ****
make all 
Building file: ../Door_Security_System.c
Invoking: AVR Compiler
avr-gcc -Wall -g2 -gstabs -O0 -fpack-struct -fshort-enums -ffunction-sections -fdata-sections -std=gnu99 -funsigned-char -funsigned-bitfields -mmcu=atmega16 -DF_CPU=1000000UL -MMD -MP -MF"Door_Security_System.d" -MT"Door_Security_System.o" -c -o "Door_Security_System.o" "../Door_Security_System.c"
In file included from ../Door_Security_System.c:14:
c:/winavr-20100110/lib/gcc/../../avr/include/avr/delay.h:36:2: warning: #warning "This file has been moved to <util/delay.h>."
In file included from c:/winavr-20100110/lib/gcc/../../avr/include/avr/delay.h:37,
                 from ../Door_Security_System.c:14:
c:/winavr-20100110/lib/gcc/../../avr/include/util/delay.h:90:3: warning: #warning "Compiler optimizations disabled; functions from <util/delay.h> won't work as designed"
In file included from ../timer0.h:14,
                 from ../Door_Security_System.c:15:
../std_types.h:42:1: warning: "F_CPU" redefined
<command-line>: warning: this is the location of the previous definition
../Door_Security_System.c: In function 'main':
../Door_Security_System.c:52: warning: implicit declaration of function 'KEYPAD_getPressedKey'
Finished building: ../Door_Security_System.c
 
Building target: Hmi_ECU.elf
Invoking: AVR C Linker
avr-gcc -Wl,-Map,Hmi_ECU.map -mmcu=atmega16 -o "Hmi_ECU.elf"  ./Door_Security_System.o ./gpio.o ./keypad.o ./lcd.o ./timer0.o ./uart.o   
Finished building target: Hmi_ECU.elf
 
Invoking: AVR Create Extended Listing
avr-objdump -h -S Hmi_ECU.elf  >"Hmi_ECU.lss"
Finished building: Hmi_ECU.lss
 
Invoking: Print Size
avr-size --format=avr --mcu=atmega16 Hmi_ECU.elf
AVR Memory Usage
----------------
Device: atmega16

Program:   14298 bytes (87.3% Full)
(.text + .data + .bootloader)

Data:        196 bytes (19.1% Full)
(.data + .bss + .noinit)


Finished building: sizedummy
 
18:42:13 **** Incremental Build of configuration Debug for project Control_ECU ****
make all 
Building file: ../Door_Security_System2.c
Invoking: AVR Compiler
avr-gcc -Wall -g2 -gstabs -O0 -fpack-struct -fshort-enums -ffunction-sections -fdata-sections -std=gnu99 -funsigned-char -funsigned-bitfields -mmcu=atmega16 -DF_CPU=1000000UL -MMD -MP -MF"Door_Security_System2.d" -MT"Door_Security_System2.o" -c -o "Door_Security_System2.o" "../Door_Security_System2.c"
In file included from ../Door_Security_System2.c:14:
../std_types.h:42:1: warning: "F_CPU" redefined
<command-line>: warning: this is the location of the previous definition
In file included from ../Door_Security_System2.c:22:
c:/winavr-20100110/lib/gcc/../../avr/include/avr/delay.h:36:2: warning: #warning "This file has been moved to <util/delay.h>."
In file included from c:/winavr-20100110/lib/gcc/../../avr/include/avr/delay.h:37,
                 from ../Door_Security_System2.c:22:
c:/winavr-20100110/lib/gcc/../../avr/include/util/delay.h:90:3: warning: #warning "Compiler optimizations disabled; functions from <util/delay.h> won't work as designed"
../Door_Security_System2.c: In function 'main':
../Door_Security_System2.c:73: warning: passing argument 2 of 'EEPROM_readByte' makes pointer from integer without a cast
../Door_Security_System2.c:116: warning: passing argument 2 of 'EEPROM_readByte' makes pointer from integer without a cast
Finished building: ../Door_Security_System2.c
 
Building file: ../buzzer.c
Invoking: AVR Compiler
avr-gcc -Wall -g2 -gstabs -O0 -fpack-struct -fshort-enums -ffunction-sections -fdata-sections -std=gnu99 -funsigned-char -funsigned-bitfields -mmcu=atmega16 -DF_CPU=1000000UL -MMD -MP -MF"buzzer.d" -MT"buzzer.o" -c -o "buzzer.o" "../buzzer.c"
In file included from ../gpio.h:16,
                 from ../buzzer.h:14,
                 from ../buzzer.c:13:
../std_types.h:42:1: warning: "F_CPU" redefined
<command-line>: warning: this is the location of the previous definition
Finished building: ../buzzer.c
 
Building file: ../external_eeprom.c
Invoking: AVR Compiler
avr-gcc -Wall -g2 -gstabs -O0 -fpack-struct -fshort-enums -ffunction-sections -fdata-sections -std=gnu99 -funsigned-char -funsigned-bitfields -mmcu=atmega16 -DF_CPU=1000000UL -MMD -MP -MF"external_eeprom.d" -MT"external_eeprom.o" -c -o "external_eeprom.o" "../external_eeprom.c"
In file included from ../external_eeprom.h:17,
                 from ../external_eeprom.c:12:
../std_types.h:42:1: warning: "F_CPU" redefined
<command-line>: warning: this is the location of the previous definition
Finished building: ../external_eeprom.c
 
Building file: ../gpio.c
Invoking: AVR Compiler
avr-gcc -Wall -g2 -gstabs -O0 -fpack-struct -fshort-enums -ffunction-sections -fdata-sections -std=gnu99 -funsigned-char -funsigned-bitfields -mmcu=atmega16 -DF_CPU=1000000UL -MMD -MP -MF"gpio.d" -MT"gpio.o" -c -o "gpio.o" "../gpio.c"
In file included from ../gpio.h:16,
                 from ../gpio.c:13:
../std_types.h:42:1: warning: "F_CPU" redefined
<command-line>: warning: this is the location of the previous definition
Finished building: ../gpio.c
 
Building file: ../motor.c
Invoking: AVR Compiler
avr-gcc -Wall -g2 -gstabs -O0 -fpack-struct -fshort-enums -ffunction-sections -fdata-sections -std=gnu99 -funsigned-char -funsigned-bitfields -mmcu=atmega16 -DF_CPU=1000000UL -MMD -MP -MF"motor.d" -MT"motor.o" -c -o "motor.o" "../motor.c"
In file included from ../gpio.h:16,
                 from ../motor.h:18,
                 from ../motor.c:15:
../std_types.h:42:1: warning: "F_CPU" redefined
<command-line>: warning: this is the location of the previous definition
Finished building: ../motor.c
 
Building file: ../pwm.c
Invoking: AVR Compiler
avr-gcc -Wall -g2 -gstabs -O0 -fpack-struct -fshort-enums -ffunction-sections -fdata-sections -std=gnu99 -funsigned-char -funsigned-bitfields -mmcu=atmega16 -DF_CPU=1000000UL -MMD -MP -MF"pwm.d" -MT"pwm.o" -c -o "pwm.o" "../pwm.c"
In file included from ../gpio.h:16,
                 from ../pwm.h:14,
                 from ../pwm.c:15:
../std_types.h:42:1: warning: "F_CPU" redefined
<command-line>: warning: this is the location of the previous definition
Finished building: ../pwm.c
 
Building file: ../timer0.c
Invoking: AVR Compiler
avr-gcc -Wall -g2 -gstabs -O0 -fpack-struct -fshort-enums -ffunction-sections -fdata-sections -std=gnu99 -funsigned-char -funsigned-bitfields -mmcu=atmega16 -DF_CPU=1000000UL -MMD -MP -MF"timer0.d" -MT"timer0.o" -c -o "timer0.o" "../timer0.c"
In file included from ../timer0.h:14,
                 from ../timer0.c:15:
../std_types.h:42:1: warning: "F_CPU" redefined
<command-line>: warning: this is the location of the previous definition
../timer0.c: In function 'Timer0_SetcallBack':
../timer0.c:90: warning: function return types not compatible due to 'volatile'
Finished building: ../timer0.c
 
Building file: ../twi.c
Invoking: AVR Compiler
avr-gcc -Wall -g2 -gstabs -O0 -fpack-struct -fshort-enums -ffunction-sections -fdata-sections -std=gnu99 -funsigned-char -funsigned-bitfields -mmcu=atmega16 -DF_CPU=1000000UL -MMD -MP -MF"twi.d" -MT"twi.o" -c -o "twi.o" "../twi.c"
In file included from ../twi.h:16,
                 from ../twi.c:13:
../std_types.h:42:1: warning: "F_CPU" redefined
<command-line>: warning: this is the location of the previous definition
Finished building: ../twi.c
 
Building file: ../uart.c
Invoking: AVR Compiler
avr-gcc -Wall -g2 -gstabs -O0 -fpack-struct -fshort-enums -ffunction-sections -fdata-sections -std=gnu99 -funsigned-char -funsigned-bitfields -mmcu=atmega16 -DF_CPU=1000000UL -MMD -MP -MF"uart.d" -MT"uart.o" -c -o "uart.o" "../uart.c"
In file included from ../uart.h:16,
                 from ../uart.c:13:
../std_types.h:42:1: warning: "F_CPU" redefined
<command-line>: warning: this is the location of the previous definition
Finished building: ../uart.c
 
Building target: Control_ECU.elf
Invoking: AVR C Linker
avr-gcc -Wl,-Map,Control_ECU.map -mmcu=atmega16 -o "Control_ECU.elf"  ./Door_Security_System2.o ./buzzer.o ./external_eeprom.o ./gpio.o ./motor.o ./pwm.o ./timer0.o ./twi.o ./uart.o   
Finished building target: Control_ECU.elf
 
Invoking: AVR Create Extended Listing
avr-objdump -h -S Control_ECU.elf  >"Control_ECU.lss"
Finished building: Control_ECU.lss
 
Invoking: Print Size
avr-size --format=avr --mcu=atmega16 Control_ECU.elf
AVR Memory Usage
----------------
Device: atmega16

Program:   10708 bytes (65.4% Full)
(.text + .data + .bootloader)

Data:         62 bytes (6.1% Full)
(.data + .bss + .noinit)


Finished building: sizedummy
 
18:42:15 **** Incremental Build of configuration Debug for project Hmi_ECU ****
make all 
Building file: ../Door_Security_System.c
Invoking: AVR Compiler
avr-gcc -Wall -g2 -gstabs -O0 -fpack-struct -fshort-enums -ffunction-sections -fdata-sections -std=gnu99 -funsigned-char -funsigned-bitfields -mmcu=atmega16 -DF_CPU=1000000UL -MMD -MP -MF"Door_Security_System.d" -MT"Door_Security_System.o" -c -o "Door_Security_System.o" "../Door_Security_System.c"
In file included from ../Door_Security_System.c:14:
c:/winavr-20100110/lib/gcc/../../avr/include/avr/delay.h:36:2: warning: #warning "This file has been moved to <util/delay.h>."
In file included from c:/winavr-20100110/lib/gcc/../../avr/include/avr/delay.h:37,
                 from ../Door_Security_System.c:14:
c:/winavr-20100110/lib/gcc/../../avr/include/util/delay.h:90:3: warning: #warning "Compiler optimizations disabled; functions from <util/delay.h> won't work as designed"
In file included from ../timer0.h:14,
                 from ../Door_Security_System.c:15:
../std_types.h:42:1: warning: "F_CPU" redefined
<command-line>: warning: this is the location of the previous definition
../Door_Security_System.c: In function 'main':
../Door_Security_System.c:52: warning: implicit declaration of function 'KEYPAD_getPressedKey'
Finished building: ../Door_Security_System.c
 
Building file: ../gpio.c
Invoking: AVR Compiler
avr-gcc -Wall -g2 -gstabs -O0 -fpack-struct -fshort-enums -ffunction-sections -fdata-sections -std=gnu99 -funsigned-char -funsigned-bitfields -mmcu=atmega16 -DF_CPU=1000000UL -MMD -MP -MF"gpio.d" -MT"gpio.o" -c -o "gpio.o" "../gpio.c"
In file included from ../gpio.h:16,
                 from ../gpio.c:13:
../std_types.h:42:1: warning: "F_CPU" redefined
<command-line>: warning: this is the location of the previous definition
Finished building: ../gpio.c
 
Building file: ../keypad.c
Invoking: AVR Compiler
avr-gcc -Wall -g2 -gstabs -O0 -fpack-struct -fshort-enums -ffunction-sections -fdata-sections -std=gnu99 -funsigned-char -funsigned-bitfields -mmcu=atmega16 -DF_CPU=1000000UL -MMD -MP -MF"keypad.d" -MT"keypad.o" -c -o "keypad.o" "../keypad.c"
In file included from ../keypad.h:16,
                 from ../keypad.c:13:
../std_types.h:42:1: warning: "F_CPU" redefined
<command-line>: warning: this is the location of the previous definition
Finished building: ../keypad.c
 
Building file: ../lcd.c
Invoking: AVR Compiler
avr-gcc -Wall -g2 -gstabs -O0 -fpack-struct -fshort-enums -ffunction-sections -fdata-sections -std=gnu99 -funsigned-char -funsigned-bitfields -mmcu=atmega16 -DF_CPU=1000000UL -MMD -MP -MF"lcd.d" -MT"lcd.o" -c -o "lcd.o" "../lcd.c"
In file included from ../lcd.c:13:
c:/winavr-20100110/lib/gcc/../../avr/include/util/delay.h:90:3: warning: #warning "Compiler optimizations disabled; functions from <util/delay.h> won't work as designed"
In file included from ../gpio.h:16,
                 from ../lcd.c:15:
../std_types.h:42:1: warning: "F_CPU" redefined
<command-line>: warning: this is the location of the previous definition
../lcd.c: In function 'LCD_intgerToString':
../lcd.c:146: warning: implicit declaration of function 'itoa'
Finished building: ../lcd.c
 
Building file: ../timer0.c
Invoking: AVR Compiler
avr-gcc -Wall -g2 -gstabs -O0 -fpack-struct -fshort-enums -ffunction-sections -fdata-sections -std=gnu99 -funsigned-char -funsigned-bitfields -mmcu=atmega16 -DF_CPU=1000000UL -MMD -MP -MF"timer0.d" -MT"timer0.o" -c -o "timer0.o" "../timer0.c"
In file included from ../timer0.h:14,
                 from ../timer0.c:15:
../std_types.h:42:1: warning: "F_CPU" redefined
<command-line>: warning: this is the location of the previous definition
../timer0.c: In function 'Timer0_SetcallBack':
../timer0.c:90: warning: function return types not compatible due to 'volatile'
Finished building: ../timer0.c
 
Building file: ../uart.c
Invoking: AVR Compiler
avr-gcc -Wall -g2 -gstabs -O0 -fpack-struct -fshort-enums -ffunction-sections -fdata-sections -std=gnu99 -funsigned-char -funsigned-bitfields -mmcu=atmega16 -DF_CPU=1000000UL -MMD -MP -MF"uart.d" -MT"uart.o" -c -o "uart.o" "../uart.c"
In file included from ../uart.h:16,
                 from ../uart.c:13:
../std_types.h:42:1: warning: "F_CPU" redefined
<command-line>: warning: this is the location of the previous definition
Finished building: ../uart.c
 
Building target: Hmi_ECU.elf
Invoking: AVR C Linker
avr-gcc -Wl,-Map,Hmi_ECU.map -mmcu=atmega16 -o "Hmi_ECU.elf"  ./Door_Security_System.o ./gpio.o ./keypad.o ./lcd.o ./timer0.o ./uart.o   
Finished building target: Hmi_ECU.elf
 
Invoking: AVR Create Extended Listing
avr-objdump -h -S Hmi_ECU.elf  >"Hmi_ECU.lss"
Finished building: Hmi_ECU.lss
 
Invoking: Print Size
avr-size --format=avr --mcu=atmega16 Hmi_ECU.elf
AVR Memory Usage
----------------
Device: atmega16

Program:   14326 bytes (87.4% Full)
(.text + .data + .bootloader)

Data:        202 bytes (19.7% Full)
(.data + .bss + .noinit)


Finished building: sizedummy
 
18:46:11 **** Incremental Build of configuration Debug for project Control_ECU ****
make all 
Invoking: Print Size
avr-size --format=avr --mcu=atmega16 Control_ECU.elf
AVR Memory Usage
----------------
Device: atmega16

Program:   10708 bytes (65.4% Full)
(.text + .data + .bootloader)

Data:         62 bytes (6.1% Full)
(.data + .bss + .noinit)


Finished building: sizedummy
 
18:46:11 **** Incremental Build of configuration Debug for project Hmi_ECU ****
make all 
Building file: ../Door_Security_System.c
Invoking: AVR Compiler
avr-gcc -Wall -g2 -gstabs -O0 -fpack-struct -fshort-enums -ffunction-sections -fdata-sections -std=gnu99 -funsigned-char -funsigned-bitfields -mmcu=atmega16 -DF_CPU=1000000UL -MMD -MP -MF"Door_Security_System.d" -MT"Door_Security_System.o" -c -o "Door_Security_System.o" "../Door_Security_System.c"
In file included from ../Door_Security_System.c:14:
c:/winavr-20100110/lib/gcc/../../avr/include/avr/delay.h:36:2: warning: #warning "This file has been moved to <util/delay.h>."
In file included from c:/winavr-20100110/lib/gcc/../../avr/include/avr/delay.h:37,
                 from ../Door_Security_System.c:14:
c:/winavr-20100110/lib/gcc/../../avr/include/util/delay.h:90:3: warning: #warning "Compiler optimizations disabled; functions from <util/delay.h> won't work as designed"
In file included from ../timer0.h:14,
                 from ../Door_Security_System.c:15:
../std_types.h:42:1: warning: "F_CPU" redefined
<command-line>: warning: this is the location of the previous definition
../Door_Security_System.c: In function 'main':
../Door_Security_System.c:52: warning: implicit declaration of function 'KEYPAD_getPressedKey'
Finished building: ../Door_Security_System.c
 
Building target: Hmi_ECU.elf
Invoking: AVR C Linker
avr-gcc -Wl,-Map,Hmi_ECU.map -mmcu=atmega16 -o "Hmi_ECU.elf"  ./Door_Security_System.o ./gpio.o ./keypad.o ./lcd.o ./timer0.o ./uart.o   
Finished building target: Hmi_ECU.elf
 
Invoking: AVR Create Extended Listing
avr-objdump -h -S Hmi_ECU.elf  >"Hmi_ECU.lss"
Finished building: Hmi_ECU.lss
 
Invoking: Print Size
avr-size --format=avr --mcu=atmega16 Hmi_ECU.elf
AVR Memory Usage
----------------
Device: atmega16

Program:   14330 bytes (87.5% Full)
(.text + .data + .bootloader)

Data:        202 bytes (19.7% Full)
(.data + .bss + .noinit)


Finished building: sizedummy
 
18:48:58 **** Incremental Build of configuration Debug for project Control_ECU ****
make all 
Building file: ../Door_Security_System2.c
Invoking: AVR Compiler
avr-gcc -Wall -g2 -gstabs -O0 -fpack-struct -fshort-enums -ffunction-sections -fdata-sections -std=gnu99 -funsigned-char -funsigned-bitfields -mmcu=atmega16 -DF_CPU=1000000UL -MMD -MP -MF"Door_Security_System2.d" -MT"Door_Security_System2.o" -c -o "Door_Security_System2.o" "../Door_Security_System2.c"
In file included from ../Door_Security_System2.c:14:
../std_types.h:42:1: warning: "F_CPU" redefined
<command-line>: warning: this is the location of the previous definition
In file included from ../Door_Security_System2.c:22:
c:/winavr-20100110/lib/gcc/../../avr/include/avr/delay.h:36:2: warning: #warning "This file has been moved to <util/delay.h>."
In file included from c:/winavr-20100110/lib/gcc/../../avr/include/avr/delay.h:37,
                 from ../Door_Security_System2.c:22:
c:/winavr-20100110/lib/gcc/../../avr/include/util/delay.h:90:3: warning: #warning "Compiler optimizations disabled; functions from <util/delay.h> won't work as designed"
../Door_Security_System2.c: In function 'main':
../Door_Security_System2.c:73: warning: passing argument 2 of 'EEPROM_readByte' makes pointer from integer without a cast
../Door_Security_System2.c:116: warning: passing argument 2 of 'EEPROM_readByte' makes pointer from integer without a cast
Finished building: ../Door_Security_System2.c
 
Building target: Control_ECU.elf
Invoking: AVR C Linker
avr-gcc -Wl,-Map,Control_ECU.map -mmcu=atmega16 -o "Control_ECU.elf"  ./Door_Security_System2.o ./buzzer.o ./external_eeprom.o ./gpio.o ./motor.o ./pwm.o ./timer0.o ./twi.o ./uart.o   
Finished building target: Control_ECU.elf
 
Invoking: AVR Create Extended Listing
avr-objdump -h -S Control_ECU.elf  >"Control_ECU.lss"
Finished building: Control_ECU.lss
 
Invoking: Print Size
avr-size --format=avr --mcu=atmega16 Control_ECU.elf
AVR Memory Usage
----------------
Device: atmega16

Program:   10708 bytes (65.4% Full)
(.text + .data + .bootloader)

Data:         62 bytes (6.1% Full)
(.data + .bss + .noinit)


Finished building: sizedummy
 
18:48:59 **** Incremental Build of configuration Debug for project Hmi_ECU ****
make all 
Building file: ../Door_Security_System.c
Invoking: AVR Compiler
avr-gcc -Wall -g2 -gstabs -O0 -fpack-struct -fshort-enums -ffunction-sections -fdata-sections -std=gnu99 -funsigned-char -funsigned-bitfields -mmcu=atmega16 -DF_CPU=1000000UL -MMD -MP -MF"Door_Security_System.d" -MT"Door_Security_System.o" -c -o "Door_Security_System.o" "../Door_Security_System.c"
In file included from ../Door_Security_System.c:14:
c:/winavr-20100110/lib/gcc/../../avr/include/avr/delay.h:36:2: warning: #warning "This file has been moved to <util/delay.h>."
In file included from c:/winavr-20100110/lib/gcc/../../avr/include/avr/delay.h:37,
                 from ../Door_Security_System.c:14:
c:/winavr-20100110/lib/gcc/../../avr/include/util/delay.h:90:3: warning: #warning "Compiler optimizations disabled; functions from <util/delay.h> won't work as designed"
In file included from ../timer0.h:14,
                 from ../Door_Security_System.c:15:
../std_types.h:42:1: warning: "F_CPU" redefined
<command-line>: warning: this is the location of the previous definition
../Door_Security_System.c: In function 'main':
../Door_Security_System.c:52: warning: implicit declaration of function 'KEYPAD_getPressedKey'
Finished building: ../Door_Security_System.c
 
Building target: Hmi_ECU.elf
Invoking: AVR C Linker
avr-gcc -Wl,-Map,Hmi_ECU.map -mmcu=atmega16 -o "Hmi_ECU.elf"  ./Door_Security_System.o ./gpio.o ./keypad.o ./lcd.o ./timer0.o ./uart.o   
Finished building target: Hmi_ECU.elf
 
Invoking: AVR Create Extended Listing
avr-objdump -h -S Hmi_ECU.elf  >"Hmi_ECU.lss"
Finished building: Hmi_ECU.lss
 
Invoking: Print Size
avr-size --format=avr --mcu=atmega16 Hmi_ECU.elf
AVR Memory Usage
----------------
Device: atmega16

Program:   14330 bytes (87.5% Full)
(.text + .data + .bootloader)

Data:        202 bytes (19.7% Full)
(.data + .bss + .noinit)


Finished building: sizedummy
 
18:54:39 **** Incremental Build of configuration Debug for project Control_ECU ****
make all 
Building file: ../Door_Security_System2.c
Invoking: AVR Compiler
avr-gcc -Wall -g2 -gstabs -O0 -fpack-struct -fshort-enums -ffunction-sections -fdata-sections -std=gnu99 -funsigned-char -funsigned-bitfields -mmcu=atmega16 -DF_CPU=1000000UL -MMD -MP -MF"Door_Security_System2.d" -MT"Door_Security_System2.o" -c -o "Door_Security_System2.o" "../Door_Security_System2.c"
In file included from ../Door_Security_System2.c:14:
../std_types.h:42:1: warning: "F_CPU" redefined
<command-line>: warning: this is the location of the previous definition
In file included from ../Door_Security_System2.c:22:
c:/winavr-20100110/lib/gcc/../../avr/include/avr/delay.h:36:2: warning: #warning "This file has been moved to <util/delay.h>."
In file included from c:/winavr-20100110/lib/gcc/../../avr/include/avr/delay.h:37,
                 from ../Door_Security_System2.c:22:
c:/winavr-20100110/lib/gcc/../../avr/include/util/delay.h:90:3: warning: #warning "Compiler optimizations disabled; functions from <util/delay.h> won't work as designed"
../Door_Security_System2.c: In function 'main':
../Door_Security_System2.c:73: warning: passing argument 2 of 'EEPROM_readByte' makes pointer from integer without a cast
../Door_Security_System2.c:116: warning: passing argument 2 of 'EEPROM_readByte' makes pointer from integer without a cast
Finished building: ../Door_Security_System2.c
 
Building file: ../buzzer.c
Invoking: AVR Compiler
avr-gcc -Wall -g2 -gstabs -O0 -fpack-struct -fshort-enums -ffunction-sections -fdata-sections -std=gnu99 -funsigned-char -funsigned-bitfields -mmcu=atmega16 -DF_CPU=1000000UL -MMD -MP -MF"buzzer.d" -MT"buzzer.o" -c -o "buzzer.o" "../buzzer.c"
In file included from ../gpio.h:16,
                 from ../buzzer.h:14,
                 from ../buzzer.c:13:
../std_types.h:42:1: warning: "F_CPU" redefined
<command-line>: warning: this is the location of the previous definition
Finished building: ../buzzer.c
 
Building file: ../external_eeprom.c
Invoking: AVR Compiler
avr-gcc -Wall -g2 -gstabs -O0 -fpack-struct -fshort-enums -ffunction-sections -fdata-sections -std=gnu99 -funsigned-char -funsigned-bitfields -mmcu=atmega16 -DF_CPU=1000000UL -MMD -MP -MF"external_eeprom.d" -MT"external_eeprom.o" -c -o "external_eeprom.o" "../external_eeprom.c"
In file included from ../external_eeprom.h:17,
                 from ../external_eeprom.c:12:
../std_types.h:42:1: warning: "F_CPU" redefined
<command-line>: warning: this is the location of the previous definition
Finished building: ../external_eeprom.c
 
Building file: ../gpio.c
Invoking: AVR Compiler
avr-gcc -Wall -g2 -gstabs -O0 -fpack-struct -fshort-enums -ffunction-sections -fdata-sections -std=gnu99 -funsigned-char -funsigned-bitfields -mmcu=atmega16 -DF_CPU=1000000UL -MMD -MP -MF"gpio.d" -MT"gpio.o" -c -o "gpio.o" "../gpio.c"
In file included from ../gpio.h:16,
                 from ../gpio.c:13:
../std_types.h:42:1: warning: "F_CPU" redefined
<command-line>: warning: this is the location of the previous definition
Finished building: ../gpio.c
 
Building file: ../motor.c
Invoking: AVR Compiler
avr-gcc -Wall -g2 -gstabs -O0 -fpack-struct -fshort-enums -ffunction-sections -fdata-sections -std=gnu99 -funsigned-char -funsigned-bitfields -mmcu=atmega16 -DF_CPU=1000000UL -MMD -MP -MF"motor.d" -MT"motor.o" -c -o "motor.o" "../motor.c"
In file included from ../gpio.h:16,
                 from ../motor.h:18,
                 from ../motor.c:15:
../std_types.h:42:1: warning: "F_CPU" redefined
<command-line>: warning: this is the location of the previous definition
Finished building: ../motor.c
 
Building file: ../pwm.c
Invoking: AVR Compiler
avr-gcc -Wall -g2 -gstabs -O0 -fpack-struct -fshort-enums -ffunction-sections -fdata-sections -std=gnu99 -funsigned-char -funsigned-bitfields -mmcu=atmega16 -DF_CPU=1000000UL -MMD -MP -MF"pwm.d" -MT"pwm.o" -c -o "pwm.o" "../pwm.c"
In file included from ../gpio.h:16,
                 from ../pwm.h:14,
                 from ../pwm.c:15:
../std_types.h:42:1: warning: "F_CPU" redefined
<command-line>: warning: this is the location of the previous definition
Finished building: ../pwm.c
 
Building file: ../timer0.c
Invoking: AVR Compiler
avr-gcc -Wall -g2 -gstabs -O0 -fpack-struct -fshort-enums -ffunction-sections -fdata-sections -std=gnu99 -funsigned-char -funsigned-bitfields -mmcu=atmega16 -DF_CPU=1000000UL -MMD -MP -MF"timer0.d" -MT"timer0.o" -c -o "timer0.o" "../timer0.c"
In file included from ../timer0.h:14,
                 from ../timer0.c:15:
../std_types.h:42:1: warning: "F_CPU" redefined
<command-line>: warning: this is the location of the previous definition
../timer0.c: In function 'Timer0_SetcallBack':
../timer0.c:90: warning: function return types not compatible due to 'volatile'
Finished building: ../timer0.c
 
Building file: ../twi.c
Invoking: AVR Compiler
avr-gcc -Wall -g2 -gstabs -O0 -fpack-struct -fshort-enums -ffunction-sections -fdata-sections -std=gnu99 -funsigned-char -funsigned-bitfields -mmcu=atmega16 -DF_CPU=1000000UL -MMD -MP -MF"twi.d" -MT"twi.o" -c -o "twi.o" "../twi.c"
In file included from ../twi.h:16,
                 from ../twi.c:13:
../std_types.h:42:1: warning: "F_CPU" redefined
<command-line>: warning: this is the location of the previous definition
Finished building: ../twi.c
 
Building file: ../uart.c
Invoking: AVR Compiler
avr-gcc -Wall -g2 -gstabs -O0 -fpack-struct -fshort-enums -ffunction-sections -fdata-sections -std=gnu99 -funsigned-char -funsigned-bitfields -mmcu=atmega16 -DF_CPU=1000000UL -MMD -MP -MF"uart.d" -MT"uart.o" -c -o "uart.o" "../uart.c"
In file included from ../uart.h:16,
                 from ../uart.c:13:
../std_types.h:42:1: warning: "F_CPU" redefined
<command-line>: warning: this is the location of the previous definition
Finished building: ../uart.c
 
Building target: Control_ECU.elf
Invoking: AVR C Linker
avr-gcc -Wl,-Map,Control_ECU.map -mmcu=atmega16 -o "Control_ECU.elf"  ./Door_Security_System2.o ./buzzer.o ./external_eeprom.o ./gpio.o ./motor.o ./pwm.o ./timer0.o ./twi.o ./uart.o   
Finished building target: Control_ECU.elf
 
Invoking: AVR Create Extended Listing
avr-objdump -h -S Control_ECU.elf  >"Control_ECU.lss"
Finished building: Control_ECU.lss
 
Invoking: Print Size
avr-size --format=avr --mcu=atmega16 Control_ECU.elf
AVR Memory Usage
----------------
Device: atmega16

Program:   10708 bytes (65.4% Full)
(.text + .data + .bootloader)

Data:         62 bytes (6.1% Full)
(.data + .bss + .noinit)


Finished building: sizedummy
 
18:54:41 **** Incremental Build of configuration Debug for project Hmi_ECU ****
make all 
Invoking: Print Size
avr-size --format=avr --mcu=atmega16 Hmi_ECU.elf
AVR Memory Usage
----------------
Device: atmega16

Program:   14330 bytes (87.5% Full)
(.text + .data + .bootloader)

Data:        202 bytes (19.7% Full)
(.data + .bss + .noinit)


Finished building: sizedummy
 
18:55:16 **** Incremental Build of configuration Debug for project Control_ECU ****
make all 
Building file: ../Door_Security_System2.c
Invoking: AVR Compiler
avr-gcc -Wall -g2 -gstabs -O0 -fpack-struct -fshort-enums -ffunction-sections -fdata-sections -std=gnu99 -funsigned-char -funsigned-bitfields -mmcu=atmega16 -DF_CPU=1000000UL -MMD -MP -MF"Door_Security_System2.d" -MT"Door_Security_System2.o" -c -o "Door_Security_System2.o" "../Door_Security_System2.c"
In file included from ../Door_Security_System2.c:14:
../std_types.h:42:1: warning: "F_CPU" redefined
<command-line>: warning: this is the location of the previous definition
In file included from ../Door_Security_System2.c:22:
c:/winavr-20100110/lib/gcc/../../avr/include/avr/delay.h:36:2: warning: #warning "This file has been moved to <util/delay.h>."
In file included from c:/winavr-20100110/lib/gcc/../../avr/include/avr/delay.h:37,
                 from ../Door_Security_System2.c:22:
c:/winavr-20100110/lib/gcc/../../avr/include/util/delay.h:90:3: warning: #warning "Compiler optimizations disabled; functions from <util/delay.h> won't work as designed"
../Door_Security_System2.c: In function 'main':
../Door_Security_System2.c:73: warning: passing argument 2 of 'EEPROM_readByte' makes pointer from integer without a cast
../Door_Security_System2.c:116: warning: passing argument 2 of 'EEPROM_readByte' makes pointer from integer without a cast
Finished building: ../Door_Security_System2.c
 
Building target: Control_ECU.elf
Invoking: AVR C Linker
avr-gcc -Wl,-Map,Control_ECU.map -mmcu=atmega16 -o "Control_ECU.elf"  ./Door_Security_System2.o ./buzzer.o ./external_eeprom.o ./gpio.o ./motor.o ./pwm.o ./timer0.o ./twi.o ./uart.o   
Finished building target: Control_ECU.elf
 
Invoking: AVR Create Extended Listing
avr-objdump -h -S Control_ECU.elf  >"Control_ECU.lss"
Finished building: Control_ECU.lss
 
Invoking: Print Size
avr-size --format=avr --mcu=atmega16 Control_ECU.elf
AVR Memory Usage
----------------
Device: atmega16

Program:   10708 bytes (65.4% Full)
(.text + .data + .bootloader)

Data:         62 bytes (6.1% Full)
(.data + .bss + .noinit)


Finished building: sizedummy
 
18:55:17 **** Incremental Build of configuration Debug for project Hmi_ECU ****
make all 
Invoking: Print Size
avr-size --format=avr --mcu=atmega16 Hmi_ECU.elf
AVR Memory Usage
----------------
Device: atmega16

Program:   14330 bytes (87.5% Full)
(.text + .data + .bootloader)

Data:        202 bytes (19.7% Full)
(.data + .bss + .noinit)


Finished building: sizedummy
 
18:56:56 **** Incremental Build of configuration Debug for project Control_ECU ****
make all 
Building file: ../Door_Security_System2.c
Invoking: AVR Compiler
avr-gcc -Wall -g2 -gstabs -O0 -fpack-struct -fshort-enums -ffunction-sections -fdata-sections -std=gnu99 -funsigned-char -funsigned-bitfields -mmcu=atmega16 -DF_CPU=1000000UL -MMD -MP -MF"Door_Security_System2.d" -MT"Door_Security_System2.o" -c -o "Door_Security_System2.o" "../Door_Security_System2.c"
In file included from ../Door_Security_System2.c:14:
../std_types.h:42:1: warning: "F_CPU" redefined
<command-line>: warning: this is the location of the previous definition
In file included from ../Door_Security_System2.c:22:
c:/winavr-20100110/lib/gcc/../../avr/include/avr/delay.h:36:2: warning: #warning "This file has been moved to <util/delay.h>."
In file included from c:/winavr-20100110/lib/gcc/../../avr/include/avr/delay.h:37,
                 from ../Door_Security_System2.c:22:
c:/winavr-20100110/lib/gcc/../../avr/include/util/delay.h:90:3: warning: #warning "Compiler optimizations disabled; functions from <util/delay.h> won't work as designed"
../Door_Security_System2.c: In function 'main':
../Door_Security_System2.c:73: warning: passing argument 2 of 'EEPROM_readByte' makes pointer from integer without a cast
../Door_Security_System2.c:116: warning: passing argument 2 of 'EEPROM_readByte' makes pointer from integer without a cast
Finished building: ../Door_Security_System2.c
 
Building target: Control_ECU.elf
Invoking: AVR C Linker
avr-gcc -Wl,-Map,Control_ECU.map -mmcu=atmega16 -o "Control_ECU.elf"  ./Door_Security_System2.o ./buzzer.o ./external_eeprom.o ./gpio.o ./motor.o ./pwm.o ./timer0.o ./twi.o ./uart.o   
Finished building target: Control_ECU.elf
 
Invoking: AVR Create Extended Listing
avr-objdump -h -S Control_ECU.elf  >"Control_ECU.lss"
Finished building: Control_ECU.lss
 
Invoking: Print Size
avr-size --format=avr --mcu=atmega16 Control_ECU.elf
AVR Memory Usage
----------------
Device: atmega16

Program:   10708 bytes (65.4% Full)
(.text + .data + .bootloader)

Data:         62 bytes (6.1% Full)
(.data + .bss + .noinit)


Finished building: sizedummy
 
18:56:57 **** Incremental Build of configuration Debug for project Hmi_ECU ****
make all 
Invoking: Print Size
avr-size --format=avr --mcu=atmega16 Hmi_ECU.elf
AVR Memory Usage
----------------
Device: atmega16

Program:   14330 bytes (87.5% Full)
(.text + .data + .bootloader)

Data:        202 bytes (19.7% Full)
(.data + .bss + .noinit)


Finished building: sizedummy
 
18:57:45 **** Incremental Build of configuration Debug for project Control_ECU ****
make all 
Invoking: Print Size
avr-size --format=avr --mcu=atmega16 Control_ECU.elf
AVR Memory Usage
----------------
Device: atmega16

Program:   10708 bytes (65.4% Full)
(.text + .data + .bootloader)

Data:         62 bytes (6.1% Full)
(.data + .bss + .noinit)


Finished building: sizedummy
 
18:57:46 **** Incremental Build of configuration Debug for project Hmi_ECU ****
make all 
Invoking: Print Size
avr-size --format=avr --mcu=atmega16 Hmi_ECU.elf
AVR Memory Usage
----------------
Device: atmega16

Program:   14330 bytes (87.5% Full)
(.text + .data + .bootloader)

Data:        202 bytes (19.7% Full)
(.data + .bss + .noinit)


Finished building: sizedummy
 
16:35:15 **** Incremental Build of configuration Debug for project Control_ECU ****
make all 
Building file: ../Door_Security_System2.c
Invoking: AVR Compiler
avr-gcc -Wall -g2 -gstabs -O0 -fpack-struct -fshort-enums -ffunction-sections -fdata-sections -std=gnu99 -funsigned-char -funsigned-bitfields -mmcu=atmega16 -DF_CPU=1000000UL -MMD -MP -MF"Door_Security_System2.d" -MT"Door_Security_System2.o" -c -o "Door_Security_System2.o" "../Door_Security_System2.c"
In file included from ../Door_Security_System2.c:14:
../std_types.h:42:1: warning: "F_CPU" redefined
<command-line>: warning: this is the location of the previous definition
In file included from ../Door_Security_System2.c:22:
c:/winavr-20100110/lib/gcc/../../avr/include/avr/delay.h:36:2: warning: #warning "This file has been moved to <util/delay.h>."
In file included from c:/winavr-20100110/lib/gcc/../../avr/include/avr/delay.h:37,
                 from ../Door_Security_System2.c:22:
c:/winavr-20100110/lib/gcc/../../avr/include/util/delay.h:90:3: warning: #warning "Compiler optimizations disabled; functions from <util/delay.h> won't work as designed"
../Door_Security_System2.c: In function 'main':
../Door_Security_System2.c:73: warning: passing argument 2 of 'EEPROM_readByte' makes pointer from integer without a cast
../Door_Security_System2.c:116: warning: passing argument 2 of 'EEPROM_readByte' makes pointer from integer without a cast
Finished building: ../Door_Security_System2.c
 
Building file: ../buzzer.c
Invoking: AVR Compiler
avr-gcc -Wall -g2 -gstabs -O0 -fpack-struct -fshort-enums -ffunction-sections -fdata-sections -std=gnu99 -funsigned-char -funsigned-bitfields -mmcu=atmega16 -DF_CPU=1000000UL -MMD -MP -MF"buzzer.d" -MT"buzzer.o" -c -o "buzzer.o" "../buzzer.c"
In file included from ../gpio.h:16,
                 from ../buzzer.h:14,
                 from ../buzzer.c:13:
../std_types.h:42:1: warning: "F_CPU" redefined
<command-line>: warning: this is the location of the previous definition
Finished building: ../buzzer.c
 
Building file: ../external_eeprom.c
Invoking: AVR Compiler
avr-gcc -Wall -g2 -gstabs -O0 -fpack-struct -fshort-enums -ffunction-sections -fdata-sections -std=gnu99 -funsigned-char -funsigned-bitfields -mmcu=atmega16 -DF_CPU=1000000UL -MMD -MP -MF"external_eeprom.d" -MT"external_eeprom.o" -c -o "external_eeprom.o" "../external_eeprom.c"
In file included from ../external_eeprom.h:17,
                 from ../external_eeprom.c:12:
../std_types.h:42:1: warning: "F_CPU" redefined
<command-line>: warning: this is the location of the previous definition
Finished building: ../external_eeprom.c
 
Building file: ../gpio.c
Invoking: AVR Compiler
avr-gcc -Wall -g2 -gstabs -O0 -fpack-struct -fshort-enums -ffunction-sections -fdata-sections -std=gnu99 -funsigned-char -funsigned-bitfields -mmcu=atmega16 -DF_CPU=1000000UL -MMD -MP -MF"gpio.d" -MT"gpio.o" -c -o "gpio.o" "../gpio.c"
In file included from ../gpio.h:16,
                 from ../gpio.c:13:
../std_types.h:42:1: warning: "F_CPU" redefined
<command-line>: warning: this is the location of the previous definition
Finished building: ../gpio.c
 
Building file: ../motor.c
Invoking: AVR Compiler
avr-gcc -Wall -g2 -gstabs -O0 -fpack-struct -fshort-enums -ffunction-sections -fdata-sections -std=gnu99 -funsigned-char -funsigned-bitfields -mmcu=atmega16 -DF_CPU=1000000UL -MMD -MP -MF"motor.d" -MT"motor.o" -c -o "motor.o" "../motor.c"
In file included from ../gpio.h:16,
                 from ../motor.h:18,
                 from ../motor.c:15:
../std_types.h:42:1: warning: "F_CPU" redefined
<command-line>: warning: this is the location of the previous definition
Finished building: ../motor.c
 
Building file: ../pwm.c
Invoking: AVR Compiler
avr-gcc -Wall -g2 -gstabs -O0 -fpack-struct -fshort-enums -ffunction-sections -fdata-sections -std=gnu99 -funsigned-char -funsigned-bitfields -mmcu=atmega16 -DF_CPU=1000000UL -MMD -MP -MF"pwm.d" -MT"pwm.o" -c -o "pwm.o" "../pwm.c"
In file included from ../gpio.h:16,
                 from ../pwm.h:14,
                 from ../pwm.c:15:
../std_types.h:42:1: warning: "F_CPU" redefined
<command-line>: warning: this is the location of the previous definition
Finished building: ../pwm.c
 
Building file: ../timer0.c
Invoking: AVR Compiler
avr-gcc -Wall -g2 -gstabs -O0 -fpack-struct -fshort-enums -ffunction-sections -fdata-sections -std=gnu99 -funsigned-char -funsigned-bitfields -mmcu=atmega16 -DF_CPU=1000000UL -MMD -MP -MF"timer0.d" -MT"timer0.o" -c -o "timer0.o" "../timer0.c"
In file included from ../timer0.h:14,
                 from ../timer0.c:15:
../std_types.h:42:1: warning: "F_CPU" redefined
<command-line>: warning: this is the location of the previous definition
../timer0.c: In function 'Timer0_SetcallBack':
../timer0.c:90: warning: function return types not compatible due to 'volatile'
Finished building: ../timer0.c
 
Building file: ../twi.c
Invoking: AVR Compiler
avr-gcc -Wall -g2 -gstabs -O0 -fpack-struct -fshort-enums -ffunction-sections -fdata-sections -std=gnu99 -funsigned-char -funsigned-bitfields -mmcu=atmega16 -DF_CPU=1000000UL -MMD -MP -MF"twi.d" -MT"twi.o" -c -o "twi.o" "../twi.c"
In file included from ../twi.h:16,
                 from ../twi.c:13:
../std_types.h:42:1: warning: "F_CPU" redefined
<command-line>: warning: this is the location of the previous definition
Finished building: ../twi.c
 
Building file: ../uart.c
Invoking: AVR Compiler
avr-gcc -Wall -g2 -gstabs -O0 -fpack-struct -fshort-enums -ffunction-sections -fdata-sections -std=gnu99 -funsigned-char -funsigned-bitfields -mmcu=atmega16 -DF_CPU=1000000UL -MMD -MP -MF"uart.d" -MT"uart.o" -c -o "uart.o" "../uart.c"
In file included from ../uart.h:16,
                 from ../uart.c:13:
../std_types.h:42:1: warning: "F_CPU" redefined
<command-line>: warning: this is the location of the previous definition
Finished building: ../uart.c
 
Building target: Control_ECU.elf
Invoking: AVR C Linker
avr-gcc -Wl,-Map,Control_ECU.map -mmcu=atmega16 -o "Control_ECU.elf"  ./Door_Security_System2.o ./buzzer.o ./external_eeprom.o ./gpio.o ./motor.o ./pwm.o ./timer0.o ./twi.o ./uart.o   
Finished building target: Control_ECU.elf
 
Invoking: AVR Create Extended Listing
avr-objdump -h -S Control_ECU.elf  >"Control_ECU.lss"
Finished building: Control_ECU.lss
 
Invoking: Print Size
avr-size --format=avr --mcu=atmega16 Control_ECU.elf
AVR Memory Usage
----------------
Device: atmega16

Program:   10708 bytes (65.4% Full)
(.text + .data + .bootloader)

Data:         62 bytes (6.1% Full)
(.data + .bss + .noinit)


Finished building: sizedummy
 
16:35:19 **** Incremental Build of configuration Debug for project Hmi_ECU ****
make all 
Building file: ../Door_Security_System.c
Invoking: AVR Compiler
avr-gcc -Wall -g2 -gstabs -O0 -fpack-struct -fshort-enums -ffunction-sections -fdata-sections -std=gnu99 -funsigned-char -funsigned-bitfields -mmcu=atmega16 -DF_CPU=1000000UL -MMD -MP -MF"Door_Security_System.d" -MT"Door_Security_System.o" -c -o "Door_Security_System.o" "../Door_Security_System.c"
In file included from ../timer0.h:14,
                 from ../Door_Security_System.c:14:
../std_types.h:42:1: warning: "F_CPU" redefined
<command-line>: warning: this is the location of the previous definition
In file included from ../Door_Security_System.c:19:
c:/winavr-20100110/lib/gcc/../../avr/include/avr/delay.h:36:2: warning: #warning "This file has been moved to <util/delay.h>."
In file included from c:/winavr-20100110/lib/gcc/../../avr/include/avr/delay.h:37,
                 from ../Door_Security_System.c:19:
c:/winavr-20100110/lib/gcc/../../avr/include/util/delay.h:90:3: warning: #warning "Compiler optimizations disabled; functions from <util/delay.h> won't work as designed"
../Door_Security_System.c: In function 'main':
../Door_Security_System.c:52: warning: implicit declaration of function 'KEYPAD_getPressedKey'
Finished building: ../Door_Security_System.c
 
Building target: Hmi_ECU.elf
Invoking: AVR C Linker
avr-gcc -Wl,-Map,Hmi_ECU.map -mmcu=atmega16 -o "Hmi_ECU.elf"  ./Door_Security_System.o ./gpio.o ./keypad.o ./lcd.o ./timer0.o ./uart.o   
Finished building target: Hmi_ECU.elf
 
Invoking: AVR Create Extended Listing
avr-objdump -h -S Hmi_ECU.elf  >"Hmi_ECU.lss"
Finished building: Hmi_ECU.lss
 
Invoking: Print Size
avr-size --format=avr --mcu=atmega16 Hmi_ECU.elf
AVR Memory Usage
----------------
Device: atmega16

Program:   14330 bytes (87.5% Full)
(.text + .data + .bootloader)

Data:        202 bytes (19.7% Full)
(.data + .bss + .noinit)


Finished building: sizedummy
 
16:36:17 **** Incremental Build of configuration Debug for project Control_ECU ****
make all 
Building file: ../Door_Security_System2.c
Invoking: AVR Compiler
avr-gcc -Wall -g2 -gstabs -O0 -fpack-struct -fshort-enums -ffunction-sections -fdata-sections -std=gnu99 -funsigned-char -funsigned-bitfields -mmcu=atmega16 -DF_CPU=1000000UL -MMD -MP -MF"Door_Security_System2.d" -MT"Door_Security_System2.o" -c -o "Door_Security_System2.o" "../Door_Security_System2.c"
In file included from ../Door_Security_System2.c:14:
../std_types.h:42:1: warning: "F_CPU" redefined
<command-line>: warning: this is the location of the previous definition
In file included from ../Door_Security_System2.c:22:
c:/winavr-20100110/lib/gcc/../../avr/include/avr/delay.h:36:2: warning: #warning "This file has been moved to <util/delay.h>."
In file included from c:/winavr-20100110/lib/gcc/../../avr/include/avr/delay.h:37,
                 from ../Door_Security_System2.c:22:
c:/winavr-20100110/lib/gcc/../../avr/include/util/delay.h:90:3: warning: #warning "Compiler optimizations disabled; functions from <util/delay.h> won't work as designed"
../Door_Security_System2.c: In function 'main':
../Door_Security_System2.c:116: warning: passing argument 2 of 'EEPROM_readByte' makes pointer from integer without a cast
Finished building: ../Door_Security_System2.c
 
Building target: Control_ECU.elf
Invoking: AVR C Linker
avr-gcc -Wl,-Map,Control_ECU.map -mmcu=atmega16 -o "Control_ECU.elf"  ./Door_Security_System2.o ./buzzer.o ./external_eeprom.o ./gpio.o ./motor.o ./pwm.o ./timer0.o ./twi.o ./uart.o   
Finished building target: Control_ECU.elf
 
Invoking: AVR Create Extended Listing
avr-objdump -h -S Control_ECU.elf  >"Control_ECU.lss"
Finished building: Control_ECU.lss
 
Invoking: Print Size
avr-size --format=avr --mcu=atmega16 Control_ECU.elf
AVR Memory Usage
----------------
Device: atmega16

Program:   10700 bytes (65.3% Full)
(.text + .data + .bootloader)

Data:         62 bytes (6.1% Full)
(.data + .bss + .noinit)


Finished building: sizedummy
 
16:36:18 **** Incremental Build of configuration Debug for project Hmi_ECU ****
make all 
Invoking: Print Size
avr-size --format=avr --mcu=atmega16 Hmi_ECU.elf
AVR Memory Usage
----------------
Device: atmega16

Program:   14330 bytes (87.5% Full)
(.text + .data + .bootloader)

Data:        202 bytes (19.7% Full)
(.data + .bss + .noinit)


Finished building: sizedummy
 
16:36:32 **** Incremental Build of configuration Debug for project Control_ECU ****
make all 
Building file: ../Door_Security_System2.c
Invoking: AVR Compiler
avr-gcc -Wall -g2 -gstabs -O0 -fpack-struct -fshort-enums -ffunction-sections -fdata-sections -std=gnu99 -funsigned-char -funsigned-bitfields -mmcu=atmega16 -DF_CPU=1000000UL -MMD -MP -MF"Door_Security_System2.d" -MT"Door_Security_System2.o" -c -o "Door_Security_System2.o" "../Door_Security_System2.c"
In file included from ../Door_Security_System2.c:14:
../std_types.h:42:1: warning: "F_CPU" redefined
<command-line>: warning: this is the location of the previous definition
In file included from ../Door_Security_System2.c:22:
c:/winavr-20100110/lib/gcc/../../avr/include/avr/delay.h:36:2: warning: #warning "This file has been moved to <util/delay.h>."
In file included from c:/winavr-20100110/lib/gcc/../../avr/include/avr/delay.h:37,
                 from ../Door_Security_System2.c:22:
c:/winavr-20100110/lib/gcc/../../avr/include/util/delay.h:90:3: warning: #warning "Compiler optimizations disabled; functions from <util/delay.h> won't work as designed"
Finished building: ../Door_Security_System2.c
 
Building target: Control_ECU.elf
Invoking: AVR C Linker
avr-gcc -Wl,-Map,Control_ECU.map -mmcu=atmega16 -o "Control_ECU.elf"  ./Door_Security_System2.o ./buzzer.o ./external_eeprom.o ./gpio.o ./motor.o ./pwm.o ./timer0.o ./twi.o ./uart.o   
Finished building target: Control_ECU.elf
 
Invoking: AVR Create Extended Listing
avr-objdump -h -S Control_ECU.elf  >"Control_ECU.lss"
Finished building: Control_ECU.lss
 
Invoking: Print Size
avr-size --format=avr --mcu=atmega16 Control_ECU.elf
AVR Memory Usage
----------------
Device: atmega16

Program:   10692 bytes (65.3% Full)
(.text + .data + .bootloader)

Data:         62 bytes (6.1% Full)
(.data + .bss + .noinit)


Finished building: sizedummy
 
16:36:33 **** Incremental Build of configuration Debug for project Hmi_ECU ****
make all 
Invoking: Print Size
avr-size --format=avr --mcu=atmega16 Hmi_ECU.elf
AVR Memory Usage
----------------
Device: atmega16

Program:   14330 bytes (87.5% Full)
(.text + .data + .bootloader)

Data:        202 bytes (19.7% Full)
(.data + .bss + .noinit)


Finished building: sizedummy
 
16:37:05 **** Incremental Build of configuration Debug for project Control_ECU ****
make all 
Invoking: Print Size
avr-size --format=avr --mcu=atmega16 Control_ECU.elf
AVR Memory Usage
----------------
Device: atmega16

Program:   10692 bytes (65.3% Full)
(.text + .data + .bootloader)

Data:         62 bytes (6.1% Full)
(.data + .bss + .noinit)


Finished building: sizedummy
 
16:37:05 **** Incremental Build of configuration Debug for project Hmi_ECU ****
make all 
Invoking: Print Size
avr-size --format=avr --mcu=atmega16 Hmi_ECU.elf
AVR Memory Usage
----------------
Device: atmega16

Program:   14330 bytes (87.5% Full)
(.text + .data + .bootloader)

Data:        202 bytes (19.7% Full)
(.data + .bss + .noinit)


Finished building: sizedummy
 
16:37:54 **** Incremental Build of configuration Debug for project Control_ECU ****
make all 
Building file: ../Door_Security_System2.c
Invoking: AVR Compiler
avr-gcc -Wall -g2 -gstabs -O0 -fpack-struct -fshort-enums -ffunction-sections -fdata-sections -std=gnu99 -funsigned-char -funsigned-bitfields -mmcu=atmega16 -DF_CPU=1000000UL -MMD -MP -MF"Door_Security_System2.d" -MT"Door_Security_System2.o" -c -o "Door_Security_System2.o" "../Door_Security_System2.c"
In file included from ../Door_Security_System2.c:14:
../std_types.h:42:1: warning: "F_CPU" redefined
<command-line>: warning: this is the location of the previous definition
In file included from ../Door_Security_System2.c:22:
c:/winavr-20100110/lib/gcc/../../avr/include/avr/delay.h:36:2: warning: #warning "This file has been moved to <util/delay.h>."
In file included from c:/winavr-20100110/lib/gcc/../../avr/include/avr/delay.h:37,
                 from ../Door_Security_System2.c:22:
c:/winavr-20100110/lib/gcc/../../avr/include/util/delay.h:90:3: warning: #warning "Compiler optimizations disabled; functions from <util/delay.h> won't work as designed"
Finished building: ../Door_Security_System2.c
 
Building target: Control_ECU.elf
Invoking: AVR C Linker
avr-gcc -Wl,-Map,Control_ECU.map -mmcu=atmega16 -o "Control_ECU.elf"  ./Door_Security_System2.o ./buzzer.o ./external_eeprom.o ./gpio.o ./motor.o ./pwm.o ./timer0.o ./twi.o ./uart.o   
Finished building target: Control_ECU.elf
 
Invoking: AVR Create Extended Listing
avr-objdump -h -S Control_ECU.elf  >"Control_ECU.lss"
Finished building: Control_ECU.lss
 
Invoking: Print Size
avr-size --format=avr --mcu=atmega16 Control_ECU.elf
AVR Memory Usage
----------------
Device: atmega16

Program:   10692 bytes (65.3% Full)
(.text + .data + .bootloader)

Data:         62 bytes (6.1% Full)
(.data + .bss + .noinit)


Finished building: sizedummy
 
16:37:55 **** Incremental Build of configuration Debug for project Hmi_ECU ****
make all 
Invoking: Print Size
avr-size --format=avr --mcu=atmega16 Hmi_ECU.elf
AVR Memory Usage
----------------
Device: atmega16

Program:   14330 bytes (87.5% Full)
(.text + .data + .bootloader)

Data:        202 bytes (19.7% Full)
(.data + .bss + .noinit)


Finished building: sizedummy
 
16:38:09 **** Incremental Build of configuration Debug for project Control_ECU ****
make all 
Invoking: Print Size
avr-size --format=avr --mcu=atmega16 Control_ECU.elf
AVR Memory Usage
----------------
Device: atmega16

Program:   10692 bytes (65.3% Full)
(.text + .data + .bootloader)

Data:         62 bytes (6.1% Full)
(.data + .bss + .noinit)


Finished building: sizedummy
 
16:38:10 **** Incremental Build of configuration Debug for project Hmi_ECU ****
make all 
Invoking: Print Size
avr-size --format=avr --mcu=atmega16 Hmi_ECU.elf
AVR Memory Usage
----------------
Device: atmega16

Program:   14330 bytes (87.5% Full)
(.text + .data + .bootloader)

Data:        202 bytes (19.7% Full)
(.data + .bss + .noinit)


Finished building: sizedummy
 
16:40:14 **** Incremental Build of configuration Debug for project Control_ECU ****
make all 
Building file: ../Door_Security_System2.c
Invoking: AVR Compiler
avr-gcc -Wall -g2 -gstabs -O0 -fpack-struct -fshort-enums -ffunction-sections -fdata-sections -std=gnu99 -funsigned-char -funsigned-bitfields -mmcu=atmega16 -DF_CPU=1000000UL -MMD -MP -MF"Door_Security_System2.d" -MT"Door_Security_System2.o" -c -o "Door_Security_System2.o" "../Door_Security_System2.c"
In file included from ../Door_Security_System2.c:14:
../std_types.h:42:1: warning: "F_CPU" redefined
<command-line>: warning: this is the location of the previous definition
In file included from ../Door_Security_System2.c:22:
c:/winavr-20100110/lib/gcc/../../avr/include/avr/delay.h:36:2: warning: #warning "This file has been moved to <util/delay.h>."
In file included from c:/winavr-20100110/lib/gcc/../../avr/include/avr/delay.h:37,
                 from ../Door_Security_System2.c:22:
c:/winavr-20100110/lib/gcc/../../avr/include/util/delay.h:90:3: warning: #warning "Compiler optimizations disabled; functions from <util/delay.h> won't work as designed"
Finished building: ../Door_Security_System2.c
 
Building target: Control_ECU.elf
Invoking: AVR C Linker
avr-gcc -Wl,-Map,Control_ECU.map -mmcu=atmega16 -o "Control_ECU.elf"  ./Door_Security_System2.o ./buzzer.o ./external_eeprom.o ./gpio.o ./motor.o ./pwm.o ./timer0.o ./twi.o ./uart.o   
Finished building target: Control_ECU.elf
 
Invoking: AVR Create Extended Listing
avr-objdump -h -S Control_ECU.elf  >"Control_ECU.lss"
Finished building: Control_ECU.lss
 
Invoking: Print Size
avr-size --format=avr --mcu=atmega16 Control_ECU.elf
AVR Memory Usage
----------------
Device: atmega16

Program:   10692 bytes (65.3% Full)
(.text + .data + .bootloader)

Data:         62 bytes (6.1% Full)
(.data + .bss + .noinit)


Finished building: sizedummy
 
16:40:15 **** Incremental Build of configuration Debug for project Hmi_ECU ****
make all 
Invoking: Print Size
avr-size --format=avr --mcu=atmega16 Hmi_ECU.elf
AVR Memory Usage
----------------
Device: atmega16

Program:   14330 bytes (87.5% Full)
(.text + .data + .bootloader)

Data:        202 bytes (19.7% Full)
(.data + .bss + .noinit)


Finished building: sizedummy
 
16:40:18 **** Incremental Build of configuration Debug for project Control_ECU ****
make all 
Invoking: Print Size
avr-size --format=avr --mcu=atmega16 Control_ECU.elf
AVR Memory Usage
----------------
Device: atmega16

Program:   10692 bytes (65.3% Full)
(.text + .data + .bootloader)

Data:         62 bytes (6.1% Full)
(.data + .bss + .noinit)


Finished building: sizedummy
 
16:40:18 **** Incremental Build of configuration Debug for project Hmi_ECU ****
make all 
Invoking: Print Size
avr-size --format=avr --mcu=atmega16 Hmi_ECU.elf
AVR Memory Usage
----------------
Device: atmega16

Program:   14330 bytes (87.5% Full)
(.text + .data + .bootloader)

Data:        202 bytes (19.7% Full)
(.data + .bss + .noinit)


Finished building: sizedummy
 
16:43:58 **** Incremental Build of configuration Debug for project Control_ECU ****
make all 
Building file: ../Door_Security_System2.c
Invoking: AVR Compiler
avr-gcc -Wall -g2 -gstabs -O0 -fpack-struct -fshort-enums -ffunction-sections -fdata-sections -std=gnu99 -funsigned-char -funsigned-bitfields -mmcu=atmega16 -DF_CPU=1000000UL -MMD -MP -MF"Door_Security_System2.d" -MT"Door_Security_System2.o" -c -o "Door_Security_System2.o" "../Door_Security_System2.c"
In file included from ../Door_Security_System2.c:14:
../std_types.h:42:1: warning: "F_CPU" redefined
<command-line>: warning: this is the location of the previous definition
In file included from ../Door_Security_System2.c:22:
c:/winavr-20100110/lib/gcc/../../avr/include/avr/delay.h:36:2: warning: #warning "This file has been moved to <util/delay.h>."
In file included from c:/winavr-20100110/lib/gcc/../../avr/include/avr/delay.h:37,
                 from ../Door_Security_System2.c:22:
c:/winavr-20100110/lib/gcc/../../avr/include/util/delay.h:90:3: warning: #warning "Compiler optimizations disabled; functions from <util/delay.h> won't work as designed"
Finished building: ../Door_Security_System2.c
 
Building file: ../buzzer.c
Invoking: AVR Compiler
avr-gcc -Wall -g2 -gstabs -O0 -fpack-struct -fshort-enums -ffunction-sections -fdata-sections -std=gnu99 -funsigned-char -funsigned-bitfields -mmcu=atmega16 -DF_CPU=1000000UL -MMD -MP -MF"buzzer.d" -MT"buzzer.o" -c -o "buzzer.o" "../buzzer.c"
In file included from ../gpio.h:16,
                 from ../buzzer.h:14,
                 from ../buzzer.c:13:
../std_types.h:42:1: warning: "F_CPU" redefined
<command-line>: warning: this is the location of the previous definition
Finished building: ../buzzer.c
 
Building file: ../external_eeprom.c
Invoking: AVR Compiler
avr-gcc -Wall -g2 -gstabs -O0 -fpack-struct -fshort-enums -ffunction-sections -fdata-sections -std=gnu99 -funsigned-char -funsigned-bitfields -mmcu=atmega16 -DF_CPU=1000000UL -MMD -MP -MF"external_eeprom.d" -MT"external_eeprom.o" -c -o "external_eeprom.o" "../external_eeprom.c"
In file included from ../external_eeprom.h:17,
                 from ../external_eeprom.c:12:
../std_types.h:42:1: warning: "F_CPU" redefined
<command-line>: warning: this is the location of the previous definition
Finished building: ../external_eeprom.c
 
Building file: ../gpio.c
Invoking: AVR Compiler
avr-gcc -Wall -g2 -gstabs -O0 -fpack-struct -fshort-enums -ffunction-sections -fdata-sections -std=gnu99 -funsigned-char -funsigned-bitfields -mmcu=atmega16 -DF_CPU=1000000UL -MMD -MP -MF"gpio.d" -MT"gpio.o" -c -o "gpio.o" "../gpio.c"
In file included from ../gpio.h:16,
                 from ../gpio.c:13:
../std_types.h:42:1: warning: "F_CPU" redefined
<command-line>: warning: this is the location of the previous definition
Finished building: ../gpio.c
 
Building file: ../motor.c
Invoking: AVR Compiler
avr-gcc -Wall -g2 -gstabs -O0 -fpack-struct -fshort-enums -ffunction-sections -fdata-sections -std=gnu99 -funsigned-char -funsigned-bitfields -mmcu=atmega16 -DF_CPU=1000000UL -MMD -MP -MF"motor.d" -MT"motor.o" -c -o "motor.o" "../motor.c"
In file included from ../gpio.h:16,
                 from ../motor.h:18,
                 from ../motor.c:15:
../std_types.h:42:1: warning: "F_CPU" redefined
<command-line>: warning: this is the location of the previous definition
Finished building: ../motor.c
 
Building file: ../pwm.c
Invoking: AVR Compiler
avr-gcc -Wall -g2 -gstabs -O0 -fpack-struct -fshort-enums -ffunction-sections -fdata-sections -std=gnu99 -funsigned-char -funsigned-bitfields -mmcu=atmega16 -DF_CPU=1000000UL -MMD -MP -MF"pwm.d" -MT"pwm.o" -c -o "pwm.o" "../pwm.c"
In file included from ../gpio.h:16,
                 from ../pwm.h:14,
                 from ../pwm.c:15:
../std_types.h:42:1: warning: "F_CPU" redefined
<command-line>: warning: this is the location of the previous definition
Finished building: ../pwm.c
 
Building file: ../timer0.c
Invoking: AVR Compiler
avr-gcc -Wall -g2 -gstabs -O0 -fpack-struct -fshort-enums -ffunction-sections -fdata-sections -std=gnu99 -funsigned-char -funsigned-bitfields -mmcu=atmega16 -DF_CPU=1000000UL -MMD -MP -MF"timer0.d" -MT"timer0.o" -c -o "timer0.o" "../timer0.c"
In file included from ../timer0.h:14,
                 from ../timer0.c:15:
../std_types.h:42:1: warning: "F_CPU" redefined
<command-line>: warning: this is the location of the previous definition
../timer0.c: In function 'Timer0_SetcallBack':
../timer0.c:90: warning: function return types not compatible due to 'volatile'
Finished building: ../timer0.c
 
Building file: ../twi.c
Invoking: AVR Compiler
avr-gcc -Wall -g2 -gstabs -O0 -fpack-struct -fshort-enums -ffunction-sections -fdata-sections -std=gnu99 -funsigned-char -funsigned-bitfields -mmcu=atmega16 -DF_CPU=1000000UL -MMD -MP -MF"twi.d" -MT"twi.o" -c -o "twi.o" "../twi.c"
In file included from ../twi.h:16,
                 from ../twi.c:13:
../std_types.h:42:1: warning: "F_CPU" redefined
<command-line>: warning: this is the location of the previous definition
Finished building: ../twi.c
 
Building file: ../uart.c
Invoking: AVR Compiler
avr-gcc -Wall -g2 -gstabs -O0 -fpack-struct -fshort-enums -ffunction-sections -fdata-sections -std=gnu99 -funsigned-char -funsigned-bitfields -mmcu=atmega16 -DF_CPU=1000000UL -MMD -MP -MF"uart.d" -MT"uart.o" -c -o "uart.o" "../uart.c"
In file included from ../uart.h:16,
                 from ../uart.c:13:
../std_types.h:42:1: warning: "F_CPU" redefined
<command-line>: warning: this is the location of the previous definition
Finished building: ../uart.c
 
Building target: Control_ECU.elf
Invoking: AVR C Linker
avr-gcc -Wl,-Map,Control_ECU.map -mmcu=atmega16 -o "Control_ECU.elf"  ./Door_Security_System2.o ./buzzer.o ./external_eeprom.o ./gpio.o ./motor.o ./pwm.o ./timer0.o ./twi.o ./uart.o   
Finished building target: Control_ECU.elf
 
Invoking: AVR Create Extended Listing
avr-objdump -h -S Control_ECU.elf  >"Control_ECU.lss"
Finished building: Control_ECU.lss
 
Invoking: Print Size
avr-size --format=avr --mcu=atmega16 Control_ECU.elf
AVR Memory Usage
----------------
Device: atmega16

Program:   10692 bytes (65.3% Full)
(.text + .data + .bootloader)

Data:         62 bytes (6.1% Full)
(.data + .bss + .noinit)


Finished building: sizedummy
 
16:44:00 **** Incremental Build of configuration Debug for project Hmi_ECU ****
make all 
Invoking: Print Size
avr-size --format=avr --mcu=atmega16 Hmi_ECU.elf
AVR Memory Usage
----------------
Device: atmega16

Program:   14330 bytes (87.5% Full)
(.text + .data + .bootloader)

Data:        202 bytes (19.7% Full)
(.data + .bss + .noinit)


Finished building: sizedummy
 
16:44:19 **** Incremental Build of configuration Debug for project Control_ECU ****
make all 
Invoking: Print Size
avr-size --format=avr --mcu=atmega16 Control_ECU.elf
AVR Memory Usage
----------------
Device: atmega16

Program:   10692 bytes (65.3% Full)
(.text + .data + .bootloader)

Data:         62 bytes (6.1% Full)
(.data + .bss + .noinit)


Finished building: sizedummy
 
16:44:20 **** Incremental Build of configuration Debug for project Hmi_ECU ****
make all 
Building file: ../Door_Security_System.c
Invoking: AVR Compiler
avr-gcc -Wall -g2 -gstabs -O0 -fpack-struct -fshort-enums -ffunction-sections -fdata-sections -std=gnu99 -funsigned-char -funsigned-bitfields -mmcu=atmega16 -DF_CPU=1000000UL -MMD -MP -MF"Door_Security_System.d" -MT"Door_Security_System.o" -c -o "Door_Security_System.o" "../Door_Security_System.c"
In file included from ../timer0.h:14,
                 from ../Door_Security_System.c:14:
../std_types.h:42:1: warning: "F_CPU" redefined
<command-line>: warning: this is the location of the previous definition
In file included from ../Door_Security_System.c:19:
c:/winavr-20100110/lib/gcc/../../avr/include/avr/delay.h:36:2: warning: #warning "This file has been moved to <util/delay.h>."
In file included from c:/winavr-20100110/lib/gcc/../../avr/include/avr/delay.h:37,
                 from ../Door_Security_System.c:19:
c:/winavr-20100110/lib/gcc/../../avr/include/util/delay.h:90:3: warning: #warning "Compiler optimizations disabled; functions from <util/delay.h> won't work as designed"
../Door_Security_System.c: In function 'main':
../Door_Security_System.c:52: warning: implicit declaration of function 'KEYPAD_getPressedKey'
Finished building: ../Door_Security_System.c
 
Building target: Hmi_ECU.elf
Invoking: AVR C Linker
avr-gcc -Wl,-Map,Hmi_ECU.map -mmcu=atmega16 -o "Hmi_ECU.elf"  ./Door_Security_System.o ./gpio.o ./keypad.o ./lcd.o ./timer0.o ./uart.o   
Finished building target: Hmi_ECU.elf
 
Invoking: AVR Create Extended Listing
avr-objdump -h -S Hmi_ECU.elf  >"Hmi_ECU.lss"
Finished building: Hmi_ECU.lss
 
Invoking: Print Size
avr-size --format=avr --mcu=atmega16 Hmi_ECU.elf
AVR Memory Usage
----------------
Device: atmega16

Program:   14330 bytes (87.5% Full)
(.text + .data + .bootloader)

Data:        202 bytes (19.7% Full)
(.data + .bss + .noinit)


Finished building: sizedummy
 
16:45:13 **** Incremental Build of configuration Debug for project Control_ECU ****
make all 
Invoking: Print Size
avr-size --format=avr --mcu=atmega16 Control_ECU.elf
AVR Memory Usage
----------------
Device: atmega16

Program:   10692 bytes (65.3% Full)
(.text + .data + .bootloader)

Data:         62 bytes (6.1% Full)
(.data + .bss + .noinit)


Finished building: sizedummy
 
16:45:14 **** Incremental Build of configuration Debug for project Hmi_ECU ****
make all 
Building file: ../Door_Security_System.c
Invoking: AVR Compiler
avr-gcc -Wall -g2 -gstabs -O0 -fpack-struct -fshort-enums -ffunction-sections -fdata-sections -std=gnu99 -funsigned-char -funsigned-bitfields -mmcu=atmega16 -DF_CPU=1000000UL -MMD -MP -MF"Door_Security_System.d" -MT"Door_Security_System.o" -c -o "Door_Security_System.o" "../Door_Security_System.c"
In file included from ../timer0.h:14,
                 from ../Door_Security_System.c:14:
../std_types.h:42:1: warning: "F_CPU" redefined
<command-line>: warning: this is the location of the previous definition
In file included from ../Door_Security_System.c:19:
c:/winavr-20100110/lib/gcc/../../avr/include/avr/delay.h:36:2: warning: #warning "This file has been moved to <util/delay.h>."
In file included from c:/winavr-20100110/lib/gcc/../../avr/include/avr/delay.h:37,
                 from ../Door_Security_System.c:19:
c:/winavr-20100110/lib/gcc/../../avr/include/util/delay.h:90:3: warning: #warning "Compiler optimizations disabled; functions from <util/delay.h> won't work as designed"
../Door_Security_System.c: In function 'main':
../Door_Security_System.c:52: warning: implicit declaration of function 'KEYPAD_getPressedKey'
Finished building: ../Door_Security_System.c
 
Building target: Hmi_ECU.elf
Invoking: AVR C Linker
avr-gcc -Wl,-Map,Hmi_ECU.map -mmcu=atmega16 -o "Hmi_ECU.elf"  ./Door_Security_System.o ./gpio.o ./keypad.o ./lcd.o ./timer0.o ./uart.o   
Finished building target: Hmi_ECU.elf
 
Invoking: AVR Create Extended Listing
avr-objdump -h -S Hmi_ECU.elf  >"Hmi_ECU.lss"
Finished building: Hmi_ECU.lss
 
Invoking: Print Size
avr-size --format=avr --mcu=atmega16 Hmi_ECU.elf
AVR Memory Usage
----------------
Device: atmega16

Program:   14330 bytes (87.5% Full)
(.text + .data + .bootloader)

Data:        202 bytes (19.7% Full)
(.data + .bss + .noinit)


Finished building: sizedummy
 
16:45:20 **** Incremental Build of configuration Debug for project Control_ECU ****
make all 
Invoking: Print Size
avr-size --format=avr --mcu=atmega16 Control_ECU.elf
AVR Memory Usage
----------------
Device: atmega16

Program:   10692 bytes (65.3% Full)
(.text + .data + .bootloader)

Data:         62 bytes (6.1% Full)
(.data + .bss + .noinit)


Finished building: sizedummy
 
16:45:20 **** Incremental Build of configuration Debug for project Hmi_ECU ****
make all 
Invoking: Print Size
avr-size --format=avr --mcu=atmega16 Hmi_ECU.elf
AVR Memory Usage
----------------
Device: atmega16

Program:   14330 bytes (87.5% Full)
(.text + .data + .bootloader)

Data:        202 bytes (19.7% Full)
(.data + .bss + .noinit)


Finished building: sizedummy
 
17:22:00 **** Incremental Build of configuration Debug for project Control_ECU ****
make all 
Building file: ../Door_Security_System2.c
Invoking: AVR Compiler
avr-gcc -Wall -g2 -gstabs -O0 -fpack-struct -fshort-enums -ffunction-sections -fdata-sections -std=gnu99 -funsigned-char -funsigned-bitfields -mmcu=atmega16 -DF_CPU=1000000UL -MMD -MP -MF"Door_Security_System2.d" -MT"Door_Security_System2.o" -c -o "Door_Security_System2.o" "../Door_Security_System2.c"
In file included from ../Door_Security_System2.c:14:
../std_types.h:42:1: warning: "F_CPU" redefined
<command-line>: warning: this is the location of the previous definition
In file included from ../Door_Security_System2.c:22:
c:/winavr-20100110/lib/gcc/../../avr/include/avr/delay.h:36:2: warning: #warning "This file has been moved to <util/delay.h>."
In file included from c:/winavr-20100110/lib/gcc/../../avr/include/avr/delay.h:37,
                 from ../Door_Security_System2.c:22:
c:/winavr-20100110/lib/gcc/../../avr/include/util/delay.h:90:3: warning: #warning "Compiler optimizations disabled; functions from <util/delay.h> won't work as designed"
Finished building: ../Door_Security_System2.c
 
Building file: ../buzzer.c
Invoking: AVR Compiler
avr-gcc -Wall -g2 -gstabs -O0 -fpack-struct -fshort-enums -ffunction-sections -fdata-sections -std=gnu99 -funsigned-char -funsigned-bitfields -mmcu=atmega16 -DF_CPU=1000000UL -MMD -MP -MF"buzzer.d" -MT"buzzer.o" -c -o "buzzer.o" "../buzzer.c"
In file included from ../gpio.h:16,
                 from ../buzzer.h:14,
                 from ../buzzer.c:13:
../std_types.h:42:1: warning: "F_CPU" redefined
<command-line>: warning: this is the location of the previous definition
Finished building: ../buzzer.c
 
Building file: ../external_eeprom.c
Invoking: AVR Compiler
avr-gcc -Wall -g2 -gstabs -O0 -fpack-struct -fshort-enums -ffunction-sections -fdata-sections -std=gnu99 -funsigned-char -funsigned-bitfields -mmcu=atmega16 -DF_CPU=1000000UL -MMD -MP -MF"external_eeprom.d" -MT"external_eeprom.o" -c -o "external_eeprom.o" "../external_eeprom.c"
In file included from ../external_eeprom.h:17,
                 from ../external_eeprom.c:12:
../std_types.h:42:1: warning: "F_CPU" redefined
<command-line>: warning: this is the location of the previous definition
Finished building: ../external_eeprom.c
 
Building file: ../gpio.c
Invoking: AVR Compiler
avr-gcc -Wall -g2 -gstabs -O0 -fpack-struct -fshort-enums -ffunction-sections -fdata-sections -std=gnu99 -funsigned-char -funsigned-bitfields -mmcu=atmega16 -DF_CPU=1000000UL -MMD -MP -MF"gpio.d" -MT"gpio.o" -c -o "gpio.o" "../gpio.c"
In file included from ../gpio.h:16,
                 from ../gpio.c:13:
../std_types.h:42:1: warning: "F_CPU" redefined
<command-line>: warning: this is the location of the previous definition
Finished building: ../gpio.c
 
Building file: ../motor.c
Invoking: AVR Compiler
avr-gcc -Wall -g2 -gstabs -O0 -fpack-struct -fshort-enums -ffunction-sections -fdata-sections -std=gnu99 -funsigned-char -funsigned-bitfields -mmcu=atmega16 -DF_CPU=1000000UL -MMD -MP -MF"motor.d" -MT"motor.o" -c -o "motor.o" "../motor.c"
In file included from ../gpio.h:16,
                 from ../motor.h:18,
                 from ../motor.c:15:
../std_types.h:42:1: warning: "F_CPU" redefined
<command-line>: warning: this is the location of the previous definition
Finished building: ../motor.c
 
Building file: ../pwm.c
Invoking: AVR Compiler
avr-gcc -Wall -g2 -gstabs -O0 -fpack-struct -fshort-enums -ffunction-sections -fdata-sections -std=gnu99 -funsigned-char -funsigned-bitfields -mmcu=atmega16 -DF_CPU=1000000UL -MMD -MP -MF"pwm.d" -MT"pwm.o" -c -o "pwm.o" "../pwm.c"
In file included from ../gpio.h:16,
                 from ../pwm.h:14,
                 from ../pwm.c:15:
../std_types.h:42:1: warning: "F_CPU" redefined
<command-line>: warning: this is the location of the previous definition
Finished building: ../pwm.c
 
Building file: ../timer0.c
Invoking: AVR Compiler
avr-gcc -Wall -g2 -gstabs -O0 -fpack-struct -fshort-enums -ffunction-sections -fdata-sections -std=gnu99 -funsigned-char -funsigned-bitfields -mmcu=atmega16 -DF_CPU=1000000UL -MMD -MP -MF"timer0.d" -MT"timer0.o" -c -o "timer0.o" "../timer0.c"
In file included from ../timer0.h:14,
                 from ../timer0.c:15:
../std_types.h:42:1: warning: "F_CPU" redefined
<command-line>: warning: this is the location of the previous definition
../timer0.c: In function 'Timer0_SetcallBack':
../timer0.c:90: warning: function return types not compatible due to 'volatile'
Finished building: ../timer0.c
 
Building file: ../twi.c
Invoking: AVR Compiler
avr-gcc -Wall -g2 -gstabs -O0 -fpack-struct -fshort-enums -ffunction-sections -fdata-sections -std=gnu99 -funsigned-char -funsigned-bitfields -mmcu=atmega16 -DF_CPU=1000000UL -MMD -MP -MF"twi.d" -MT"twi.o" -c -o "twi.o" "../twi.c"
In file included from ../twi.h:16,
                 from ../twi.c:13:
../std_types.h:42:1: warning: "F_CPU" redefined
<command-line>: warning: this is the location of the previous definition
Finished building: ../twi.c
 
Building file: ../uart.c
Invoking: AVR Compiler
avr-gcc -Wall -g2 -gstabs -O0 -fpack-struct -fshort-enums -ffunction-sections -fdata-sections -std=gnu99 -funsigned-char -funsigned-bitfields -mmcu=atmega16 -DF_CPU=1000000UL -MMD -MP -MF"uart.d" -MT"uart.o" -c -o "uart.o" "../uart.c"
In file included from ../uart.h:16,
                 from ../uart.c:13:
../std_types.h:42:1: warning: "F_CPU" redefined
<command-line>: warning: this is the location of the previous definition
Finished building: ../uart.c
 
Building target: Control_ECU.elf
Invoking: AVR C Linker
avr-gcc -Wl,-Map,Control_ECU.map -mmcu=atmega16 -o "Control_ECU.elf"  ./Door_Security_System2.o ./buzzer.o ./external_eeprom.o ./gpio.o ./motor.o ./pwm.o ./timer0.o ./twi.o ./uart.o   
Finished building target: Control_ECU.elf
 
Invoking: AVR Create Extended Listing
avr-objdump -h -S Control_ECU.elf  >"Control_ECU.lss"
Finished building: Control_ECU.lss
 
Invoking: Print Size
avr-size --format=avr --mcu=atmega16 Control_ECU.elf
AVR Memory Usage
----------------
Device: atmega16

Program:   10692 bytes (65.3% Full)
(.text + .data + .bootloader)

Data:         62 bytes (6.1% Full)
(.data + .bss + .noinit)


Finished building: sizedummy
 
17:22:03 **** Incremental Build of configuration Debug for project Hmi_ECU ****
make all 
Building file: ../Door_Security_System.c
Invoking: AVR Compiler
avr-gcc -Wall -g2 -gstabs -O0 -fpack-struct -fshort-enums -ffunction-sections -fdata-sections -std=gnu99 -funsigned-char -funsigned-bitfields -mmcu=atmega16 -DF_CPU=1000000UL -MMD -MP -MF"Door_Security_System.d" -MT"Door_Security_System.o" -c -o "Door_Security_System.o" "../Door_Security_System.c"
In file included from ../timer0.h:14,
                 from ../Door_Security_System.c:14:
../std_types.h:42:1: warning: "F_CPU" redefined
<command-line>: warning: this is the location of the previous definition
In file included from ../Door_Security_System.c:19:
c:/winavr-20100110/lib/gcc/../../avr/include/avr/delay.h:36:2: warning: #warning "This file has been moved to <util/delay.h>."
In file included from c:/winavr-20100110/lib/gcc/../../avr/include/avr/delay.h:37,
                 from ../Door_Security_System.c:19:
c:/winavr-20100110/lib/gcc/../../avr/include/util/delay.h:90:3: warning: #warning "Compiler optimizations disabled; functions from <util/delay.h> won't work as designed"
../Door_Security_System.c: In function 'main':
../Door_Security_System.c:52: warning: implicit declaration of function 'KEYPAD_getPressedKey'
Finished building: ../Door_Security_System.c
 
Building target: Hmi_ECU.elf
Invoking: AVR C Linker
avr-gcc -Wl,-Map,Hmi_ECU.map -mmcu=atmega16 -o "Hmi_ECU.elf"  ./Door_Security_System.o ./gpio.o ./keypad.o ./lcd.o ./timer0.o ./uart.o   
Finished building target: Hmi_ECU.elf
 
Invoking: AVR Create Extended Listing
avr-objdump -h -S Hmi_ECU.elf  >"Hmi_ECU.lss"
Finished building: Hmi_ECU.lss
 
Invoking: Print Size
avr-size --format=avr --mcu=atmega16 Hmi_ECU.elf
AVR Memory Usage
----------------
Device: atmega16

Program:   14330 bytes (87.5% Full)
(.text + .data + .bootloader)

Data:        202 bytes (19.7% Full)
(.data + .bss + .noinit)


Finished building: sizedummy
 
17:24:06 **** Incremental Build of configuration Debug for project Control_ECU ****
make all 
Invoking: Print Size
avr-size --format=avr --mcu=atmega16 Control_ECU.elf
AVR Memory Usage
----------------
Device: atmega16

Program:   10692 bytes (65.3% Full)
(.text + .data + .bootloader)

Data:         62 bytes (6.1% Full)
(.data + .bss + .noinit)


Finished building: sizedummy
 
17:24:06 **** Incremental Build of configuration Debug for project Hmi_ECU ****
make all 
Building file: ../Door_Security_System.c
Invoking: AVR Compiler
avr-gcc -Wall -g2 -gstabs -O0 -fpack-struct -fshort-enums -ffunction-sections -fdata-sections -std=gnu99 -funsigned-char -funsigned-bitfields -mmcu=atmega16 -DF_CPU=1000000UL -MMD -MP -MF"Door_Security_System.d" -MT"Door_Security_System.o" -c -o "Door_Security_System.o" "../Door_Security_System.c"
In file included from ../timer0.h:14,
                 from ../Door_Security_System.c:14:
../std_types.h:42:1: warning: "F_CPU" redefined
<command-line>: warning: this is the location of the previous definition
In file included from ../Door_Security_System.c:19:
c:/winavr-20100110/lib/gcc/../../avr/include/avr/delay.h:36:2: warning: #warning "This file has been moved to <util/delay.h>."
In file included from c:/winavr-20100110/lib/gcc/../../avr/include/avr/delay.h:37,
                 from ../Door_Security_System.c:19:
c:/winavr-20100110/lib/gcc/../../avr/include/util/delay.h:90:3: warning: #warning "Compiler optimizations disabled; functions from <util/delay.h> won't work as designed"
../Door_Security_System.c: In function 'main':
../Door_Security_System.c:52: warning: implicit declaration of function 'KEYPAD_getPressedKey'
Finished building: ../Door_Security_System.c
 
Building target: Hmi_ECU.elf
Invoking: AVR C Linker
avr-gcc -Wl,-Map,Hmi_ECU.map -mmcu=atmega16 -o "Hmi_ECU.elf"  ./Door_Security_System.o ./gpio.o ./keypad.o ./lcd.o ./timer0.o ./uart.o   
Finished building target: Hmi_ECU.elf
 
Invoking: AVR Create Extended Listing
avr-objdump -h -S Hmi_ECU.elf  >"Hmi_ECU.lss"
Finished building: Hmi_ECU.lss
 
Invoking: Print Size
avr-size --format=avr --mcu=atmega16 Hmi_ECU.elf
AVR Memory Usage
----------------
Device: atmega16

Program:   14332 bytes (87.5% Full)
(.text + .data + .bootloader)

Data:        202 bytes (19.7% Full)
(.data + .bss + .noinit)


Finished building: sizedummy
 
17:25:04 **** Incremental Build of configuration Debug for project Control_ECU ****
make all 
Invoking: Print Size
avr-size --format=avr --mcu=atmega16 Control_ECU.elf
AVR Memory Usage
----------------
Device: atmega16

Program:   10692 bytes (65.3% Full)
(.text + .data + .bootloader)

Data:         62 bytes (6.1% Full)
(.data + .bss + .noinit)


Finished building: sizedummy
 
17:25:04 **** Incremental Build of configuration Debug for project Hmi_ECU ****
make all 
Building file: ../Door_Security_System.c
Invoking: AVR Compiler
avr-gcc -Wall -g2 -gstabs -O0 -fpack-struct -fshort-enums -ffunction-sections -fdata-sections -std=gnu99 -funsigned-char -funsigned-bitfields -mmcu=atmega16 -DF_CPU=1000000UL -MMD -MP -MF"Door_Security_System.d" -MT"Door_Security_System.o" -c -o "Door_Security_System.o" "../Door_Security_System.c"
In file included from ../timer0.h:14,
                 from ../Door_Security_System.c:14:
../std_types.h:42:1: warning: "F_CPU" redefined
<command-line>: warning: this is the location of the previous definition
In file included from ../Door_Security_System.c:19:
c:/winavr-20100110/lib/gcc/../../avr/include/avr/delay.h:36:2: warning: #warning "This file has been moved to <util/delay.h>."
In file included from c:/winavr-20100110/lib/gcc/../../avr/include/avr/delay.h:37,
                 from ../Door_Security_System.c:19:
c:/winavr-20100110/lib/gcc/../../avr/include/util/delay.h:90:3: warning: #warning "Compiler optimizations disabled; functions from <util/delay.h> won't work as designed"
../Door_Security_System.c: In function 'main':
../Door_Security_System.c:52: warning: implicit declaration of function 'KEYPAD_getPressedKey'
Finished building: ../Door_Security_System.c
 
Building target: Hmi_ECU.elf
Invoking: AVR C Linker
avr-gcc -Wl,-Map,Hmi_ECU.map -mmcu=atmega16 -o "Hmi_ECU.elf"  ./Door_Security_System.o ./gpio.o ./keypad.o ./lcd.o ./timer0.o ./uart.o   
Finished building target: Hmi_ECU.elf
 
Invoking: AVR Create Extended Listing
avr-objdump -h -S Hmi_ECU.elf  >"Hmi_ECU.lss"
Finished building: Hmi_ECU.lss
 
Invoking: Print Size
avr-size --format=avr --mcu=atmega16 Hmi_ECU.elf
AVR Memory Usage
----------------
Device: atmega16

Program:   14332 bytes (87.5% Full)
(.text + .data + .bootloader)

Data:        202 bytes (19.7% Full)
(.data + .bss + .noinit)


Finished building: sizedummy
 
17:26:10 **** Incremental Build of configuration Debug for project Control_ECU ****
make all 
Invoking: Print Size
avr-size --format=avr --mcu=atmega16 Control_ECU.elf
AVR Memory Usage
----------------
Device: atmega16

Program:   10692 bytes (65.3% Full)
(.text + .data + .bootloader)

Data:         62 bytes (6.1% Full)
(.data + .bss + .noinit)


Finished building: sizedummy
 
17:26:10 **** Incremental Build of configuration Debug for project Hmi_ECU ****
make all 
Building file: ../Door_Security_System.c
Invoking: AVR Compiler
avr-gcc -Wall -g2 -gstabs -O0 -fpack-struct -fshort-enums -ffunction-sections -fdata-sections -std=gnu99 -funsigned-char -funsigned-bitfields -mmcu=atmega16 -DF_CPU=1000000UL -MMD -MP -MF"Door_Security_System.d" -MT"Door_Security_System.o" -c -o "Door_Security_System.o" "../Door_Security_System.c"
In file included from ../timer0.h:14,
                 from ../Door_Security_System.c:14:
../std_types.h:42:1: warning: "F_CPU" redefined
<command-line>: warning: this is the location of the previous definition
In file included from ../Door_Security_System.c:19:
c:/winavr-20100110/lib/gcc/../../avr/include/avr/delay.h:36:2: warning: #warning "This file has been moved to <util/delay.h>."
In file included from c:/winavr-20100110/lib/gcc/../../avr/include/avr/delay.h:37,
                 from ../Door_Security_System.c:19:
c:/winavr-20100110/lib/gcc/../../avr/include/util/delay.h:90:3: warning: #warning "Compiler optimizations disabled; functions from <util/delay.h> won't work as designed"
../Door_Security_System.c: In function 'main':
../Door_Security_System.c:52: warning: implicit declaration of function 'KEYPAD_getPressedKey'
Finished building: ../Door_Security_System.c
 
Building target: Hmi_ECU.elf
Invoking: AVR C Linker
avr-gcc -Wl,-Map,Hmi_ECU.map -mmcu=atmega16 -o "Hmi_ECU.elf"  ./Door_Security_System.o ./gpio.o ./keypad.o ./lcd.o ./timer0.o ./uart.o   
Finished building target: Hmi_ECU.elf
 
Invoking: AVR Create Extended Listing
avr-objdump -h -S Hmi_ECU.elf  >"Hmi_ECU.lss"
Finished building: Hmi_ECU.lss
 
Invoking: Print Size
avr-size --format=avr --mcu=atmega16 Hmi_ECU.elf
AVR Memory Usage
----------------
Device: atmega16

Program:   14332 bytes (87.5% Full)
(.text + .data + .bootloader)

Data:        202 bytes (19.7% Full)
(.data + .bss + .noinit)


Finished building: sizedummy
 
17:26:18 **** Incremental Build of configuration Debug for project Control_ECU ****
make all 
Invoking: Print Size
avr-size --format=avr --mcu=atmega16 Control_ECU.elf
AVR Memory Usage
----------------
Device: atmega16

Program:   10692 bytes (65.3% Full)
(.text + .data + .bootloader)

Data:         62 bytes (6.1% Full)
(.data + .bss + .noinit)


Finished building: sizedummy
 
17:26:19 **** Incremental Build of configuration Debug for project Hmi_ECU ****
make all 
Invoking: Print Size
avr-size --format=avr --mcu=atmega16 Hmi_ECU.elf
AVR Memory Usage
----------------
Device: atmega16

Program:   14332 bytes (87.5% Full)
(.text + .data + .bootloader)

Data:        202 bytes (19.7% Full)
(.data + .bss + .noinit)


Finished building: sizedummy
 
17:27:45 **** Incremental Build of configuration Debug for project Control_ECU ****
make all 
Invoking: Print Size
avr-size --format=avr --mcu=atmega16 Control_ECU.elf
AVR Memory Usage
----------------
Device: atmega16

Program:   10692 bytes (65.3% Full)
(.text + .data + .bootloader)

Data:         62 bytes (6.1% Full)
(.data + .bss + .noinit)


Finished building: sizedummy
 
17:27:46 **** Incremental Build of configuration Debug for project Hmi_ECU ****
make all 
Building file: ../Door_Security_System.c
Invoking: AVR Compiler
avr-gcc -Wall -g2 -gstabs -O0 -fpack-struct -fshort-enums -ffunction-sections -fdata-sections -std=gnu99 -funsigned-char -funsigned-bitfields -mmcu=atmega16 -DF_CPU=1000000UL -MMD -MP -MF"Door_Security_System.d" -MT"Door_Security_System.o" -c -o "Door_Security_System.o" "../Door_Security_System.c"
In file included from ../timer0.h:14,
                 from ../Door_Security_System.c:14:
../std_types.h:42:1: warning: "F_CPU" redefined
<command-line>: warning: this is the location of the previous definition
In file included from ../Door_Security_System.c:19:
c:/winavr-20100110/lib/gcc/../../avr/include/avr/delay.h:36:2: warning: #warning "This file has been moved to <util/delay.h>."
In file included from c:/winavr-20100110/lib/gcc/../../avr/include/avr/delay.h:37,
                 from ../Door_Security_System.c:19:
c:/winavr-20100110/lib/gcc/../../avr/include/util/delay.h:90:3: warning: #warning "Compiler optimizations disabled; functions from <util/delay.h> won't work as designed"
../Door_Security_System.c: In function 'main':
../Door_Security_System.c:52: warning: implicit declaration of function 'KEYPAD_getPressedKey'
Finished building: ../Door_Security_System.c
 
Building target: Hmi_ECU.elf
Invoking: AVR C Linker
avr-gcc -Wl,-Map,Hmi_ECU.map -mmcu=atmega16 -o "Hmi_ECU.elf"  ./Door_Security_System.o ./gpio.o ./keypad.o ./lcd.o ./timer0.o ./uart.o   
Finished building target: Hmi_ECU.elf
 
Invoking: AVR Create Extended Listing
avr-objdump -h -S Hmi_ECU.elf  >"Hmi_ECU.lss"
Finished building: Hmi_ECU.lss
 
Invoking: Print Size
avr-size --format=avr --mcu=atmega16 Hmi_ECU.elf
AVR Memory Usage
----------------
Device: atmega16

Program:   13784 bytes (84.1% Full)
(.text + .data + .bootloader)

Data:        202 bytes (19.7% Full)
(.data + .bss + .noinit)


Finished building: sizedummy
 
17:28:49 **** Incremental Build of configuration Debug for project Control_ECU ****
make all 
Invoking: Print Size
avr-size --format=avr --mcu=atmega16 Control_ECU.elf
AVR Memory Usage
----------------
Device: atmega16

Program:   10692 bytes (65.3% Full)
(.text + .data + .bootloader)

Data:         62 bytes (6.1% Full)
(.data + .bss + .noinit)


Finished building: sizedummy
 
17:28:49 **** Incremental Build of configuration Debug for project Hmi_ECU ****
make all 
Building file: ../Door_Security_System.c
Invoking: AVR Compiler
avr-gcc -Wall -g2 -gstabs -O0 -fpack-struct -fshort-enums -ffunction-sections -fdata-sections -std=gnu99 -funsigned-char -funsigned-bitfields -mmcu=atmega16 -DF_CPU=1000000UL -MMD -MP -MF"Door_Security_System.d" -MT"Door_Security_System.o" -c -o "Door_Security_System.o" "../Door_Security_System.c"
In file included from ../timer0.h:14,
                 from ../Door_Security_System.c:14:
../std_types.h:42:1: warning: "F_CPU" redefined
<command-line>: warning: this is the location of the previous definition
In file included from ../Door_Security_System.c:19:
c:/winavr-20100110/lib/gcc/../../avr/include/avr/delay.h:36:2: warning: #warning "This file has been moved to <util/delay.h>."
In file included from c:/winavr-20100110/lib/gcc/../../avr/include/avr/delay.h:37,
                 from ../Door_Security_System.c:19:
c:/winavr-20100110/lib/gcc/../../avr/include/util/delay.h:90:3: warning: #warning "Compiler optimizations disabled; functions from <util/delay.h> won't work as designed"
../Door_Security_System.c: In function 'main':
../Door_Security_System.c:52: warning: implicit declaration of function 'KEYPAD_getPressedKey'
Finished building: ../Door_Security_System.c
 
Building target: Hmi_ECU.elf
Invoking: AVR C Linker
avr-gcc -Wl,-Map,Hmi_ECU.map -mmcu=atmega16 -o "Hmi_ECU.elf"  ./Door_Security_System.o ./gpio.o ./keypad.o ./lcd.o ./timer0.o ./uart.o   
Finished building target: Hmi_ECU.elf
 
Invoking: AVR Create Extended Listing
avr-objdump -h -S Hmi_ECU.elf  >"Hmi_ECU.lss"
Finished building: Hmi_ECU.lss
 
Invoking: Print Size
avr-size --format=avr --mcu=atmega16 Hmi_ECU.elf
AVR Memory Usage
----------------
Device: atmega16

Program:   14332 bytes (87.5% Full)
(.text + .data + .bootloader)

Data:        202 bytes (19.7% Full)
(.data + .bss + .noinit)


Finished building: sizedummy
 
17:29:31 **** Incremental Build of configuration Debug for project Control_ECU ****
make all 
Invoking: Print Size
avr-size --format=avr --mcu=atmega16 Control_ECU.elf
AVR Memory Usage
----------------
Device: atmega16

Program:   10692 bytes (65.3% Full)
(.text + .data + .bootloader)

Data:         62 bytes (6.1% Full)
(.data + .bss + .noinit)


Finished building: sizedummy
 
17:29:32 **** Incremental Build of configuration Debug for project Hmi_ECU ****
make all 
Invoking: Print Size
avr-size --format=avr --mcu=atmega16 Hmi_ECU.elf
AVR Memory Usage
----------------
Device: atmega16

Program:   14332 bytes (87.5% Full)
(.text + .data + .bootloader)

Data:        202 bytes (19.7% Full)
(.data + .bss + .noinit)


Finished building: sizedummy
 
