
Hmi_ECU.elf:     file format elf32-avr

Sections:
Idx Name          Size      VMA       LMA       File off  Algn
  0 .text         0000374e  00000000  00000000  00000094  2**1
                  CONTENTS, ALLOC, LOAD, READONLY, CODE
  1 .data         000000ae  00800060  0000374e  000037e2  2**0
                  CONTENTS, ALLOC, LOAD, DATA
  2 .bss          0000001c  0080010e  0080010e  00003890  2**0
                  ALLOC
  3 .stab         00003054  00000000  00000000  00003890  2**2
                  CONTENTS, READONLY, DEBUGGING
  4 .stabstr      00001108  00000000  00000000  000068e4  2**0
                  CONTENTS, READONLY, DEBUGGING
  5 .debug_aranges 00000140  00000000  00000000  000079ec  2**0
                  CONTENTS, READONLY, DEBUGGING
  6 .debug_pubnames 00000170  00000000  00000000  00007b2c  2**0
                  CONTENTS, READONLY, DEBUGGING
  7 .debug_info   00001c49  00000000  00000000  00007c9c  2**0
                  CONTENTS, READONLY, DEBUGGING
  8 .debug_abbrev 00000eeb  00000000  00000000  000098e5  2**0
                  CONTENTS, READONLY, DEBUGGING
  9 .debug_line   00000dad  00000000  00000000  0000a7d0  2**0
                  CONTENTS, READONLY, DEBUGGING
 10 .debug_frame  00000160  00000000  00000000  0000b580  2**2
                  CONTENTS, READONLY, DEBUGGING
 11 .debug_str    0000028d  00000000  00000000  0000b6e0  2**0
                  CONTENTS, READONLY, DEBUGGING
 12 .debug_loc    000007ce  00000000  00000000  0000b96d  2**0
                  CONTENTS, READONLY, DEBUGGING
 13 .debug_ranges 00000050  00000000  00000000  0000c13b  2**0
                  CONTENTS, READONLY, DEBUGGING

Disassembly of section .text:

00000000 <__vectors>:
       0:	0c 94 2a 00 	jmp	0x54	; 0x54 <__ctors_end>
       4:	0c 94 47 00 	jmp	0x8e	; 0x8e <__bad_interrupt>
       8:	0c 94 47 00 	jmp	0x8e	; 0x8e <__bad_interrupt>
       c:	0c 94 47 00 	jmp	0x8e	; 0x8e <__bad_interrupt>
      10:	0c 94 47 00 	jmp	0x8e	; 0x8e <__bad_interrupt>
      14:	0c 94 47 00 	jmp	0x8e	; 0x8e <__bad_interrupt>
      18:	0c 94 47 00 	jmp	0x8e	; 0x8e <__bad_interrupt>
      1c:	0c 94 47 00 	jmp	0x8e	; 0x8e <__bad_interrupt>
      20:	0c 94 47 00 	jmp	0x8e	; 0x8e <__bad_interrupt>
      24:	0c 94 da 18 	jmp	0x31b4	; 0x31b4 <__vector_9>
      28:	0c 94 47 00 	jmp	0x8e	; 0x8e <__bad_interrupt>
      2c:	0c 94 47 00 	jmp	0x8e	; 0x8e <__bad_interrupt>
      30:	0c 94 47 00 	jmp	0x8e	; 0x8e <__bad_interrupt>
      34:	0c 94 47 00 	jmp	0x8e	; 0x8e <__bad_interrupt>
      38:	0c 94 47 00 	jmp	0x8e	; 0x8e <__bad_interrupt>
      3c:	0c 94 47 00 	jmp	0x8e	; 0x8e <__bad_interrupt>
      40:	0c 94 47 00 	jmp	0x8e	; 0x8e <__bad_interrupt>
      44:	0c 94 47 00 	jmp	0x8e	; 0x8e <__bad_interrupt>
      48:	0c 94 47 00 	jmp	0x8e	; 0x8e <__bad_interrupt>
      4c:	0c 94 0d 19 	jmp	0x321a	; 0x321a <__vector_19>
      50:	0c 94 47 00 	jmp	0x8e	; 0x8e <__bad_interrupt>

00000054 <__ctors_end>:
      54:	11 24       	eor	r1, r1
      56:	1f be       	out	0x3f, r1	; 63
      58:	cf e5       	ldi	r28, 0x5F	; 95
      5a:	d4 e0       	ldi	r29, 0x04	; 4
      5c:	de bf       	out	0x3e, r29	; 62
      5e:	cd bf       	out	0x3d, r28	; 61

00000060 <__do_copy_data>:
      60:	11 e0       	ldi	r17, 0x01	; 1
      62:	a0 e6       	ldi	r26, 0x60	; 96
      64:	b0 e0       	ldi	r27, 0x00	; 0
      66:	ee e4       	ldi	r30, 0x4E	; 78
      68:	f7 e3       	ldi	r31, 0x37	; 55
      6a:	02 c0       	rjmp	.+4      	; 0x70 <.do_copy_data_start>

0000006c <.do_copy_data_loop>:
      6c:	05 90       	lpm	r0, Z+
      6e:	0d 92       	st	X+, r0

00000070 <.do_copy_data_start>:
      70:	ae 30       	cpi	r26, 0x0E	; 14
      72:	b1 07       	cpc	r27, r17
      74:	d9 f7       	brne	.-10     	; 0x6c <.do_copy_data_loop>

00000076 <__do_clear_bss>:
      76:	11 e0       	ldi	r17, 0x01	; 1
      78:	ae e0       	ldi	r26, 0x0E	; 14
      7a:	b1 e0       	ldi	r27, 0x01	; 1
      7c:	01 c0       	rjmp	.+2      	; 0x80 <.do_clear_bss_start>

0000007e <.do_clear_bss_loop>:
      7e:	1d 92       	st	X+, r1

00000080 <.do_clear_bss_start>:
      80:	aa 32       	cpi	r26, 0x2A	; 42
      82:	b1 07       	cpc	r27, r17
      84:	e1 f7       	brne	.-8      	; 0x7e <.do_clear_bss_loop>
      86:	0e 94 a3 05 	call	0xb46	; 0xb46 <main>
      8a:	0c 94 a5 1b 	jmp	0x374a	; 0x374a <_exit>

0000008e <__bad_interrupt>:
      8e:	0c 94 00 00 	jmp	0	; 0x0 <__vectors>

00000092 <__fixunssfsi>:
      92:	ef 92       	push	r14
      94:	ff 92       	push	r15
      96:	0f 93       	push	r16
      98:	1f 93       	push	r17
      9a:	7b 01       	movw	r14, r22
      9c:	8c 01       	movw	r16, r24
      9e:	20 e0       	ldi	r18, 0x00	; 0
      a0:	30 e0       	ldi	r19, 0x00	; 0
      a2:	40 e0       	ldi	r20, 0x00	; 0
      a4:	5f e4       	ldi	r21, 0x4F	; 79
      a6:	0e 94 49 03 	call	0x692	; 0x692 <__gesf2>
      aa:	88 23       	and	r24, r24
      ac:	8c f0       	brlt	.+34     	; 0xd0 <__fixunssfsi+0x3e>
      ae:	c8 01       	movw	r24, r16
      b0:	b7 01       	movw	r22, r14
      b2:	20 e0       	ldi	r18, 0x00	; 0
      b4:	30 e0       	ldi	r19, 0x00	; 0
      b6:	40 e0       	ldi	r20, 0x00	; 0
      b8:	5f e4       	ldi	r21, 0x4F	; 79
      ba:	0e 94 c1 01 	call	0x382	; 0x382 <__subsf3>
      be:	0e 94 a9 03 	call	0x752	; 0x752 <__fixsfsi>
      c2:	9b 01       	movw	r18, r22
      c4:	ac 01       	movw	r20, r24
      c6:	20 50       	subi	r18, 0x00	; 0
      c8:	30 40       	sbci	r19, 0x00	; 0
      ca:	40 40       	sbci	r20, 0x00	; 0
      cc:	50 48       	sbci	r21, 0x80	; 128
      ce:	06 c0       	rjmp	.+12     	; 0xdc <__fixunssfsi+0x4a>
      d0:	c8 01       	movw	r24, r16
      d2:	b7 01       	movw	r22, r14
      d4:	0e 94 a9 03 	call	0x752	; 0x752 <__fixsfsi>
      d8:	9b 01       	movw	r18, r22
      da:	ac 01       	movw	r20, r24
      dc:	b9 01       	movw	r22, r18
      de:	ca 01       	movw	r24, r20
      e0:	1f 91       	pop	r17
      e2:	0f 91       	pop	r16
      e4:	ff 90       	pop	r15
      e6:	ef 90       	pop	r14
      e8:	08 95       	ret

000000ea <_fpadd_parts>:
      ea:	a0 e0       	ldi	r26, 0x00	; 0
      ec:	b0 e0       	ldi	r27, 0x00	; 0
      ee:	eb e7       	ldi	r30, 0x7B	; 123
      f0:	f0 e0       	ldi	r31, 0x00	; 0
      f2:	0c 94 29 1b 	jmp	0x3652	; 0x3652 <__prologue_saves__>
      f6:	dc 01       	movw	r26, r24
      f8:	2b 01       	movw	r4, r22
      fa:	fa 01       	movw	r30, r20
      fc:	9c 91       	ld	r25, X
      fe:	92 30       	cpi	r25, 0x02	; 2
     100:	08 f4       	brcc	.+2      	; 0x104 <_fpadd_parts+0x1a>
     102:	39 c1       	rjmp	.+626    	; 0x376 <_fpadd_parts+0x28c>
     104:	eb 01       	movw	r28, r22
     106:	88 81       	ld	r24, Y
     108:	82 30       	cpi	r24, 0x02	; 2
     10a:	08 f4       	brcc	.+2      	; 0x10e <_fpadd_parts+0x24>
     10c:	33 c1       	rjmp	.+614    	; 0x374 <_fpadd_parts+0x28a>
     10e:	94 30       	cpi	r25, 0x04	; 4
     110:	69 f4       	brne	.+26     	; 0x12c <_fpadd_parts+0x42>
     112:	84 30       	cpi	r24, 0x04	; 4
     114:	09 f0       	breq	.+2      	; 0x118 <_fpadd_parts+0x2e>
     116:	2f c1       	rjmp	.+606    	; 0x376 <_fpadd_parts+0x28c>
     118:	11 96       	adiw	r26, 0x01	; 1
     11a:	9c 91       	ld	r25, X
     11c:	11 97       	sbiw	r26, 0x01	; 1
     11e:	89 81       	ldd	r24, Y+1	; 0x01
     120:	98 17       	cp	r25, r24
     122:	09 f4       	brne	.+2      	; 0x126 <_fpadd_parts+0x3c>
     124:	28 c1       	rjmp	.+592    	; 0x376 <_fpadd_parts+0x28c>
     126:	a4 ef       	ldi	r26, 0xF4	; 244
     128:	b0 e0       	ldi	r27, 0x00	; 0
     12a:	25 c1       	rjmp	.+586    	; 0x376 <_fpadd_parts+0x28c>
     12c:	84 30       	cpi	r24, 0x04	; 4
     12e:	09 f4       	brne	.+2      	; 0x132 <_fpadd_parts+0x48>
     130:	21 c1       	rjmp	.+578    	; 0x374 <_fpadd_parts+0x28a>
     132:	82 30       	cpi	r24, 0x02	; 2
     134:	a9 f4       	brne	.+42     	; 0x160 <_fpadd_parts+0x76>
     136:	92 30       	cpi	r25, 0x02	; 2
     138:	09 f0       	breq	.+2      	; 0x13c <_fpadd_parts+0x52>
     13a:	1d c1       	rjmp	.+570    	; 0x376 <_fpadd_parts+0x28c>
     13c:	9a 01       	movw	r18, r20
     13e:	ad 01       	movw	r20, r26
     140:	88 e0       	ldi	r24, 0x08	; 8
     142:	ea 01       	movw	r28, r20
     144:	09 90       	ld	r0, Y+
     146:	ae 01       	movw	r20, r28
     148:	e9 01       	movw	r28, r18
     14a:	09 92       	st	Y+, r0
     14c:	9e 01       	movw	r18, r28
     14e:	81 50       	subi	r24, 0x01	; 1
     150:	c1 f7       	brne	.-16     	; 0x142 <_fpadd_parts+0x58>
     152:	e2 01       	movw	r28, r4
     154:	89 81       	ldd	r24, Y+1	; 0x01
     156:	11 96       	adiw	r26, 0x01	; 1
     158:	9c 91       	ld	r25, X
     15a:	89 23       	and	r24, r25
     15c:	81 83       	std	Z+1, r24	; 0x01
     15e:	08 c1       	rjmp	.+528    	; 0x370 <_fpadd_parts+0x286>
     160:	92 30       	cpi	r25, 0x02	; 2
     162:	09 f4       	brne	.+2      	; 0x166 <_fpadd_parts+0x7c>
     164:	07 c1       	rjmp	.+526    	; 0x374 <_fpadd_parts+0x28a>
     166:	12 96       	adiw	r26, 0x02	; 2
     168:	2d 90       	ld	r2, X+
     16a:	3c 90       	ld	r3, X
     16c:	13 97       	sbiw	r26, 0x03	; 3
     16e:	eb 01       	movw	r28, r22
     170:	8a 81       	ldd	r24, Y+2	; 0x02
     172:	9b 81       	ldd	r25, Y+3	; 0x03
     174:	14 96       	adiw	r26, 0x04	; 4
     176:	ad 90       	ld	r10, X+
     178:	bd 90       	ld	r11, X+
     17a:	cd 90       	ld	r12, X+
     17c:	dc 90       	ld	r13, X
     17e:	17 97       	sbiw	r26, 0x07	; 7
     180:	ec 80       	ldd	r14, Y+4	; 0x04
     182:	fd 80       	ldd	r15, Y+5	; 0x05
     184:	0e 81       	ldd	r16, Y+6	; 0x06
     186:	1f 81       	ldd	r17, Y+7	; 0x07
     188:	91 01       	movw	r18, r2
     18a:	28 1b       	sub	r18, r24
     18c:	39 0b       	sbc	r19, r25
     18e:	b9 01       	movw	r22, r18
     190:	37 ff       	sbrs	r19, 7
     192:	04 c0       	rjmp	.+8      	; 0x19c <_fpadd_parts+0xb2>
     194:	66 27       	eor	r22, r22
     196:	77 27       	eor	r23, r23
     198:	62 1b       	sub	r22, r18
     19a:	73 0b       	sbc	r23, r19
     19c:	60 32       	cpi	r22, 0x20	; 32
     19e:	71 05       	cpc	r23, r1
     1a0:	0c f0       	brlt	.+2      	; 0x1a4 <_fpadd_parts+0xba>
     1a2:	61 c0       	rjmp	.+194    	; 0x266 <_fpadd_parts+0x17c>
     1a4:	12 16       	cp	r1, r18
     1a6:	13 06       	cpc	r1, r19
     1a8:	6c f5       	brge	.+90     	; 0x204 <_fpadd_parts+0x11a>
     1aa:	37 01       	movw	r6, r14
     1ac:	48 01       	movw	r8, r16
     1ae:	06 2e       	mov	r0, r22
     1b0:	04 c0       	rjmp	.+8      	; 0x1ba <_fpadd_parts+0xd0>
     1b2:	96 94       	lsr	r9
     1b4:	87 94       	ror	r8
     1b6:	77 94       	ror	r7
     1b8:	67 94       	ror	r6
     1ba:	0a 94       	dec	r0
     1bc:	d2 f7       	brpl	.-12     	; 0x1b2 <_fpadd_parts+0xc8>
     1be:	21 e0       	ldi	r18, 0x01	; 1
     1c0:	30 e0       	ldi	r19, 0x00	; 0
     1c2:	40 e0       	ldi	r20, 0x00	; 0
     1c4:	50 e0       	ldi	r21, 0x00	; 0
     1c6:	04 c0       	rjmp	.+8      	; 0x1d0 <_fpadd_parts+0xe6>
     1c8:	22 0f       	add	r18, r18
     1ca:	33 1f       	adc	r19, r19
     1cc:	44 1f       	adc	r20, r20
     1ce:	55 1f       	adc	r21, r21
     1d0:	6a 95       	dec	r22
     1d2:	d2 f7       	brpl	.-12     	; 0x1c8 <_fpadd_parts+0xde>
     1d4:	21 50       	subi	r18, 0x01	; 1
     1d6:	30 40       	sbci	r19, 0x00	; 0
     1d8:	40 40       	sbci	r20, 0x00	; 0
     1da:	50 40       	sbci	r21, 0x00	; 0
     1dc:	2e 21       	and	r18, r14
     1de:	3f 21       	and	r19, r15
     1e0:	40 23       	and	r20, r16
     1e2:	51 23       	and	r21, r17
     1e4:	21 15       	cp	r18, r1
     1e6:	31 05       	cpc	r19, r1
     1e8:	41 05       	cpc	r20, r1
     1ea:	51 05       	cpc	r21, r1
     1ec:	21 f0       	breq	.+8      	; 0x1f6 <_fpadd_parts+0x10c>
     1ee:	21 e0       	ldi	r18, 0x01	; 1
     1f0:	30 e0       	ldi	r19, 0x00	; 0
     1f2:	40 e0       	ldi	r20, 0x00	; 0
     1f4:	50 e0       	ldi	r21, 0x00	; 0
     1f6:	79 01       	movw	r14, r18
     1f8:	8a 01       	movw	r16, r20
     1fa:	e6 28       	or	r14, r6
     1fc:	f7 28       	or	r15, r7
     1fe:	08 29       	or	r16, r8
     200:	19 29       	or	r17, r9
     202:	3c c0       	rjmp	.+120    	; 0x27c <_fpadd_parts+0x192>
     204:	23 2b       	or	r18, r19
     206:	d1 f1       	breq	.+116    	; 0x27c <_fpadd_parts+0x192>
     208:	26 0e       	add	r2, r22
     20a:	37 1e       	adc	r3, r23
     20c:	35 01       	movw	r6, r10
     20e:	46 01       	movw	r8, r12
     210:	06 2e       	mov	r0, r22
     212:	04 c0       	rjmp	.+8      	; 0x21c <_fpadd_parts+0x132>
     214:	96 94       	lsr	r9
     216:	87 94       	ror	r8
     218:	77 94       	ror	r7
     21a:	67 94       	ror	r6
     21c:	0a 94       	dec	r0
     21e:	d2 f7       	brpl	.-12     	; 0x214 <_fpadd_parts+0x12a>
     220:	21 e0       	ldi	r18, 0x01	; 1
     222:	30 e0       	ldi	r19, 0x00	; 0
     224:	40 e0       	ldi	r20, 0x00	; 0
     226:	50 e0       	ldi	r21, 0x00	; 0
     228:	04 c0       	rjmp	.+8      	; 0x232 <_fpadd_parts+0x148>
     22a:	22 0f       	add	r18, r18
     22c:	33 1f       	adc	r19, r19
     22e:	44 1f       	adc	r20, r20
     230:	55 1f       	adc	r21, r21
     232:	6a 95       	dec	r22
     234:	d2 f7       	brpl	.-12     	; 0x22a <_fpadd_parts+0x140>
     236:	21 50       	subi	r18, 0x01	; 1
     238:	30 40       	sbci	r19, 0x00	; 0
     23a:	40 40       	sbci	r20, 0x00	; 0
     23c:	50 40       	sbci	r21, 0x00	; 0
     23e:	2a 21       	and	r18, r10
     240:	3b 21       	and	r19, r11
     242:	4c 21       	and	r20, r12
     244:	5d 21       	and	r21, r13
     246:	21 15       	cp	r18, r1
     248:	31 05       	cpc	r19, r1
     24a:	41 05       	cpc	r20, r1
     24c:	51 05       	cpc	r21, r1
     24e:	21 f0       	breq	.+8      	; 0x258 <_fpadd_parts+0x16e>
     250:	21 e0       	ldi	r18, 0x01	; 1
     252:	30 e0       	ldi	r19, 0x00	; 0
     254:	40 e0       	ldi	r20, 0x00	; 0
     256:	50 e0       	ldi	r21, 0x00	; 0
     258:	59 01       	movw	r10, r18
     25a:	6a 01       	movw	r12, r20
     25c:	a6 28       	or	r10, r6
     25e:	b7 28       	or	r11, r7
     260:	c8 28       	or	r12, r8
     262:	d9 28       	or	r13, r9
     264:	0b c0       	rjmp	.+22     	; 0x27c <_fpadd_parts+0x192>
     266:	82 15       	cp	r24, r2
     268:	93 05       	cpc	r25, r3
     26a:	2c f0       	brlt	.+10     	; 0x276 <_fpadd_parts+0x18c>
     26c:	1c 01       	movw	r2, r24
     26e:	aa 24       	eor	r10, r10
     270:	bb 24       	eor	r11, r11
     272:	65 01       	movw	r12, r10
     274:	03 c0       	rjmp	.+6      	; 0x27c <_fpadd_parts+0x192>
     276:	ee 24       	eor	r14, r14
     278:	ff 24       	eor	r15, r15
     27a:	87 01       	movw	r16, r14
     27c:	11 96       	adiw	r26, 0x01	; 1
     27e:	9c 91       	ld	r25, X
     280:	d2 01       	movw	r26, r4
     282:	11 96       	adiw	r26, 0x01	; 1
     284:	8c 91       	ld	r24, X
     286:	98 17       	cp	r25, r24
     288:	09 f4       	brne	.+2      	; 0x28c <_fpadd_parts+0x1a2>
     28a:	45 c0       	rjmp	.+138    	; 0x316 <_fpadd_parts+0x22c>
     28c:	99 23       	and	r25, r25
     28e:	39 f0       	breq	.+14     	; 0x29e <_fpadd_parts+0x1b4>
     290:	a8 01       	movw	r20, r16
     292:	97 01       	movw	r18, r14
     294:	2a 19       	sub	r18, r10
     296:	3b 09       	sbc	r19, r11
     298:	4c 09       	sbc	r20, r12
     29a:	5d 09       	sbc	r21, r13
     29c:	06 c0       	rjmp	.+12     	; 0x2aa <_fpadd_parts+0x1c0>
     29e:	a6 01       	movw	r20, r12
     2a0:	95 01       	movw	r18, r10
     2a2:	2e 19       	sub	r18, r14
     2a4:	3f 09       	sbc	r19, r15
     2a6:	40 0b       	sbc	r20, r16
     2a8:	51 0b       	sbc	r21, r17
     2aa:	57 fd       	sbrc	r21, 7
     2ac:	08 c0       	rjmp	.+16     	; 0x2be <_fpadd_parts+0x1d4>
     2ae:	11 82       	std	Z+1, r1	; 0x01
     2b0:	33 82       	std	Z+3, r3	; 0x03
     2b2:	22 82       	std	Z+2, r2	; 0x02
     2b4:	24 83       	std	Z+4, r18	; 0x04
     2b6:	35 83       	std	Z+5, r19	; 0x05
     2b8:	46 83       	std	Z+6, r20	; 0x06
     2ba:	57 83       	std	Z+7, r21	; 0x07
     2bc:	1d c0       	rjmp	.+58     	; 0x2f8 <_fpadd_parts+0x20e>
     2be:	81 e0       	ldi	r24, 0x01	; 1
     2c0:	81 83       	std	Z+1, r24	; 0x01
     2c2:	33 82       	std	Z+3, r3	; 0x03
     2c4:	22 82       	std	Z+2, r2	; 0x02
     2c6:	88 27       	eor	r24, r24
     2c8:	99 27       	eor	r25, r25
     2ca:	dc 01       	movw	r26, r24
     2cc:	82 1b       	sub	r24, r18
     2ce:	93 0b       	sbc	r25, r19
     2d0:	a4 0b       	sbc	r26, r20
     2d2:	b5 0b       	sbc	r27, r21
     2d4:	84 83       	std	Z+4, r24	; 0x04
     2d6:	95 83       	std	Z+5, r25	; 0x05
     2d8:	a6 83       	std	Z+6, r26	; 0x06
     2da:	b7 83       	std	Z+7, r27	; 0x07
     2dc:	0d c0       	rjmp	.+26     	; 0x2f8 <_fpadd_parts+0x20e>
     2de:	22 0f       	add	r18, r18
     2e0:	33 1f       	adc	r19, r19
     2e2:	44 1f       	adc	r20, r20
     2e4:	55 1f       	adc	r21, r21
     2e6:	24 83       	std	Z+4, r18	; 0x04
     2e8:	35 83       	std	Z+5, r19	; 0x05
     2ea:	46 83       	std	Z+6, r20	; 0x06
     2ec:	57 83       	std	Z+7, r21	; 0x07
     2ee:	82 81       	ldd	r24, Z+2	; 0x02
     2f0:	93 81       	ldd	r25, Z+3	; 0x03
     2f2:	01 97       	sbiw	r24, 0x01	; 1
     2f4:	93 83       	std	Z+3, r25	; 0x03
     2f6:	82 83       	std	Z+2, r24	; 0x02
     2f8:	24 81       	ldd	r18, Z+4	; 0x04
     2fa:	35 81       	ldd	r19, Z+5	; 0x05
     2fc:	46 81       	ldd	r20, Z+6	; 0x06
     2fe:	57 81       	ldd	r21, Z+7	; 0x07
     300:	da 01       	movw	r26, r20
     302:	c9 01       	movw	r24, r18
     304:	01 97       	sbiw	r24, 0x01	; 1
     306:	a1 09       	sbc	r26, r1
     308:	b1 09       	sbc	r27, r1
     30a:	8f 5f       	subi	r24, 0xFF	; 255
     30c:	9f 4f       	sbci	r25, 0xFF	; 255
     30e:	af 4f       	sbci	r26, 0xFF	; 255
     310:	bf 43       	sbci	r27, 0x3F	; 63
     312:	28 f3       	brcs	.-54     	; 0x2de <_fpadd_parts+0x1f4>
     314:	0b c0       	rjmp	.+22     	; 0x32c <_fpadd_parts+0x242>
     316:	91 83       	std	Z+1, r25	; 0x01
     318:	33 82       	std	Z+3, r3	; 0x03
     31a:	22 82       	std	Z+2, r2	; 0x02
     31c:	ea 0c       	add	r14, r10
     31e:	fb 1c       	adc	r15, r11
     320:	0c 1d       	adc	r16, r12
     322:	1d 1d       	adc	r17, r13
     324:	e4 82       	std	Z+4, r14	; 0x04
     326:	f5 82       	std	Z+5, r15	; 0x05
     328:	06 83       	std	Z+6, r16	; 0x06
     32a:	17 83       	std	Z+7, r17	; 0x07
     32c:	83 e0       	ldi	r24, 0x03	; 3
     32e:	80 83       	st	Z, r24
     330:	24 81       	ldd	r18, Z+4	; 0x04
     332:	35 81       	ldd	r19, Z+5	; 0x05
     334:	46 81       	ldd	r20, Z+6	; 0x06
     336:	57 81       	ldd	r21, Z+7	; 0x07
     338:	57 ff       	sbrs	r21, 7
     33a:	1a c0       	rjmp	.+52     	; 0x370 <_fpadd_parts+0x286>
     33c:	c9 01       	movw	r24, r18
     33e:	aa 27       	eor	r26, r26
     340:	97 fd       	sbrc	r25, 7
     342:	a0 95       	com	r26
     344:	ba 2f       	mov	r27, r26
     346:	81 70       	andi	r24, 0x01	; 1
     348:	90 70       	andi	r25, 0x00	; 0
     34a:	a0 70       	andi	r26, 0x00	; 0
     34c:	b0 70       	andi	r27, 0x00	; 0
     34e:	56 95       	lsr	r21
     350:	47 95       	ror	r20
     352:	37 95       	ror	r19
     354:	27 95       	ror	r18
     356:	82 2b       	or	r24, r18
     358:	93 2b       	or	r25, r19
     35a:	a4 2b       	or	r26, r20
     35c:	b5 2b       	or	r27, r21
     35e:	84 83       	std	Z+4, r24	; 0x04
     360:	95 83       	std	Z+5, r25	; 0x05
     362:	a6 83       	std	Z+6, r26	; 0x06
     364:	b7 83       	std	Z+7, r27	; 0x07
     366:	82 81       	ldd	r24, Z+2	; 0x02
     368:	93 81       	ldd	r25, Z+3	; 0x03
     36a:	01 96       	adiw	r24, 0x01	; 1
     36c:	93 83       	std	Z+3, r25	; 0x03
     36e:	82 83       	std	Z+2, r24	; 0x02
     370:	df 01       	movw	r26, r30
     372:	01 c0       	rjmp	.+2      	; 0x376 <_fpadd_parts+0x28c>
     374:	d2 01       	movw	r26, r4
     376:	cd 01       	movw	r24, r26
     378:	cd b7       	in	r28, 0x3d	; 61
     37a:	de b7       	in	r29, 0x3e	; 62
     37c:	e2 e1       	ldi	r30, 0x12	; 18
     37e:	0c 94 45 1b 	jmp	0x368a	; 0x368a <__epilogue_restores__>

00000382 <__subsf3>:
     382:	a0 e2       	ldi	r26, 0x20	; 32
     384:	b0 e0       	ldi	r27, 0x00	; 0
     386:	e7 ec       	ldi	r30, 0xC7	; 199
     388:	f1 e0       	ldi	r31, 0x01	; 1
     38a:	0c 94 35 1b 	jmp	0x366a	; 0x366a <__prologue_saves__+0x18>
     38e:	69 83       	std	Y+1, r22	; 0x01
     390:	7a 83       	std	Y+2, r23	; 0x02
     392:	8b 83       	std	Y+3, r24	; 0x03
     394:	9c 83       	std	Y+4, r25	; 0x04
     396:	2d 83       	std	Y+5, r18	; 0x05
     398:	3e 83       	std	Y+6, r19	; 0x06
     39a:	4f 83       	std	Y+7, r20	; 0x07
     39c:	58 87       	std	Y+8, r21	; 0x08
     39e:	e9 e0       	ldi	r30, 0x09	; 9
     3a0:	ee 2e       	mov	r14, r30
     3a2:	f1 2c       	mov	r15, r1
     3a4:	ec 0e       	add	r14, r28
     3a6:	fd 1e       	adc	r15, r29
     3a8:	ce 01       	movw	r24, r28
     3aa:	01 96       	adiw	r24, 0x01	; 1
     3ac:	b7 01       	movw	r22, r14
     3ae:	0e 94 d2 04 	call	0x9a4	; 0x9a4 <__unpack_f>
     3b2:	8e 01       	movw	r16, r28
     3b4:	0f 5e       	subi	r16, 0xEF	; 239
     3b6:	1f 4f       	sbci	r17, 0xFF	; 255
     3b8:	ce 01       	movw	r24, r28
     3ba:	05 96       	adiw	r24, 0x05	; 5
     3bc:	b8 01       	movw	r22, r16
     3be:	0e 94 d2 04 	call	0x9a4	; 0x9a4 <__unpack_f>
     3c2:	8a 89       	ldd	r24, Y+18	; 0x12
     3c4:	91 e0       	ldi	r25, 0x01	; 1
     3c6:	89 27       	eor	r24, r25
     3c8:	8a 8b       	std	Y+18, r24	; 0x12
     3ca:	c7 01       	movw	r24, r14
     3cc:	b8 01       	movw	r22, r16
     3ce:	ae 01       	movw	r20, r28
     3d0:	47 5e       	subi	r20, 0xE7	; 231
     3d2:	5f 4f       	sbci	r21, 0xFF	; 255
     3d4:	0e 94 75 00 	call	0xea	; 0xea <_fpadd_parts>
     3d8:	0e 94 fd 03 	call	0x7fa	; 0x7fa <__pack_f>
     3dc:	a0 96       	adiw	r28, 0x20	; 32
     3de:	e6 e0       	ldi	r30, 0x06	; 6
     3e0:	0c 94 51 1b 	jmp	0x36a2	; 0x36a2 <__epilogue_restores__+0x18>

000003e4 <__addsf3>:
     3e4:	a0 e2       	ldi	r26, 0x20	; 32
     3e6:	b0 e0       	ldi	r27, 0x00	; 0
     3e8:	e8 ef       	ldi	r30, 0xF8	; 248
     3ea:	f1 e0       	ldi	r31, 0x01	; 1
     3ec:	0c 94 35 1b 	jmp	0x366a	; 0x366a <__prologue_saves__+0x18>
     3f0:	69 83       	std	Y+1, r22	; 0x01
     3f2:	7a 83       	std	Y+2, r23	; 0x02
     3f4:	8b 83       	std	Y+3, r24	; 0x03
     3f6:	9c 83       	std	Y+4, r25	; 0x04
     3f8:	2d 83       	std	Y+5, r18	; 0x05
     3fa:	3e 83       	std	Y+6, r19	; 0x06
     3fc:	4f 83       	std	Y+7, r20	; 0x07
     3fe:	58 87       	std	Y+8, r21	; 0x08
     400:	f9 e0       	ldi	r31, 0x09	; 9
     402:	ef 2e       	mov	r14, r31
     404:	f1 2c       	mov	r15, r1
     406:	ec 0e       	add	r14, r28
     408:	fd 1e       	adc	r15, r29
     40a:	ce 01       	movw	r24, r28
     40c:	01 96       	adiw	r24, 0x01	; 1
     40e:	b7 01       	movw	r22, r14
     410:	0e 94 d2 04 	call	0x9a4	; 0x9a4 <__unpack_f>
     414:	8e 01       	movw	r16, r28
     416:	0f 5e       	subi	r16, 0xEF	; 239
     418:	1f 4f       	sbci	r17, 0xFF	; 255
     41a:	ce 01       	movw	r24, r28
     41c:	05 96       	adiw	r24, 0x05	; 5
     41e:	b8 01       	movw	r22, r16
     420:	0e 94 d2 04 	call	0x9a4	; 0x9a4 <__unpack_f>
     424:	c7 01       	movw	r24, r14
     426:	b8 01       	movw	r22, r16
     428:	ae 01       	movw	r20, r28
     42a:	47 5e       	subi	r20, 0xE7	; 231
     42c:	5f 4f       	sbci	r21, 0xFF	; 255
     42e:	0e 94 75 00 	call	0xea	; 0xea <_fpadd_parts>
     432:	0e 94 fd 03 	call	0x7fa	; 0x7fa <__pack_f>
     436:	a0 96       	adiw	r28, 0x20	; 32
     438:	e6 e0       	ldi	r30, 0x06	; 6
     43a:	0c 94 51 1b 	jmp	0x36a2	; 0x36a2 <__epilogue_restores__+0x18>

0000043e <__mulsf3>:
     43e:	a0 e2       	ldi	r26, 0x20	; 32
     440:	b0 e0       	ldi	r27, 0x00	; 0
     442:	e5 e2       	ldi	r30, 0x25	; 37
     444:	f2 e0       	ldi	r31, 0x02	; 2
     446:	0c 94 29 1b 	jmp	0x3652	; 0x3652 <__prologue_saves__>
     44a:	69 83       	std	Y+1, r22	; 0x01
     44c:	7a 83       	std	Y+2, r23	; 0x02
     44e:	8b 83       	std	Y+3, r24	; 0x03
     450:	9c 83       	std	Y+4, r25	; 0x04
     452:	2d 83       	std	Y+5, r18	; 0x05
     454:	3e 83       	std	Y+6, r19	; 0x06
     456:	4f 83       	std	Y+7, r20	; 0x07
     458:	58 87       	std	Y+8, r21	; 0x08
     45a:	ce 01       	movw	r24, r28
     45c:	01 96       	adiw	r24, 0x01	; 1
     45e:	be 01       	movw	r22, r28
     460:	67 5f       	subi	r22, 0xF7	; 247
     462:	7f 4f       	sbci	r23, 0xFF	; 255
     464:	0e 94 d2 04 	call	0x9a4	; 0x9a4 <__unpack_f>
     468:	ce 01       	movw	r24, r28
     46a:	05 96       	adiw	r24, 0x05	; 5
     46c:	be 01       	movw	r22, r28
     46e:	6f 5e       	subi	r22, 0xEF	; 239
     470:	7f 4f       	sbci	r23, 0xFF	; 255
     472:	0e 94 d2 04 	call	0x9a4	; 0x9a4 <__unpack_f>
     476:	99 85       	ldd	r25, Y+9	; 0x09
     478:	92 30       	cpi	r25, 0x02	; 2
     47a:	88 f0       	brcs	.+34     	; 0x49e <__stack+0x3f>
     47c:	89 89       	ldd	r24, Y+17	; 0x11
     47e:	82 30       	cpi	r24, 0x02	; 2
     480:	c8 f0       	brcs	.+50     	; 0x4b4 <__stack+0x55>
     482:	94 30       	cpi	r25, 0x04	; 4
     484:	19 f4       	brne	.+6      	; 0x48c <__stack+0x2d>
     486:	82 30       	cpi	r24, 0x02	; 2
     488:	51 f4       	brne	.+20     	; 0x49e <__stack+0x3f>
     48a:	04 c0       	rjmp	.+8      	; 0x494 <__stack+0x35>
     48c:	84 30       	cpi	r24, 0x04	; 4
     48e:	29 f4       	brne	.+10     	; 0x49a <__stack+0x3b>
     490:	92 30       	cpi	r25, 0x02	; 2
     492:	81 f4       	brne	.+32     	; 0x4b4 <__stack+0x55>
     494:	84 ef       	ldi	r24, 0xF4	; 244
     496:	90 e0       	ldi	r25, 0x00	; 0
     498:	c6 c0       	rjmp	.+396    	; 0x626 <__stack+0x1c7>
     49a:	92 30       	cpi	r25, 0x02	; 2
     49c:	49 f4       	brne	.+18     	; 0x4b0 <__stack+0x51>
     49e:	20 e0       	ldi	r18, 0x00	; 0
     4a0:	9a 85       	ldd	r25, Y+10	; 0x0a
     4a2:	8a 89       	ldd	r24, Y+18	; 0x12
     4a4:	98 13       	cpse	r25, r24
     4a6:	21 e0       	ldi	r18, 0x01	; 1
     4a8:	2a 87       	std	Y+10, r18	; 0x0a
     4aa:	ce 01       	movw	r24, r28
     4ac:	09 96       	adiw	r24, 0x09	; 9
     4ae:	bb c0       	rjmp	.+374    	; 0x626 <__stack+0x1c7>
     4b0:	82 30       	cpi	r24, 0x02	; 2
     4b2:	49 f4       	brne	.+18     	; 0x4c6 <__stack+0x67>
     4b4:	20 e0       	ldi	r18, 0x00	; 0
     4b6:	9a 85       	ldd	r25, Y+10	; 0x0a
     4b8:	8a 89       	ldd	r24, Y+18	; 0x12
     4ba:	98 13       	cpse	r25, r24
     4bc:	21 e0       	ldi	r18, 0x01	; 1
     4be:	2a 8b       	std	Y+18, r18	; 0x12
     4c0:	ce 01       	movw	r24, r28
     4c2:	41 96       	adiw	r24, 0x11	; 17
     4c4:	b0 c0       	rjmp	.+352    	; 0x626 <__stack+0x1c7>
     4c6:	2d 84       	ldd	r2, Y+13	; 0x0d
     4c8:	3e 84       	ldd	r3, Y+14	; 0x0e
     4ca:	4f 84       	ldd	r4, Y+15	; 0x0f
     4cc:	58 88       	ldd	r5, Y+16	; 0x10
     4ce:	6d 88       	ldd	r6, Y+21	; 0x15
     4d0:	7e 88       	ldd	r7, Y+22	; 0x16
     4d2:	8f 88       	ldd	r8, Y+23	; 0x17
     4d4:	98 8c       	ldd	r9, Y+24	; 0x18
     4d6:	ee 24       	eor	r14, r14
     4d8:	ff 24       	eor	r15, r15
     4da:	87 01       	movw	r16, r14
     4dc:	aa 24       	eor	r10, r10
     4de:	bb 24       	eor	r11, r11
     4e0:	65 01       	movw	r12, r10
     4e2:	40 e0       	ldi	r20, 0x00	; 0
     4e4:	50 e0       	ldi	r21, 0x00	; 0
     4e6:	60 e0       	ldi	r22, 0x00	; 0
     4e8:	70 e0       	ldi	r23, 0x00	; 0
     4ea:	e0 e0       	ldi	r30, 0x00	; 0
     4ec:	f0 e0       	ldi	r31, 0x00	; 0
     4ee:	c1 01       	movw	r24, r2
     4f0:	81 70       	andi	r24, 0x01	; 1
     4f2:	90 70       	andi	r25, 0x00	; 0
     4f4:	89 2b       	or	r24, r25
     4f6:	e9 f0       	breq	.+58     	; 0x532 <__stack+0xd3>
     4f8:	e6 0c       	add	r14, r6
     4fa:	f7 1c       	adc	r15, r7
     4fc:	08 1d       	adc	r16, r8
     4fe:	19 1d       	adc	r17, r9
     500:	9a 01       	movw	r18, r20
     502:	ab 01       	movw	r20, r22
     504:	2a 0d       	add	r18, r10
     506:	3b 1d       	adc	r19, r11
     508:	4c 1d       	adc	r20, r12
     50a:	5d 1d       	adc	r21, r13
     50c:	80 e0       	ldi	r24, 0x00	; 0
     50e:	90 e0       	ldi	r25, 0x00	; 0
     510:	a0 e0       	ldi	r26, 0x00	; 0
     512:	b0 e0       	ldi	r27, 0x00	; 0
     514:	e6 14       	cp	r14, r6
     516:	f7 04       	cpc	r15, r7
     518:	08 05       	cpc	r16, r8
     51a:	19 05       	cpc	r17, r9
     51c:	20 f4       	brcc	.+8      	; 0x526 <__stack+0xc7>
     51e:	81 e0       	ldi	r24, 0x01	; 1
     520:	90 e0       	ldi	r25, 0x00	; 0
     522:	a0 e0       	ldi	r26, 0x00	; 0
     524:	b0 e0       	ldi	r27, 0x00	; 0
     526:	ba 01       	movw	r22, r20
     528:	a9 01       	movw	r20, r18
     52a:	48 0f       	add	r20, r24
     52c:	59 1f       	adc	r21, r25
     52e:	6a 1f       	adc	r22, r26
     530:	7b 1f       	adc	r23, r27
     532:	aa 0c       	add	r10, r10
     534:	bb 1c       	adc	r11, r11
     536:	cc 1c       	adc	r12, r12
     538:	dd 1c       	adc	r13, r13
     53a:	97 fe       	sbrs	r9, 7
     53c:	08 c0       	rjmp	.+16     	; 0x54e <__stack+0xef>
     53e:	81 e0       	ldi	r24, 0x01	; 1
     540:	90 e0       	ldi	r25, 0x00	; 0
     542:	a0 e0       	ldi	r26, 0x00	; 0
     544:	b0 e0       	ldi	r27, 0x00	; 0
     546:	a8 2a       	or	r10, r24
     548:	b9 2a       	or	r11, r25
     54a:	ca 2a       	or	r12, r26
     54c:	db 2a       	or	r13, r27
     54e:	31 96       	adiw	r30, 0x01	; 1
     550:	e0 32       	cpi	r30, 0x20	; 32
     552:	f1 05       	cpc	r31, r1
     554:	49 f0       	breq	.+18     	; 0x568 <__stack+0x109>
     556:	66 0c       	add	r6, r6
     558:	77 1c       	adc	r7, r7
     55a:	88 1c       	adc	r8, r8
     55c:	99 1c       	adc	r9, r9
     55e:	56 94       	lsr	r5
     560:	47 94       	ror	r4
     562:	37 94       	ror	r3
     564:	27 94       	ror	r2
     566:	c3 cf       	rjmp	.-122    	; 0x4ee <__stack+0x8f>
     568:	fa 85       	ldd	r31, Y+10	; 0x0a
     56a:	ea 89       	ldd	r30, Y+18	; 0x12
     56c:	2b 89       	ldd	r18, Y+19	; 0x13
     56e:	3c 89       	ldd	r19, Y+20	; 0x14
     570:	8b 85       	ldd	r24, Y+11	; 0x0b
     572:	9c 85       	ldd	r25, Y+12	; 0x0c
     574:	28 0f       	add	r18, r24
     576:	39 1f       	adc	r19, r25
     578:	2e 5f       	subi	r18, 0xFE	; 254
     57a:	3f 4f       	sbci	r19, 0xFF	; 255
     57c:	17 c0       	rjmp	.+46     	; 0x5ac <__stack+0x14d>
     57e:	ca 01       	movw	r24, r20
     580:	81 70       	andi	r24, 0x01	; 1
     582:	90 70       	andi	r25, 0x00	; 0
     584:	89 2b       	or	r24, r25
     586:	61 f0       	breq	.+24     	; 0x5a0 <__stack+0x141>
     588:	16 95       	lsr	r17
     58a:	07 95       	ror	r16
     58c:	f7 94       	ror	r15
     58e:	e7 94       	ror	r14
     590:	80 e0       	ldi	r24, 0x00	; 0
     592:	90 e0       	ldi	r25, 0x00	; 0
     594:	a0 e0       	ldi	r26, 0x00	; 0
     596:	b0 e8       	ldi	r27, 0x80	; 128
     598:	e8 2a       	or	r14, r24
     59a:	f9 2a       	or	r15, r25
     59c:	0a 2b       	or	r16, r26
     59e:	1b 2b       	or	r17, r27
     5a0:	76 95       	lsr	r23
     5a2:	67 95       	ror	r22
     5a4:	57 95       	ror	r21
     5a6:	47 95       	ror	r20
     5a8:	2f 5f       	subi	r18, 0xFF	; 255
     5aa:	3f 4f       	sbci	r19, 0xFF	; 255
     5ac:	77 fd       	sbrc	r23, 7
     5ae:	e7 cf       	rjmp	.-50     	; 0x57e <__stack+0x11f>
     5b0:	0c c0       	rjmp	.+24     	; 0x5ca <__stack+0x16b>
     5b2:	44 0f       	add	r20, r20
     5b4:	55 1f       	adc	r21, r21
     5b6:	66 1f       	adc	r22, r22
     5b8:	77 1f       	adc	r23, r23
     5ba:	17 fd       	sbrc	r17, 7
     5bc:	41 60       	ori	r20, 0x01	; 1
     5be:	ee 0c       	add	r14, r14
     5c0:	ff 1c       	adc	r15, r15
     5c2:	00 1f       	adc	r16, r16
     5c4:	11 1f       	adc	r17, r17
     5c6:	21 50       	subi	r18, 0x01	; 1
     5c8:	30 40       	sbci	r19, 0x00	; 0
     5ca:	40 30       	cpi	r20, 0x00	; 0
     5cc:	90 e0       	ldi	r25, 0x00	; 0
     5ce:	59 07       	cpc	r21, r25
     5d0:	90 e0       	ldi	r25, 0x00	; 0
     5d2:	69 07       	cpc	r22, r25
     5d4:	90 e4       	ldi	r25, 0x40	; 64
     5d6:	79 07       	cpc	r23, r25
     5d8:	60 f3       	brcs	.-40     	; 0x5b2 <__stack+0x153>
     5da:	2b 8f       	std	Y+27, r18	; 0x1b
     5dc:	3c 8f       	std	Y+28, r19	; 0x1c
     5de:	db 01       	movw	r26, r22
     5e0:	ca 01       	movw	r24, r20
     5e2:	8f 77       	andi	r24, 0x7F	; 127
     5e4:	90 70       	andi	r25, 0x00	; 0
     5e6:	a0 70       	andi	r26, 0x00	; 0
     5e8:	b0 70       	andi	r27, 0x00	; 0
     5ea:	80 34       	cpi	r24, 0x40	; 64
     5ec:	91 05       	cpc	r25, r1
     5ee:	a1 05       	cpc	r26, r1
     5f0:	b1 05       	cpc	r27, r1
     5f2:	61 f4       	brne	.+24     	; 0x60c <__stack+0x1ad>
     5f4:	47 fd       	sbrc	r20, 7
     5f6:	0a c0       	rjmp	.+20     	; 0x60c <__stack+0x1ad>
     5f8:	e1 14       	cp	r14, r1
     5fa:	f1 04       	cpc	r15, r1
     5fc:	01 05       	cpc	r16, r1
     5fe:	11 05       	cpc	r17, r1
     600:	29 f0       	breq	.+10     	; 0x60c <__stack+0x1ad>
     602:	40 5c       	subi	r20, 0xC0	; 192
     604:	5f 4f       	sbci	r21, 0xFF	; 255
     606:	6f 4f       	sbci	r22, 0xFF	; 255
     608:	7f 4f       	sbci	r23, 0xFF	; 255
     60a:	40 78       	andi	r20, 0x80	; 128
     60c:	1a 8e       	std	Y+26, r1	; 0x1a
     60e:	fe 17       	cp	r31, r30
     610:	11 f0       	breq	.+4      	; 0x616 <__stack+0x1b7>
     612:	81 e0       	ldi	r24, 0x01	; 1
     614:	8a 8f       	std	Y+26, r24	; 0x1a
     616:	4d 8f       	std	Y+29, r20	; 0x1d
     618:	5e 8f       	std	Y+30, r21	; 0x1e
     61a:	6f 8f       	std	Y+31, r22	; 0x1f
     61c:	78 a3       	std	Y+32, r23	; 0x20
     61e:	83 e0       	ldi	r24, 0x03	; 3
     620:	89 8f       	std	Y+25, r24	; 0x19
     622:	ce 01       	movw	r24, r28
     624:	49 96       	adiw	r24, 0x19	; 25
     626:	0e 94 fd 03 	call	0x7fa	; 0x7fa <__pack_f>
     62a:	a0 96       	adiw	r28, 0x20	; 32
     62c:	e2 e1       	ldi	r30, 0x12	; 18
     62e:	0c 94 45 1b 	jmp	0x368a	; 0x368a <__epilogue_restores__>

00000632 <__gtsf2>:
     632:	a8 e1       	ldi	r26, 0x18	; 24
     634:	b0 e0       	ldi	r27, 0x00	; 0
     636:	ef e1       	ldi	r30, 0x1F	; 31
     638:	f3 e0       	ldi	r31, 0x03	; 3
     63a:	0c 94 35 1b 	jmp	0x366a	; 0x366a <__prologue_saves__+0x18>
     63e:	69 83       	std	Y+1, r22	; 0x01
     640:	7a 83       	std	Y+2, r23	; 0x02
     642:	8b 83       	std	Y+3, r24	; 0x03
     644:	9c 83       	std	Y+4, r25	; 0x04
     646:	2d 83       	std	Y+5, r18	; 0x05
     648:	3e 83       	std	Y+6, r19	; 0x06
     64a:	4f 83       	std	Y+7, r20	; 0x07
     64c:	58 87       	std	Y+8, r21	; 0x08
     64e:	89 e0       	ldi	r24, 0x09	; 9
     650:	e8 2e       	mov	r14, r24
     652:	f1 2c       	mov	r15, r1
     654:	ec 0e       	add	r14, r28
     656:	fd 1e       	adc	r15, r29
     658:	ce 01       	movw	r24, r28
     65a:	01 96       	adiw	r24, 0x01	; 1
     65c:	b7 01       	movw	r22, r14
     65e:	0e 94 d2 04 	call	0x9a4	; 0x9a4 <__unpack_f>
     662:	8e 01       	movw	r16, r28
     664:	0f 5e       	subi	r16, 0xEF	; 239
     666:	1f 4f       	sbci	r17, 0xFF	; 255
     668:	ce 01       	movw	r24, r28
     66a:	05 96       	adiw	r24, 0x05	; 5
     66c:	b8 01       	movw	r22, r16
     66e:	0e 94 d2 04 	call	0x9a4	; 0x9a4 <__unpack_f>
     672:	89 85       	ldd	r24, Y+9	; 0x09
     674:	82 30       	cpi	r24, 0x02	; 2
     676:	40 f0       	brcs	.+16     	; 0x688 <__gtsf2+0x56>
     678:	89 89       	ldd	r24, Y+17	; 0x11
     67a:	82 30       	cpi	r24, 0x02	; 2
     67c:	28 f0       	brcs	.+10     	; 0x688 <__gtsf2+0x56>
     67e:	c7 01       	movw	r24, r14
     680:	b8 01       	movw	r22, r16
     682:	0e 94 4a 05 	call	0xa94	; 0xa94 <__fpcmp_parts_f>
     686:	01 c0       	rjmp	.+2      	; 0x68a <__gtsf2+0x58>
     688:	8f ef       	ldi	r24, 0xFF	; 255
     68a:	68 96       	adiw	r28, 0x18	; 24
     68c:	e6 e0       	ldi	r30, 0x06	; 6
     68e:	0c 94 51 1b 	jmp	0x36a2	; 0x36a2 <__epilogue_restores__+0x18>

00000692 <__gesf2>:
     692:	a8 e1       	ldi	r26, 0x18	; 24
     694:	b0 e0       	ldi	r27, 0x00	; 0
     696:	ef e4       	ldi	r30, 0x4F	; 79
     698:	f3 e0       	ldi	r31, 0x03	; 3
     69a:	0c 94 35 1b 	jmp	0x366a	; 0x366a <__prologue_saves__+0x18>
     69e:	69 83       	std	Y+1, r22	; 0x01
     6a0:	7a 83       	std	Y+2, r23	; 0x02
     6a2:	8b 83       	std	Y+3, r24	; 0x03
     6a4:	9c 83       	std	Y+4, r25	; 0x04
     6a6:	2d 83       	std	Y+5, r18	; 0x05
     6a8:	3e 83       	std	Y+6, r19	; 0x06
     6aa:	4f 83       	std	Y+7, r20	; 0x07
     6ac:	58 87       	std	Y+8, r21	; 0x08
     6ae:	89 e0       	ldi	r24, 0x09	; 9
     6b0:	e8 2e       	mov	r14, r24
     6b2:	f1 2c       	mov	r15, r1
     6b4:	ec 0e       	add	r14, r28
     6b6:	fd 1e       	adc	r15, r29
     6b8:	ce 01       	movw	r24, r28
     6ba:	01 96       	adiw	r24, 0x01	; 1
     6bc:	b7 01       	movw	r22, r14
     6be:	0e 94 d2 04 	call	0x9a4	; 0x9a4 <__unpack_f>
     6c2:	8e 01       	movw	r16, r28
     6c4:	0f 5e       	subi	r16, 0xEF	; 239
     6c6:	1f 4f       	sbci	r17, 0xFF	; 255
     6c8:	ce 01       	movw	r24, r28
     6ca:	05 96       	adiw	r24, 0x05	; 5
     6cc:	b8 01       	movw	r22, r16
     6ce:	0e 94 d2 04 	call	0x9a4	; 0x9a4 <__unpack_f>
     6d2:	89 85       	ldd	r24, Y+9	; 0x09
     6d4:	82 30       	cpi	r24, 0x02	; 2
     6d6:	40 f0       	brcs	.+16     	; 0x6e8 <__gesf2+0x56>
     6d8:	89 89       	ldd	r24, Y+17	; 0x11
     6da:	82 30       	cpi	r24, 0x02	; 2
     6dc:	28 f0       	brcs	.+10     	; 0x6e8 <__gesf2+0x56>
     6de:	c7 01       	movw	r24, r14
     6e0:	b8 01       	movw	r22, r16
     6e2:	0e 94 4a 05 	call	0xa94	; 0xa94 <__fpcmp_parts_f>
     6e6:	01 c0       	rjmp	.+2      	; 0x6ea <__gesf2+0x58>
     6e8:	8f ef       	ldi	r24, 0xFF	; 255
     6ea:	68 96       	adiw	r28, 0x18	; 24
     6ec:	e6 e0       	ldi	r30, 0x06	; 6
     6ee:	0c 94 51 1b 	jmp	0x36a2	; 0x36a2 <__epilogue_restores__+0x18>

000006f2 <__ltsf2>:
     6f2:	a8 e1       	ldi	r26, 0x18	; 24
     6f4:	b0 e0       	ldi	r27, 0x00	; 0
     6f6:	ef e7       	ldi	r30, 0x7F	; 127
     6f8:	f3 e0       	ldi	r31, 0x03	; 3
     6fa:	0c 94 35 1b 	jmp	0x366a	; 0x366a <__prologue_saves__+0x18>
     6fe:	69 83       	std	Y+1, r22	; 0x01
     700:	7a 83       	std	Y+2, r23	; 0x02
     702:	8b 83       	std	Y+3, r24	; 0x03
     704:	9c 83       	std	Y+4, r25	; 0x04
     706:	2d 83       	std	Y+5, r18	; 0x05
     708:	3e 83       	std	Y+6, r19	; 0x06
     70a:	4f 83       	std	Y+7, r20	; 0x07
     70c:	58 87       	std	Y+8, r21	; 0x08
     70e:	89 e0       	ldi	r24, 0x09	; 9
     710:	e8 2e       	mov	r14, r24
     712:	f1 2c       	mov	r15, r1
     714:	ec 0e       	add	r14, r28
     716:	fd 1e       	adc	r15, r29
     718:	ce 01       	movw	r24, r28
     71a:	01 96       	adiw	r24, 0x01	; 1
     71c:	b7 01       	movw	r22, r14
     71e:	0e 94 d2 04 	call	0x9a4	; 0x9a4 <__unpack_f>
     722:	8e 01       	movw	r16, r28
     724:	0f 5e       	subi	r16, 0xEF	; 239
     726:	1f 4f       	sbci	r17, 0xFF	; 255
     728:	ce 01       	movw	r24, r28
     72a:	05 96       	adiw	r24, 0x05	; 5
     72c:	b8 01       	movw	r22, r16
     72e:	0e 94 d2 04 	call	0x9a4	; 0x9a4 <__unpack_f>
     732:	89 85       	ldd	r24, Y+9	; 0x09
     734:	82 30       	cpi	r24, 0x02	; 2
     736:	40 f0       	brcs	.+16     	; 0x748 <__ltsf2+0x56>
     738:	89 89       	ldd	r24, Y+17	; 0x11
     73a:	82 30       	cpi	r24, 0x02	; 2
     73c:	28 f0       	brcs	.+10     	; 0x748 <__ltsf2+0x56>
     73e:	c7 01       	movw	r24, r14
     740:	b8 01       	movw	r22, r16
     742:	0e 94 4a 05 	call	0xa94	; 0xa94 <__fpcmp_parts_f>
     746:	01 c0       	rjmp	.+2      	; 0x74a <__ltsf2+0x58>
     748:	81 e0       	ldi	r24, 0x01	; 1
     74a:	68 96       	adiw	r28, 0x18	; 24
     74c:	e6 e0       	ldi	r30, 0x06	; 6
     74e:	0c 94 51 1b 	jmp	0x36a2	; 0x36a2 <__epilogue_restores__+0x18>

00000752 <__fixsfsi>:
     752:	ac e0       	ldi	r26, 0x0C	; 12
     754:	b0 e0       	ldi	r27, 0x00	; 0
     756:	ef ea       	ldi	r30, 0xAF	; 175
     758:	f3 e0       	ldi	r31, 0x03	; 3
     75a:	0c 94 39 1b 	jmp	0x3672	; 0x3672 <__prologue_saves__+0x20>
     75e:	69 83       	std	Y+1, r22	; 0x01
     760:	7a 83       	std	Y+2, r23	; 0x02
     762:	8b 83       	std	Y+3, r24	; 0x03
     764:	9c 83       	std	Y+4, r25	; 0x04
     766:	ce 01       	movw	r24, r28
     768:	01 96       	adiw	r24, 0x01	; 1
     76a:	be 01       	movw	r22, r28
     76c:	6b 5f       	subi	r22, 0xFB	; 251
     76e:	7f 4f       	sbci	r23, 0xFF	; 255
     770:	0e 94 d2 04 	call	0x9a4	; 0x9a4 <__unpack_f>
     774:	8d 81       	ldd	r24, Y+5	; 0x05
     776:	82 30       	cpi	r24, 0x02	; 2
     778:	61 f1       	breq	.+88     	; 0x7d2 <__fixsfsi+0x80>
     77a:	82 30       	cpi	r24, 0x02	; 2
     77c:	50 f1       	brcs	.+84     	; 0x7d2 <__fixsfsi+0x80>
     77e:	84 30       	cpi	r24, 0x04	; 4
     780:	21 f4       	brne	.+8      	; 0x78a <__fixsfsi+0x38>
     782:	8e 81       	ldd	r24, Y+6	; 0x06
     784:	88 23       	and	r24, r24
     786:	51 f1       	breq	.+84     	; 0x7dc <__fixsfsi+0x8a>
     788:	2e c0       	rjmp	.+92     	; 0x7e6 <__fixsfsi+0x94>
     78a:	2f 81       	ldd	r18, Y+7	; 0x07
     78c:	38 85       	ldd	r19, Y+8	; 0x08
     78e:	37 fd       	sbrc	r19, 7
     790:	20 c0       	rjmp	.+64     	; 0x7d2 <__fixsfsi+0x80>
     792:	6e 81       	ldd	r22, Y+6	; 0x06
     794:	2f 31       	cpi	r18, 0x1F	; 31
     796:	31 05       	cpc	r19, r1
     798:	1c f0       	brlt	.+6      	; 0x7a0 <__fixsfsi+0x4e>
     79a:	66 23       	and	r22, r22
     79c:	f9 f0       	breq	.+62     	; 0x7dc <__fixsfsi+0x8a>
     79e:	23 c0       	rjmp	.+70     	; 0x7e6 <__fixsfsi+0x94>
     7a0:	8e e1       	ldi	r24, 0x1E	; 30
     7a2:	90 e0       	ldi	r25, 0x00	; 0
     7a4:	82 1b       	sub	r24, r18
     7a6:	93 0b       	sbc	r25, r19
     7a8:	29 85       	ldd	r18, Y+9	; 0x09
     7aa:	3a 85       	ldd	r19, Y+10	; 0x0a
     7ac:	4b 85       	ldd	r20, Y+11	; 0x0b
     7ae:	5c 85       	ldd	r21, Y+12	; 0x0c
     7b0:	04 c0       	rjmp	.+8      	; 0x7ba <__fixsfsi+0x68>
     7b2:	56 95       	lsr	r21
     7b4:	47 95       	ror	r20
     7b6:	37 95       	ror	r19
     7b8:	27 95       	ror	r18
     7ba:	8a 95       	dec	r24
     7bc:	d2 f7       	brpl	.-12     	; 0x7b2 <__fixsfsi+0x60>
     7be:	66 23       	and	r22, r22
     7c0:	b1 f0       	breq	.+44     	; 0x7ee <__fixsfsi+0x9c>
     7c2:	50 95       	com	r21
     7c4:	40 95       	com	r20
     7c6:	30 95       	com	r19
     7c8:	21 95       	neg	r18
     7ca:	3f 4f       	sbci	r19, 0xFF	; 255
     7cc:	4f 4f       	sbci	r20, 0xFF	; 255
     7ce:	5f 4f       	sbci	r21, 0xFF	; 255
     7d0:	0e c0       	rjmp	.+28     	; 0x7ee <__fixsfsi+0x9c>
     7d2:	20 e0       	ldi	r18, 0x00	; 0
     7d4:	30 e0       	ldi	r19, 0x00	; 0
     7d6:	40 e0       	ldi	r20, 0x00	; 0
     7d8:	50 e0       	ldi	r21, 0x00	; 0
     7da:	09 c0       	rjmp	.+18     	; 0x7ee <__fixsfsi+0x9c>
     7dc:	2f ef       	ldi	r18, 0xFF	; 255
     7de:	3f ef       	ldi	r19, 0xFF	; 255
     7e0:	4f ef       	ldi	r20, 0xFF	; 255
     7e2:	5f e7       	ldi	r21, 0x7F	; 127
     7e4:	04 c0       	rjmp	.+8      	; 0x7ee <__fixsfsi+0x9c>
     7e6:	20 e0       	ldi	r18, 0x00	; 0
     7e8:	30 e0       	ldi	r19, 0x00	; 0
     7ea:	40 e0       	ldi	r20, 0x00	; 0
     7ec:	50 e8       	ldi	r21, 0x80	; 128
     7ee:	b9 01       	movw	r22, r18
     7f0:	ca 01       	movw	r24, r20
     7f2:	2c 96       	adiw	r28, 0x0c	; 12
     7f4:	e2 e0       	ldi	r30, 0x02	; 2
     7f6:	0c 94 55 1b 	jmp	0x36aa	; 0x36aa <__epilogue_restores__+0x20>

000007fa <__pack_f>:
     7fa:	df 92       	push	r13
     7fc:	ef 92       	push	r14
     7fe:	ff 92       	push	r15
     800:	0f 93       	push	r16
     802:	1f 93       	push	r17
     804:	fc 01       	movw	r30, r24
     806:	e4 80       	ldd	r14, Z+4	; 0x04
     808:	f5 80       	ldd	r15, Z+5	; 0x05
     80a:	06 81       	ldd	r16, Z+6	; 0x06
     80c:	17 81       	ldd	r17, Z+7	; 0x07
     80e:	d1 80       	ldd	r13, Z+1	; 0x01
     810:	80 81       	ld	r24, Z
     812:	82 30       	cpi	r24, 0x02	; 2
     814:	48 f4       	brcc	.+18     	; 0x828 <__pack_f+0x2e>
     816:	80 e0       	ldi	r24, 0x00	; 0
     818:	90 e0       	ldi	r25, 0x00	; 0
     81a:	a0 e1       	ldi	r26, 0x10	; 16
     81c:	b0 e0       	ldi	r27, 0x00	; 0
     81e:	e8 2a       	or	r14, r24
     820:	f9 2a       	or	r15, r25
     822:	0a 2b       	or	r16, r26
     824:	1b 2b       	or	r17, r27
     826:	a5 c0       	rjmp	.+330    	; 0x972 <__pack_f+0x178>
     828:	84 30       	cpi	r24, 0x04	; 4
     82a:	09 f4       	brne	.+2      	; 0x82e <__pack_f+0x34>
     82c:	9f c0       	rjmp	.+318    	; 0x96c <__pack_f+0x172>
     82e:	82 30       	cpi	r24, 0x02	; 2
     830:	21 f4       	brne	.+8      	; 0x83a <__pack_f+0x40>
     832:	ee 24       	eor	r14, r14
     834:	ff 24       	eor	r15, r15
     836:	87 01       	movw	r16, r14
     838:	05 c0       	rjmp	.+10     	; 0x844 <__pack_f+0x4a>
     83a:	e1 14       	cp	r14, r1
     83c:	f1 04       	cpc	r15, r1
     83e:	01 05       	cpc	r16, r1
     840:	11 05       	cpc	r17, r1
     842:	19 f4       	brne	.+6      	; 0x84a <__pack_f+0x50>
     844:	e0 e0       	ldi	r30, 0x00	; 0
     846:	f0 e0       	ldi	r31, 0x00	; 0
     848:	96 c0       	rjmp	.+300    	; 0x976 <__pack_f+0x17c>
     84a:	62 81       	ldd	r22, Z+2	; 0x02
     84c:	73 81       	ldd	r23, Z+3	; 0x03
     84e:	9f ef       	ldi	r25, 0xFF	; 255
     850:	62 38       	cpi	r22, 0x82	; 130
     852:	79 07       	cpc	r23, r25
     854:	0c f0       	brlt	.+2      	; 0x858 <__pack_f+0x5e>
     856:	5b c0       	rjmp	.+182    	; 0x90e <__pack_f+0x114>
     858:	22 e8       	ldi	r18, 0x82	; 130
     85a:	3f ef       	ldi	r19, 0xFF	; 255
     85c:	26 1b       	sub	r18, r22
     85e:	37 0b       	sbc	r19, r23
     860:	2a 31       	cpi	r18, 0x1A	; 26
     862:	31 05       	cpc	r19, r1
     864:	2c f0       	brlt	.+10     	; 0x870 <__pack_f+0x76>
     866:	20 e0       	ldi	r18, 0x00	; 0
     868:	30 e0       	ldi	r19, 0x00	; 0
     86a:	40 e0       	ldi	r20, 0x00	; 0
     86c:	50 e0       	ldi	r21, 0x00	; 0
     86e:	2a c0       	rjmp	.+84     	; 0x8c4 <__pack_f+0xca>
     870:	b8 01       	movw	r22, r16
     872:	a7 01       	movw	r20, r14
     874:	02 2e       	mov	r0, r18
     876:	04 c0       	rjmp	.+8      	; 0x880 <__pack_f+0x86>
     878:	76 95       	lsr	r23
     87a:	67 95       	ror	r22
     87c:	57 95       	ror	r21
     87e:	47 95       	ror	r20
     880:	0a 94       	dec	r0
     882:	d2 f7       	brpl	.-12     	; 0x878 <__pack_f+0x7e>
     884:	81 e0       	ldi	r24, 0x01	; 1
     886:	90 e0       	ldi	r25, 0x00	; 0
     888:	a0 e0       	ldi	r26, 0x00	; 0
     88a:	b0 e0       	ldi	r27, 0x00	; 0
     88c:	04 c0       	rjmp	.+8      	; 0x896 <__pack_f+0x9c>
     88e:	88 0f       	add	r24, r24
     890:	99 1f       	adc	r25, r25
     892:	aa 1f       	adc	r26, r26
     894:	bb 1f       	adc	r27, r27
     896:	2a 95       	dec	r18
     898:	d2 f7       	brpl	.-12     	; 0x88e <__pack_f+0x94>
     89a:	01 97       	sbiw	r24, 0x01	; 1
     89c:	a1 09       	sbc	r26, r1
     89e:	b1 09       	sbc	r27, r1
     8a0:	8e 21       	and	r24, r14
     8a2:	9f 21       	and	r25, r15
     8a4:	a0 23       	and	r26, r16
     8a6:	b1 23       	and	r27, r17
     8a8:	00 97       	sbiw	r24, 0x00	; 0
     8aa:	a1 05       	cpc	r26, r1
     8ac:	b1 05       	cpc	r27, r1
     8ae:	21 f0       	breq	.+8      	; 0x8b8 <__pack_f+0xbe>
     8b0:	81 e0       	ldi	r24, 0x01	; 1
     8b2:	90 e0       	ldi	r25, 0x00	; 0
     8b4:	a0 e0       	ldi	r26, 0x00	; 0
     8b6:	b0 e0       	ldi	r27, 0x00	; 0
     8b8:	9a 01       	movw	r18, r20
     8ba:	ab 01       	movw	r20, r22
     8bc:	28 2b       	or	r18, r24
     8be:	39 2b       	or	r19, r25
     8c0:	4a 2b       	or	r20, r26
     8c2:	5b 2b       	or	r21, r27
     8c4:	da 01       	movw	r26, r20
     8c6:	c9 01       	movw	r24, r18
     8c8:	8f 77       	andi	r24, 0x7F	; 127
     8ca:	90 70       	andi	r25, 0x00	; 0
     8cc:	a0 70       	andi	r26, 0x00	; 0
     8ce:	b0 70       	andi	r27, 0x00	; 0
     8d0:	80 34       	cpi	r24, 0x40	; 64
     8d2:	91 05       	cpc	r25, r1
     8d4:	a1 05       	cpc	r26, r1
     8d6:	b1 05       	cpc	r27, r1
     8d8:	39 f4       	brne	.+14     	; 0x8e8 <__pack_f+0xee>
     8da:	27 ff       	sbrs	r18, 7
     8dc:	09 c0       	rjmp	.+18     	; 0x8f0 <__pack_f+0xf6>
     8de:	20 5c       	subi	r18, 0xC0	; 192
     8e0:	3f 4f       	sbci	r19, 0xFF	; 255
     8e2:	4f 4f       	sbci	r20, 0xFF	; 255
     8e4:	5f 4f       	sbci	r21, 0xFF	; 255
     8e6:	04 c0       	rjmp	.+8      	; 0x8f0 <__pack_f+0xf6>
     8e8:	21 5c       	subi	r18, 0xC1	; 193
     8ea:	3f 4f       	sbci	r19, 0xFF	; 255
     8ec:	4f 4f       	sbci	r20, 0xFF	; 255
     8ee:	5f 4f       	sbci	r21, 0xFF	; 255
     8f0:	e0 e0       	ldi	r30, 0x00	; 0
     8f2:	f0 e0       	ldi	r31, 0x00	; 0
     8f4:	20 30       	cpi	r18, 0x00	; 0
     8f6:	a0 e0       	ldi	r26, 0x00	; 0
     8f8:	3a 07       	cpc	r19, r26
     8fa:	a0 e0       	ldi	r26, 0x00	; 0
     8fc:	4a 07       	cpc	r20, r26
     8fe:	a0 e4       	ldi	r26, 0x40	; 64
     900:	5a 07       	cpc	r21, r26
     902:	10 f0       	brcs	.+4      	; 0x908 <__pack_f+0x10e>
     904:	e1 e0       	ldi	r30, 0x01	; 1
     906:	f0 e0       	ldi	r31, 0x00	; 0
     908:	79 01       	movw	r14, r18
     90a:	8a 01       	movw	r16, r20
     90c:	27 c0       	rjmp	.+78     	; 0x95c <__pack_f+0x162>
     90e:	60 38       	cpi	r22, 0x80	; 128
     910:	71 05       	cpc	r23, r1
     912:	64 f5       	brge	.+88     	; 0x96c <__pack_f+0x172>
     914:	fb 01       	movw	r30, r22
     916:	e1 58       	subi	r30, 0x81	; 129
     918:	ff 4f       	sbci	r31, 0xFF	; 255
     91a:	d8 01       	movw	r26, r16
     91c:	c7 01       	movw	r24, r14
     91e:	8f 77       	andi	r24, 0x7F	; 127
     920:	90 70       	andi	r25, 0x00	; 0
     922:	a0 70       	andi	r26, 0x00	; 0
     924:	b0 70       	andi	r27, 0x00	; 0
     926:	80 34       	cpi	r24, 0x40	; 64
     928:	91 05       	cpc	r25, r1
     92a:	a1 05       	cpc	r26, r1
     92c:	b1 05       	cpc	r27, r1
     92e:	39 f4       	brne	.+14     	; 0x93e <__pack_f+0x144>
     930:	e7 fe       	sbrs	r14, 7
     932:	0d c0       	rjmp	.+26     	; 0x94e <__pack_f+0x154>
     934:	80 e4       	ldi	r24, 0x40	; 64
     936:	90 e0       	ldi	r25, 0x00	; 0
     938:	a0 e0       	ldi	r26, 0x00	; 0
     93a:	b0 e0       	ldi	r27, 0x00	; 0
     93c:	04 c0       	rjmp	.+8      	; 0x946 <__pack_f+0x14c>
     93e:	8f e3       	ldi	r24, 0x3F	; 63
     940:	90 e0       	ldi	r25, 0x00	; 0
     942:	a0 e0       	ldi	r26, 0x00	; 0
     944:	b0 e0       	ldi	r27, 0x00	; 0
     946:	e8 0e       	add	r14, r24
     948:	f9 1e       	adc	r15, r25
     94a:	0a 1f       	adc	r16, r26
     94c:	1b 1f       	adc	r17, r27
     94e:	17 ff       	sbrs	r17, 7
     950:	05 c0       	rjmp	.+10     	; 0x95c <__pack_f+0x162>
     952:	16 95       	lsr	r17
     954:	07 95       	ror	r16
     956:	f7 94       	ror	r15
     958:	e7 94       	ror	r14
     95a:	31 96       	adiw	r30, 0x01	; 1
     95c:	87 e0       	ldi	r24, 0x07	; 7
     95e:	16 95       	lsr	r17
     960:	07 95       	ror	r16
     962:	f7 94       	ror	r15
     964:	e7 94       	ror	r14
     966:	8a 95       	dec	r24
     968:	d1 f7       	brne	.-12     	; 0x95e <__pack_f+0x164>
     96a:	05 c0       	rjmp	.+10     	; 0x976 <__pack_f+0x17c>
     96c:	ee 24       	eor	r14, r14
     96e:	ff 24       	eor	r15, r15
     970:	87 01       	movw	r16, r14
     972:	ef ef       	ldi	r30, 0xFF	; 255
     974:	f0 e0       	ldi	r31, 0x00	; 0
     976:	6e 2f       	mov	r22, r30
     978:	67 95       	ror	r22
     97a:	66 27       	eor	r22, r22
     97c:	67 95       	ror	r22
     97e:	90 2f       	mov	r25, r16
     980:	9f 77       	andi	r25, 0x7F	; 127
     982:	d7 94       	ror	r13
     984:	dd 24       	eor	r13, r13
     986:	d7 94       	ror	r13
     988:	8e 2f       	mov	r24, r30
     98a:	86 95       	lsr	r24
     98c:	49 2f       	mov	r20, r25
     98e:	46 2b       	or	r20, r22
     990:	58 2f       	mov	r21, r24
     992:	5d 29       	or	r21, r13
     994:	b7 01       	movw	r22, r14
     996:	ca 01       	movw	r24, r20
     998:	1f 91       	pop	r17
     99a:	0f 91       	pop	r16
     99c:	ff 90       	pop	r15
     99e:	ef 90       	pop	r14
     9a0:	df 90       	pop	r13
     9a2:	08 95       	ret

000009a4 <__unpack_f>:
     9a4:	fc 01       	movw	r30, r24
     9a6:	db 01       	movw	r26, r22
     9a8:	40 81       	ld	r20, Z
     9aa:	51 81       	ldd	r21, Z+1	; 0x01
     9ac:	22 81       	ldd	r18, Z+2	; 0x02
     9ae:	62 2f       	mov	r22, r18
     9b0:	6f 77       	andi	r22, 0x7F	; 127
     9b2:	70 e0       	ldi	r23, 0x00	; 0
     9b4:	22 1f       	adc	r18, r18
     9b6:	22 27       	eor	r18, r18
     9b8:	22 1f       	adc	r18, r18
     9ba:	93 81       	ldd	r25, Z+3	; 0x03
     9bc:	89 2f       	mov	r24, r25
     9be:	88 0f       	add	r24, r24
     9c0:	82 2b       	or	r24, r18
     9c2:	28 2f       	mov	r18, r24
     9c4:	30 e0       	ldi	r19, 0x00	; 0
     9c6:	99 1f       	adc	r25, r25
     9c8:	99 27       	eor	r25, r25
     9ca:	99 1f       	adc	r25, r25
     9cc:	11 96       	adiw	r26, 0x01	; 1
     9ce:	9c 93       	st	X, r25
     9d0:	11 97       	sbiw	r26, 0x01	; 1
     9d2:	21 15       	cp	r18, r1
     9d4:	31 05       	cpc	r19, r1
     9d6:	a9 f5       	brne	.+106    	; 0xa42 <__unpack_f+0x9e>
     9d8:	41 15       	cp	r20, r1
     9da:	51 05       	cpc	r21, r1
     9dc:	61 05       	cpc	r22, r1
     9de:	71 05       	cpc	r23, r1
     9e0:	11 f4       	brne	.+4      	; 0x9e6 <__unpack_f+0x42>
     9e2:	82 e0       	ldi	r24, 0x02	; 2
     9e4:	37 c0       	rjmp	.+110    	; 0xa54 <__unpack_f+0xb0>
     9e6:	82 e8       	ldi	r24, 0x82	; 130
     9e8:	9f ef       	ldi	r25, 0xFF	; 255
     9ea:	13 96       	adiw	r26, 0x03	; 3
     9ec:	9c 93       	st	X, r25
     9ee:	8e 93       	st	-X, r24
     9f0:	12 97       	sbiw	r26, 0x02	; 2
     9f2:	9a 01       	movw	r18, r20
     9f4:	ab 01       	movw	r20, r22
     9f6:	67 e0       	ldi	r22, 0x07	; 7
     9f8:	22 0f       	add	r18, r18
     9fa:	33 1f       	adc	r19, r19
     9fc:	44 1f       	adc	r20, r20
     9fe:	55 1f       	adc	r21, r21
     a00:	6a 95       	dec	r22
     a02:	d1 f7       	brne	.-12     	; 0x9f8 <__unpack_f+0x54>
     a04:	83 e0       	ldi	r24, 0x03	; 3
     a06:	8c 93       	st	X, r24
     a08:	0d c0       	rjmp	.+26     	; 0xa24 <__unpack_f+0x80>
     a0a:	22 0f       	add	r18, r18
     a0c:	33 1f       	adc	r19, r19
     a0e:	44 1f       	adc	r20, r20
     a10:	55 1f       	adc	r21, r21
     a12:	12 96       	adiw	r26, 0x02	; 2
     a14:	8d 91       	ld	r24, X+
     a16:	9c 91       	ld	r25, X
     a18:	13 97       	sbiw	r26, 0x03	; 3
     a1a:	01 97       	sbiw	r24, 0x01	; 1
     a1c:	13 96       	adiw	r26, 0x03	; 3
     a1e:	9c 93       	st	X, r25
     a20:	8e 93       	st	-X, r24
     a22:	12 97       	sbiw	r26, 0x02	; 2
     a24:	20 30       	cpi	r18, 0x00	; 0
     a26:	80 e0       	ldi	r24, 0x00	; 0
     a28:	38 07       	cpc	r19, r24
     a2a:	80 e0       	ldi	r24, 0x00	; 0
     a2c:	48 07       	cpc	r20, r24
     a2e:	80 e4       	ldi	r24, 0x40	; 64
     a30:	58 07       	cpc	r21, r24
     a32:	58 f3       	brcs	.-42     	; 0xa0a <__unpack_f+0x66>
     a34:	14 96       	adiw	r26, 0x04	; 4
     a36:	2d 93       	st	X+, r18
     a38:	3d 93       	st	X+, r19
     a3a:	4d 93       	st	X+, r20
     a3c:	5c 93       	st	X, r21
     a3e:	17 97       	sbiw	r26, 0x07	; 7
     a40:	08 95       	ret
     a42:	2f 3f       	cpi	r18, 0xFF	; 255
     a44:	31 05       	cpc	r19, r1
     a46:	79 f4       	brne	.+30     	; 0xa66 <__unpack_f+0xc2>
     a48:	41 15       	cp	r20, r1
     a4a:	51 05       	cpc	r21, r1
     a4c:	61 05       	cpc	r22, r1
     a4e:	71 05       	cpc	r23, r1
     a50:	19 f4       	brne	.+6      	; 0xa58 <__unpack_f+0xb4>
     a52:	84 e0       	ldi	r24, 0x04	; 4
     a54:	8c 93       	st	X, r24
     a56:	08 95       	ret
     a58:	64 ff       	sbrs	r22, 4
     a5a:	03 c0       	rjmp	.+6      	; 0xa62 <__unpack_f+0xbe>
     a5c:	81 e0       	ldi	r24, 0x01	; 1
     a5e:	8c 93       	st	X, r24
     a60:	12 c0       	rjmp	.+36     	; 0xa86 <__unpack_f+0xe2>
     a62:	1c 92       	st	X, r1
     a64:	10 c0       	rjmp	.+32     	; 0xa86 <__unpack_f+0xe2>
     a66:	2f 57       	subi	r18, 0x7F	; 127
     a68:	30 40       	sbci	r19, 0x00	; 0
     a6a:	13 96       	adiw	r26, 0x03	; 3
     a6c:	3c 93       	st	X, r19
     a6e:	2e 93       	st	-X, r18
     a70:	12 97       	sbiw	r26, 0x02	; 2
     a72:	83 e0       	ldi	r24, 0x03	; 3
     a74:	8c 93       	st	X, r24
     a76:	87 e0       	ldi	r24, 0x07	; 7
     a78:	44 0f       	add	r20, r20
     a7a:	55 1f       	adc	r21, r21
     a7c:	66 1f       	adc	r22, r22
     a7e:	77 1f       	adc	r23, r23
     a80:	8a 95       	dec	r24
     a82:	d1 f7       	brne	.-12     	; 0xa78 <__unpack_f+0xd4>
     a84:	70 64       	ori	r23, 0x40	; 64
     a86:	14 96       	adiw	r26, 0x04	; 4
     a88:	4d 93       	st	X+, r20
     a8a:	5d 93       	st	X+, r21
     a8c:	6d 93       	st	X+, r22
     a8e:	7c 93       	st	X, r23
     a90:	17 97       	sbiw	r26, 0x07	; 7
     a92:	08 95       	ret

00000a94 <__fpcmp_parts_f>:
     a94:	1f 93       	push	r17
     a96:	dc 01       	movw	r26, r24
     a98:	fb 01       	movw	r30, r22
     a9a:	9c 91       	ld	r25, X
     a9c:	92 30       	cpi	r25, 0x02	; 2
     a9e:	08 f4       	brcc	.+2      	; 0xaa2 <__fpcmp_parts_f+0xe>
     aa0:	47 c0       	rjmp	.+142    	; 0xb30 <__fpcmp_parts_f+0x9c>
     aa2:	80 81       	ld	r24, Z
     aa4:	82 30       	cpi	r24, 0x02	; 2
     aa6:	08 f4       	brcc	.+2      	; 0xaaa <__fpcmp_parts_f+0x16>
     aa8:	43 c0       	rjmp	.+134    	; 0xb30 <__fpcmp_parts_f+0x9c>
     aaa:	94 30       	cpi	r25, 0x04	; 4
     aac:	51 f4       	brne	.+20     	; 0xac2 <__fpcmp_parts_f+0x2e>
     aae:	11 96       	adiw	r26, 0x01	; 1
     ab0:	1c 91       	ld	r17, X
     ab2:	84 30       	cpi	r24, 0x04	; 4
     ab4:	99 f5       	brne	.+102    	; 0xb1c <__fpcmp_parts_f+0x88>
     ab6:	81 81       	ldd	r24, Z+1	; 0x01
     ab8:	68 2f       	mov	r22, r24
     aba:	70 e0       	ldi	r23, 0x00	; 0
     abc:	61 1b       	sub	r22, r17
     abe:	71 09       	sbc	r23, r1
     ac0:	3f c0       	rjmp	.+126    	; 0xb40 <__fpcmp_parts_f+0xac>
     ac2:	84 30       	cpi	r24, 0x04	; 4
     ac4:	21 f0       	breq	.+8      	; 0xace <__fpcmp_parts_f+0x3a>
     ac6:	92 30       	cpi	r25, 0x02	; 2
     ac8:	31 f4       	brne	.+12     	; 0xad6 <__fpcmp_parts_f+0x42>
     aca:	82 30       	cpi	r24, 0x02	; 2
     acc:	b9 f1       	breq	.+110    	; 0xb3c <__fpcmp_parts_f+0xa8>
     ace:	81 81       	ldd	r24, Z+1	; 0x01
     ad0:	88 23       	and	r24, r24
     ad2:	89 f1       	breq	.+98     	; 0xb36 <__fpcmp_parts_f+0xa2>
     ad4:	2d c0       	rjmp	.+90     	; 0xb30 <__fpcmp_parts_f+0x9c>
     ad6:	11 96       	adiw	r26, 0x01	; 1
     ad8:	1c 91       	ld	r17, X
     ada:	11 97       	sbiw	r26, 0x01	; 1
     adc:	82 30       	cpi	r24, 0x02	; 2
     ade:	f1 f0       	breq	.+60     	; 0xb1c <__fpcmp_parts_f+0x88>
     ae0:	81 81       	ldd	r24, Z+1	; 0x01
     ae2:	18 17       	cp	r17, r24
     ae4:	d9 f4       	brne	.+54     	; 0xb1c <__fpcmp_parts_f+0x88>
     ae6:	12 96       	adiw	r26, 0x02	; 2
     ae8:	2d 91       	ld	r18, X+
     aea:	3c 91       	ld	r19, X
     aec:	13 97       	sbiw	r26, 0x03	; 3
     aee:	82 81       	ldd	r24, Z+2	; 0x02
     af0:	93 81       	ldd	r25, Z+3	; 0x03
     af2:	82 17       	cp	r24, r18
     af4:	93 07       	cpc	r25, r19
     af6:	94 f0       	brlt	.+36     	; 0xb1c <__fpcmp_parts_f+0x88>
     af8:	28 17       	cp	r18, r24
     afa:	39 07       	cpc	r19, r25
     afc:	bc f0       	brlt	.+46     	; 0xb2c <__fpcmp_parts_f+0x98>
     afe:	14 96       	adiw	r26, 0x04	; 4
     b00:	8d 91       	ld	r24, X+
     b02:	9d 91       	ld	r25, X+
     b04:	0d 90       	ld	r0, X+
     b06:	bc 91       	ld	r27, X
     b08:	a0 2d       	mov	r26, r0
     b0a:	24 81       	ldd	r18, Z+4	; 0x04
     b0c:	35 81       	ldd	r19, Z+5	; 0x05
     b0e:	46 81       	ldd	r20, Z+6	; 0x06
     b10:	57 81       	ldd	r21, Z+7	; 0x07
     b12:	28 17       	cp	r18, r24
     b14:	39 07       	cpc	r19, r25
     b16:	4a 07       	cpc	r20, r26
     b18:	5b 07       	cpc	r21, r27
     b1a:	18 f4       	brcc	.+6      	; 0xb22 <__fpcmp_parts_f+0x8e>
     b1c:	11 23       	and	r17, r17
     b1e:	41 f0       	breq	.+16     	; 0xb30 <__fpcmp_parts_f+0x9c>
     b20:	0a c0       	rjmp	.+20     	; 0xb36 <__fpcmp_parts_f+0xa2>
     b22:	82 17       	cp	r24, r18
     b24:	93 07       	cpc	r25, r19
     b26:	a4 07       	cpc	r26, r20
     b28:	b5 07       	cpc	r27, r21
     b2a:	40 f4       	brcc	.+16     	; 0xb3c <__fpcmp_parts_f+0xa8>
     b2c:	11 23       	and	r17, r17
     b2e:	19 f0       	breq	.+6      	; 0xb36 <__fpcmp_parts_f+0xa2>
     b30:	61 e0       	ldi	r22, 0x01	; 1
     b32:	70 e0       	ldi	r23, 0x00	; 0
     b34:	05 c0       	rjmp	.+10     	; 0xb40 <__fpcmp_parts_f+0xac>
     b36:	6f ef       	ldi	r22, 0xFF	; 255
     b38:	7f ef       	ldi	r23, 0xFF	; 255
     b3a:	02 c0       	rjmp	.+4      	; 0xb40 <__fpcmp_parts_f+0xac>
     b3c:	60 e0       	ldi	r22, 0x00	; 0
     b3e:	70 e0       	ldi	r23, 0x00	; 0
     b40:	cb 01       	movw	r24, r22
     b42:	1f 91       	pop	r17
     b44:	08 95       	ret

00000b46 <main>:
void BUZZER_ON_MIN(void);
/* *******************************************************************************

                             FUNCTIONS DEFINATION
 ********************************************************************************/
int main (void){
     b46:	df 93       	push	r29
     b48:	cf 93       	push	r28
     b4a:	00 d0       	rcall	.+0      	; 0xb4c <main+0x6>
     b4c:	00 d0       	rcall	.+0      	; 0xb4e <main+0x8>
     b4e:	0f 92       	push	r0
     b50:	cd b7       	in	r28, 0x3d	; 61
     b52:	de b7       	in	r29, 0x3e	; 62
	SREG |= (1<<7); // Enable I-Bit
     b54:	af e5       	ldi	r26, 0x5F	; 95
     b56:	b0 e0       	ldi	r27, 0x00	; 0
     b58:	ef e5       	ldi	r30, 0x5F	; 95
     b5a:	f0 e0       	ldi	r31, 0x00	; 0
     b5c:	80 81       	ld	r24, Z
     b5e:	80 68       	ori	r24, 0x80	; 128
     b60:	8c 93       	st	X, r24
	uint8 Char ; // Local Variable that Always gets inside it the value of pressed key
	LCD_init(); // Initialize Lcd Driver
     b62:	0e 94 1e 14 	call	0x283c	; 0x283c <LCD_init>
	Uart_config uart_config = {8,1}; // Set DATA bits = 8-bit , Stop_bit = 1 stop bit
     b66:	88 e0       	ldi	r24, 0x08	; 8
     b68:	8a 83       	std	Y+2, r24	; 0x02
     b6a:	81 e0       	ldi	r24, 0x01	; 1
     b6c:	8b 83       	std	Y+3, r24	; 0x03
	UART_init(9600, &uart_config); // Set baud rate by 9600
     b6e:	9e 01       	movw	r18, r28
     b70:	2e 5f       	subi	r18, 0xFE	; 254
     b72:	3f 4f       	sbci	r19, 0xFF	; 255
     b74:	60 e8       	ldi	r22, 0x80	; 128
     b76:	75 e2       	ldi	r23, 0x25	; 37
     b78:	80 e0       	ldi	r24, 0x00	; 0
     b7a:	90 e0       	ldi	r25, 0x00	; 0
     b7c:	a9 01       	movw	r20, r18
     b7e:	0e 94 c5 19 	call	0x338a	; 0x338a <UART_init>
	Setting_Up_Password(); // Call Function needed first to insert your new password
     b82:	0e 94 de 05 	call	0xbbc	; 0xbbc <Setting_Up_Password>
	Home(); // Call home function that display options available
     b86:	0e 94 0a 0a 	call	0x1414	; 0x1414 <Home>
	while (1)
	{
		Char = KEYPAD_getPressedKey(); // Get pressed key whether '+' or '-'
     b8a:	0e 94 26 13 	call	0x264c	; 0x264c <KEYPAD_getPressedKey>
     b8e:	89 83       	std	Y+1, r24	; 0x01
		switch (Char) {
     b90:	89 81       	ldd	r24, Y+1	; 0x01
     b92:	28 2f       	mov	r18, r24
     b94:	30 e0       	ldi	r19, 0x00	; 0
     b96:	3d 83       	std	Y+5, r19	; 0x05
     b98:	2c 83       	std	Y+4, r18	; 0x04
     b9a:	8c 81       	ldd	r24, Y+4	; 0x04
     b9c:	9d 81       	ldd	r25, Y+5	; 0x05
     b9e:	8b 32       	cpi	r24, 0x2B	; 43
     ba0:	91 05       	cpc	r25, r1
     ba2:	31 f0       	breq	.+12     	; 0xbb0 <main+0x6a>
     ba4:	2c 81       	ldd	r18, Y+4	; 0x04
     ba6:	3d 81       	ldd	r19, Y+5	; 0x05
     ba8:	2d 32       	cpi	r18, 0x2D	; 45
     baa:	31 05       	cpc	r19, r1
     bac:	21 f0       	breq	.+8      	; 0xbb6 <main+0x70>
     bae:	ed cf       	rjmp	.-38     	; 0xb8a <main+0x44>
		case '+' : // In case of User selected to Open door
			Open_Door(); //  Call open door function
     bb0:	0e 94 21 0a 	call	0x1442	; 0x1442 <Open_Door>
     bb4:	ea cf       	rjmp	.-44     	; 0xb8a <main+0x44>
			break ;
		case '-' :// In case of User selected to Change Password
			Change_Password(); //  Call Change Password Function
     bb6:	0e 94 f8 0c 	call	0x19f0	; 0x19f0 <Change_Password>
     bba:	e7 cf       	rjmp	.-50     	; 0xb8a <main+0x44>

00000bbc <Setting_Up_Password>:
 * This Function "Step1_Change_Pass_Send" Used to Set up initially Your desired Password
  and it will ask you to insert it 2 times and has to be confirmed , i.e Has to match
 if it matches it will be stored in EEPROM Memory for further needs and if not it will ask you for
 setting it up again till it matches
 */
void Setting_Up_Password(void){
     bbc:	0f 93       	push	r16
     bbe:	1f 93       	push	r17
     bc0:	df 93       	push	r29
     bc2:	cf 93       	push	r28
     bc4:	cd b7       	in	r28, 0x3d	; 61
     bc6:	de b7       	in	r29, 0x3e	; 62
     bc8:	cb 55       	subi	r28, 0x5B	; 91
     bca:	d0 40       	sbci	r29, 0x00	; 0
     bcc:	0f b6       	in	r0, 0x3f	; 63
     bce:	f8 94       	cli
     bd0:	de bf       	out	0x3e, r29	; 62
     bd2:	0f be       	out	0x3f, r0	; 63
     bd4:	cd bf       	out	0x3d, r28	; 61
	// uint8 Str1[5] , Str2[5] ;
	int i=0 ,j=0 ,z=0; // Variables needed for looping in for loops
     bd6:	fe 01       	movw	r30, r28
     bd8:	e6 5a       	subi	r30, 0xA6	; 166
     bda:	ff 4f       	sbci	r31, 0xFF	; 255
     bdc:	11 82       	std	Z+1, r1	; 0x01
     bde:	10 82       	st	Z, r1
     be0:	fe 01       	movw	r30, r28
     be2:	e8 5a       	subi	r30, 0xA8	; 168
     be4:	ff 4f       	sbci	r31, 0xFF	; 255
     be6:	11 82       	std	Z+1, r1	; 0x01
     be8:	10 82       	st	Z, r1
     bea:	fe 01       	movw	r30, r28
     bec:	ea 5a       	subi	r30, 0xAA	; 170
     bee:	ff 4f       	sbci	r31, 0xFF	; 255
     bf0:	11 82       	std	Z+1, r1	; 0x01
     bf2:	10 82       	st	Z, r1
	uint8 m =0  ; // Variable of one byte used to store the key pressed number
     bf4:	fe 01       	movw	r30, r28
     bf6:	eb 5a       	subi	r30, 0xAB	; 171
     bf8:	ff 4f       	sbci	r31, 0xFF	; 255
     bfa:	10 82       	st	Z, r1
	LCD_clearScreen(); // Clear Screen
     bfc:	0e 94 d0 18 	call	0x31a0	; 0x31a0 <LCD_clearScreen>
	LCD_displayStringRowColumn(0,0,"Plz Enter Pass"); // Display
     c00:	20 e6       	ldi	r18, 0x60	; 96
     c02:	30 e0       	ldi	r19, 0x00	; 0
     c04:	80 e0       	ldi	r24, 0x00	; 0
     c06:	60 e0       	ldi	r22, 0x00	; 0
     c08:	a9 01       	movw	r20, r18
     c0a:	0e 94 94 18 	call	0x3128	; 0x3128 <LCD_displayStringRowColumn>
     c0e:	fe 01       	movw	r30, r28
     c10:	ef 5a       	subi	r30, 0xAF	; 175
     c12:	ff 4f       	sbci	r31, 0xFF	; 255
     c14:	80 e0       	ldi	r24, 0x00	; 0
     c16:	90 e8       	ldi	r25, 0x80	; 128
     c18:	ab eb       	ldi	r26, 0xBB	; 187
     c1a:	b4 e4       	ldi	r27, 0x44	; 68
     c1c:	80 83       	st	Z, r24
     c1e:	91 83       	std	Z+1, r25	; 0x01
     c20:	a2 83       	std	Z+2, r26	; 0x02
     c22:	b3 83       	std	Z+3, r27	; 0x03
 */
void
_delay_ms(double __ms)
{
	uint16_t __ticks;
	double __tmp = ((F_CPU) / 4e3) * __ms;
     c24:	8e 01       	movw	r16, r28
     c26:	03 5b       	subi	r16, 0xB3	; 179
     c28:	1f 4f       	sbci	r17, 0xFF	; 255
     c2a:	fe 01       	movw	r30, r28
     c2c:	ef 5a       	subi	r30, 0xAF	; 175
     c2e:	ff 4f       	sbci	r31, 0xFF	; 255
     c30:	60 81       	ld	r22, Z
     c32:	71 81       	ldd	r23, Z+1	; 0x01
     c34:	82 81       	ldd	r24, Z+2	; 0x02
     c36:	93 81       	ldd	r25, Z+3	; 0x03
     c38:	20 e0       	ldi	r18, 0x00	; 0
     c3a:	30 e0       	ldi	r19, 0x00	; 0
     c3c:	4a ef       	ldi	r20, 0xFA	; 250
     c3e:	54 e4       	ldi	r21, 0x44	; 68
     c40:	0e 94 1f 02 	call	0x43e	; 0x43e <__mulsf3>
     c44:	dc 01       	movw	r26, r24
     c46:	cb 01       	movw	r24, r22
     c48:	f8 01       	movw	r30, r16
     c4a:	80 83       	st	Z, r24
     c4c:	91 83       	std	Z+1, r25	; 0x01
     c4e:	a2 83       	std	Z+2, r26	; 0x02
     c50:	b3 83       	std	Z+3, r27	; 0x03
	if (__tmp < 1.0)
     c52:	fe 01       	movw	r30, r28
     c54:	e3 5b       	subi	r30, 0xB3	; 179
     c56:	ff 4f       	sbci	r31, 0xFF	; 255
     c58:	60 81       	ld	r22, Z
     c5a:	71 81       	ldd	r23, Z+1	; 0x01
     c5c:	82 81       	ldd	r24, Z+2	; 0x02
     c5e:	93 81       	ldd	r25, Z+3	; 0x03
     c60:	20 e0       	ldi	r18, 0x00	; 0
     c62:	30 e0       	ldi	r19, 0x00	; 0
     c64:	40 e8       	ldi	r20, 0x80	; 128
     c66:	5f e3       	ldi	r21, 0x3F	; 63
     c68:	0e 94 79 03 	call	0x6f2	; 0x6f2 <__ltsf2>
     c6c:	88 23       	and	r24, r24
     c6e:	44 f4       	brge	.+16     	; 0xc80 <Setting_Up_Password+0xc4>
		__ticks = 1;
     c70:	fe 01       	movw	r30, r28
     c72:	e5 5b       	subi	r30, 0xB5	; 181
     c74:	ff 4f       	sbci	r31, 0xFF	; 255
     c76:	81 e0       	ldi	r24, 0x01	; 1
     c78:	90 e0       	ldi	r25, 0x00	; 0
     c7a:	91 83       	std	Z+1, r25	; 0x01
     c7c:	80 83       	st	Z, r24
     c7e:	64 c0       	rjmp	.+200    	; 0xd48 <Setting_Up_Password+0x18c>
	else if (__tmp > 65535)
     c80:	fe 01       	movw	r30, r28
     c82:	e3 5b       	subi	r30, 0xB3	; 179
     c84:	ff 4f       	sbci	r31, 0xFF	; 255
     c86:	60 81       	ld	r22, Z
     c88:	71 81       	ldd	r23, Z+1	; 0x01
     c8a:	82 81       	ldd	r24, Z+2	; 0x02
     c8c:	93 81       	ldd	r25, Z+3	; 0x03
     c8e:	20 e0       	ldi	r18, 0x00	; 0
     c90:	3f ef       	ldi	r19, 0xFF	; 255
     c92:	4f e7       	ldi	r20, 0x7F	; 127
     c94:	57 e4       	ldi	r21, 0x47	; 71
     c96:	0e 94 19 03 	call	0x632	; 0x632 <__gtsf2>
     c9a:	18 16       	cp	r1, r24
     c9c:	0c f0       	brlt	.+2      	; 0xca0 <Setting_Up_Password+0xe4>
     c9e:	43 c0       	rjmp	.+134    	; 0xd26 <Setting_Up_Password+0x16a>
	{
		//	__ticks = requested delay in 1/10 ms
		__ticks = (uint16_t) (__ms * 10.0);
     ca0:	fe 01       	movw	r30, r28
     ca2:	ef 5a       	subi	r30, 0xAF	; 175
     ca4:	ff 4f       	sbci	r31, 0xFF	; 255
     ca6:	60 81       	ld	r22, Z
     ca8:	71 81       	ldd	r23, Z+1	; 0x01
     caa:	82 81       	ldd	r24, Z+2	; 0x02
     cac:	93 81       	ldd	r25, Z+3	; 0x03
     cae:	20 e0       	ldi	r18, 0x00	; 0
     cb0:	30 e0       	ldi	r19, 0x00	; 0
     cb2:	40 e2       	ldi	r20, 0x20	; 32
     cb4:	51 e4       	ldi	r21, 0x41	; 65
     cb6:	0e 94 1f 02 	call	0x43e	; 0x43e <__mulsf3>
     cba:	dc 01       	movw	r26, r24
     cbc:	cb 01       	movw	r24, r22
     cbe:	8e 01       	movw	r16, r28
     cc0:	05 5b       	subi	r16, 0xB5	; 181
     cc2:	1f 4f       	sbci	r17, 0xFF	; 255
     cc4:	bc 01       	movw	r22, r24
     cc6:	cd 01       	movw	r24, r26
     cc8:	0e 94 49 00 	call	0x92	; 0x92 <__fixunssfsi>
     ccc:	dc 01       	movw	r26, r24
     cce:	cb 01       	movw	r24, r22
     cd0:	f8 01       	movw	r30, r16
     cd2:	91 83       	std	Z+1, r25	; 0x01
     cd4:	80 83       	st	Z, r24
     cd6:	1f c0       	rjmp	.+62     	; 0xd16 <Setting_Up_Password+0x15a>
     cd8:	fe 01       	movw	r30, r28
     cda:	e7 5b       	subi	r30, 0xB7	; 183
     cdc:	ff 4f       	sbci	r31, 0xFF	; 255
     cde:	88 ec       	ldi	r24, 0xC8	; 200
     ce0:	90 e0       	ldi	r25, 0x00	; 0
     ce2:	91 83       	std	Z+1, r25	; 0x01
     ce4:	80 83       	st	Z, r24
    milliseconds can be achieved.
 */
void
_delay_loop_2(uint16_t __count)
{
	__asm__ volatile (
     ce6:	fe 01       	movw	r30, r28
     ce8:	e7 5b       	subi	r30, 0xB7	; 183
     cea:	ff 4f       	sbci	r31, 0xFF	; 255
     cec:	80 81       	ld	r24, Z
     cee:	91 81       	ldd	r25, Z+1	; 0x01
     cf0:	01 97       	sbiw	r24, 0x01	; 1
     cf2:	f1 f7       	brne	.-4      	; 0xcf0 <Setting_Up_Password+0x134>
     cf4:	fe 01       	movw	r30, r28
     cf6:	e7 5b       	subi	r30, 0xB7	; 183
     cf8:	ff 4f       	sbci	r31, 0xFF	; 255
     cfa:	91 83       	std	Z+1, r25	; 0x01
     cfc:	80 83       	st	Z, r24
		while(__ticks)
		{
			// wait 1/10 ms
			_delay_loop_2(((F_CPU) / 4e3) / 10);
			__ticks --;
     cfe:	de 01       	movw	r26, r28
     d00:	a5 5b       	subi	r26, 0xB5	; 181
     d02:	bf 4f       	sbci	r27, 0xFF	; 255
     d04:	fe 01       	movw	r30, r28
     d06:	e5 5b       	subi	r30, 0xB5	; 181
     d08:	ff 4f       	sbci	r31, 0xFF	; 255
     d0a:	80 81       	ld	r24, Z
     d0c:	91 81       	ldd	r25, Z+1	; 0x01
     d0e:	01 97       	sbiw	r24, 0x01	; 1
     d10:	11 96       	adiw	r26, 0x01	; 1
     d12:	9c 93       	st	X, r25
     d14:	8e 93       	st	-X, r24
		__ticks = 1;
	else if (__tmp > 65535)
	{
		//	__ticks = requested delay in 1/10 ms
		__ticks = (uint16_t) (__ms * 10.0);
		while(__ticks)
     d16:	fe 01       	movw	r30, r28
     d18:	e5 5b       	subi	r30, 0xB5	; 181
     d1a:	ff 4f       	sbci	r31, 0xFF	; 255
     d1c:	80 81       	ld	r24, Z
     d1e:	91 81       	ldd	r25, Z+1	; 0x01
     d20:	00 97       	sbiw	r24, 0x00	; 0
     d22:	d1 f6       	brne	.-76     	; 0xcd8 <Setting_Up_Password+0x11c>
     d24:	28 c0       	rjmp	.+80     	; 0xd76 <Setting_Up_Password+0x1ba>
			__ticks --;
		}
		return;
	}
	else
		__ticks = (uint16_t)__tmp;
     d26:	8e 01       	movw	r16, r28
     d28:	05 5b       	subi	r16, 0xB5	; 181
     d2a:	1f 4f       	sbci	r17, 0xFF	; 255
     d2c:	fe 01       	movw	r30, r28
     d2e:	e3 5b       	subi	r30, 0xB3	; 179
     d30:	ff 4f       	sbci	r31, 0xFF	; 255
     d32:	60 81       	ld	r22, Z
     d34:	71 81       	ldd	r23, Z+1	; 0x01
     d36:	82 81       	ldd	r24, Z+2	; 0x02
     d38:	93 81       	ldd	r25, Z+3	; 0x03
     d3a:	0e 94 49 00 	call	0x92	; 0x92 <__fixunssfsi>
     d3e:	dc 01       	movw	r26, r24
     d40:	cb 01       	movw	r24, r22
     d42:	f8 01       	movw	r30, r16
     d44:	91 83       	std	Z+1, r25	; 0x01
     d46:	80 83       	st	Z, r24
     d48:	de 01       	movw	r26, r28
     d4a:	a9 5b       	subi	r26, 0xB9	; 185
     d4c:	bf 4f       	sbci	r27, 0xFF	; 255
     d4e:	fe 01       	movw	r30, r28
     d50:	e5 5b       	subi	r30, 0xB5	; 181
     d52:	ff 4f       	sbci	r31, 0xFF	; 255
     d54:	80 81       	ld	r24, Z
     d56:	91 81       	ldd	r25, Z+1	; 0x01
     d58:	11 96       	adiw	r26, 0x01	; 1
     d5a:	9c 93       	st	X, r25
     d5c:	8e 93       	st	-X, r24
     d5e:	fe 01       	movw	r30, r28
     d60:	e9 5b       	subi	r30, 0xB9	; 185
     d62:	ff 4f       	sbci	r31, 0xFF	; 255
     d64:	80 81       	ld	r24, Z
     d66:	91 81       	ldd	r25, Z+1	; 0x01
     d68:	01 97       	sbiw	r24, 0x01	; 1
     d6a:	f1 f7       	brne	.-4      	; 0xd68 <Setting_Up_Password+0x1ac>
     d6c:	fe 01       	movw	r30, r28
     d6e:	e9 5b       	subi	r30, 0xB9	; 185
     d70:	ff 4f       	sbci	r31, 0xFF	; 255
     d72:	91 83       	std	Z+1, r25	; 0x01
     d74:	80 83       	st	Z, r24
	/*
	 * First For loop Used to get the password from user for the first time
	  and store it temporary in array till the user press enter
	 */
	_delay_ms(1500);
	for (i=0 ; i<7; i++ ){
     d76:	fe 01       	movw	r30, r28
     d78:	e6 5a       	subi	r30, 0xA6	; 166
     d7a:	ff 4f       	sbci	r31, 0xFF	; 255
     d7c:	11 82       	std	Z+1, r1	; 0x01
     d7e:	10 82       	st	Z, r1
     d80:	b6 c0       	rjmp	.+364    	; 0xeee <Setting_Up_Password+0x332>
		m= KEYPAD_getPressedKey() ;
     d82:	0e 94 26 13 	call	0x264c	; 0x264c <KEYPAD_getPressedKey>
     d86:	fe 01       	movw	r30, r28
     d88:	eb 5a       	subi	r30, 0xAB	; 171
     d8a:	ff 4f       	sbci	r31, 0xFF	; 255
     d8c:	80 83       	st	Z, r24
		if (m == 13 ){
     d8e:	fe 01       	movw	r30, r28
     d90:	eb 5a       	subi	r30, 0xAB	; 171
     d92:	ff 4f       	sbci	r31, 0xFF	; 255
     d94:	80 81       	ld	r24, Z
     d96:	8d 30       	cpi	r24, 0x0D	; 13
     d98:	09 f4       	brne	.+2      	; 0xd9c <Setting_Up_Password+0x1e0>
     d9a:	b2 c0       	rjmp	.+356    	; 0xf00 <Setting_Up_Password+0x344>
			break ;
		}
		Str1[i] = m;
     d9c:	fe 01       	movw	r30, r28
     d9e:	e6 5a       	subi	r30, 0xA6	; 166
     da0:	ff 4f       	sbci	r31, 0xFF	; 255
     da2:	80 81       	ld	r24, Z
     da4:	91 81       	ldd	r25, Z+1	; 0x01
     da6:	dc 01       	movw	r26, r24
     da8:	a1 5e       	subi	r26, 0xE1	; 225
     daa:	be 4f       	sbci	r27, 0xFE	; 254
     dac:	fe 01       	movw	r30, r28
     dae:	eb 5a       	subi	r30, 0xAB	; 171
     db0:	ff 4f       	sbci	r31, 0xFF	; 255
     db2:	80 81       	ld	r24, Z
     db4:	8c 93       	st	X, r24
     db6:	fe 01       	movw	r30, r28
     db8:	ed 5b       	subi	r30, 0xBD	; 189
     dba:	ff 4f       	sbci	r31, 0xFF	; 255
     dbc:	80 e0       	ldi	r24, 0x00	; 0
     dbe:	90 e0       	ldi	r25, 0x00	; 0
     dc0:	aa ef       	ldi	r26, 0xFA	; 250
     dc2:	b3 e4       	ldi	r27, 0x43	; 67
     dc4:	80 83       	st	Z, r24
     dc6:	91 83       	std	Z+1, r25	; 0x01
     dc8:	a2 83       	std	Z+2, r26	; 0x02
     dca:	b3 83       	std	Z+3, r27	; 0x03
 */
void
_delay_ms(double __ms)
{
	uint16_t __ticks;
	double __tmp = ((F_CPU) / 4e3) * __ms;
     dcc:	8e 01       	movw	r16, r28
     dce:	01 5c       	subi	r16, 0xC1	; 193
     dd0:	1f 4f       	sbci	r17, 0xFF	; 255
     dd2:	fe 01       	movw	r30, r28
     dd4:	ed 5b       	subi	r30, 0xBD	; 189
     dd6:	ff 4f       	sbci	r31, 0xFF	; 255
     dd8:	60 81       	ld	r22, Z
     dda:	71 81       	ldd	r23, Z+1	; 0x01
     ddc:	82 81       	ldd	r24, Z+2	; 0x02
     dde:	93 81       	ldd	r25, Z+3	; 0x03
     de0:	20 e0       	ldi	r18, 0x00	; 0
     de2:	30 e0       	ldi	r19, 0x00	; 0
     de4:	4a ef       	ldi	r20, 0xFA	; 250
     de6:	54 e4       	ldi	r21, 0x44	; 68
     de8:	0e 94 1f 02 	call	0x43e	; 0x43e <__mulsf3>
     dec:	dc 01       	movw	r26, r24
     dee:	cb 01       	movw	r24, r22
     df0:	f8 01       	movw	r30, r16
     df2:	80 83       	st	Z, r24
     df4:	91 83       	std	Z+1, r25	; 0x01
     df6:	a2 83       	std	Z+2, r26	; 0x02
     df8:	b3 83       	std	Z+3, r27	; 0x03
	if (__tmp < 1.0)
     dfa:	fe 01       	movw	r30, r28
     dfc:	ff 96       	adiw	r30, 0x3f	; 63
     dfe:	60 81       	ld	r22, Z
     e00:	71 81       	ldd	r23, Z+1	; 0x01
     e02:	82 81       	ldd	r24, Z+2	; 0x02
     e04:	93 81       	ldd	r25, Z+3	; 0x03
     e06:	20 e0       	ldi	r18, 0x00	; 0
     e08:	30 e0       	ldi	r19, 0x00	; 0
     e0a:	40 e8       	ldi	r20, 0x80	; 128
     e0c:	5f e3       	ldi	r21, 0x3F	; 63
     e0e:	0e 94 79 03 	call	0x6f2	; 0x6f2 <__ltsf2>
     e12:	88 23       	and	r24, r24
     e14:	2c f4       	brge	.+10     	; 0xe20 <Setting_Up_Password+0x264>
		__ticks = 1;
     e16:	81 e0       	ldi	r24, 0x01	; 1
     e18:	90 e0       	ldi	r25, 0x00	; 0
     e1a:	9e af       	std	Y+62, r25	; 0x3e
     e1c:	8d af       	std	Y+61, r24	; 0x3d
     e1e:	46 c0       	rjmp	.+140    	; 0xeac <Setting_Up_Password+0x2f0>
	else if (__tmp > 65535)
     e20:	fe 01       	movw	r30, r28
     e22:	ff 96       	adiw	r30, 0x3f	; 63
     e24:	60 81       	ld	r22, Z
     e26:	71 81       	ldd	r23, Z+1	; 0x01
     e28:	82 81       	ldd	r24, Z+2	; 0x02
     e2a:	93 81       	ldd	r25, Z+3	; 0x03
     e2c:	20 e0       	ldi	r18, 0x00	; 0
     e2e:	3f ef       	ldi	r19, 0xFF	; 255
     e30:	4f e7       	ldi	r20, 0x7F	; 127
     e32:	57 e4       	ldi	r21, 0x47	; 71
     e34:	0e 94 19 03 	call	0x632	; 0x632 <__gtsf2>
     e38:	18 16       	cp	r1, r24
     e3a:	64 f5       	brge	.+88     	; 0xe94 <Setting_Up_Password+0x2d8>
	{
		//	__ticks = requested delay in 1/10 ms
		__ticks = (uint16_t) (__ms * 10.0);
     e3c:	fe 01       	movw	r30, r28
     e3e:	ed 5b       	subi	r30, 0xBD	; 189
     e40:	ff 4f       	sbci	r31, 0xFF	; 255
     e42:	60 81       	ld	r22, Z
     e44:	71 81       	ldd	r23, Z+1	; 0x01
     e46:	82 81       	ldd	r24, Z+2	; 0x02
     e48:	93 81       	ldd	r25, Z+3	; 0x03
     e4a:	20 e0       	ldi	r18, 0x00	; 0
     e4c:	30 e0       	ldi	r19, 0x00	; 0
     e4e:	40 e2       	ldi	r20, 0x20	; 32
     e50:	51 e4       	ldi	r21, 0x41	; 65
     e52:	0e 94 1f 02 	call	0x43e	; 0x43e <__mulsf3>
     e56:	dc 01       	movw	r26, r24
     e58:	cb 01       	movw	r24, r22
     e5a:	bc 01       	movw	r22, r24
     e5c:	cd 01       	movw	r24, r26
     e5e:	0e 94 49 00 	call	0x92	; 0x92 <__fixunssfsi>
     e62:	dc 01       	movw	r26, r24
     e64:	cb 01       	movw	r24, r22
     e66:	9e af       	std	Y+62, r25	; 0x3e
     e68:	8d af       	std	Y+61, r24	; 0x3d
     e6a:	0f c0       	rjmp	.+30     	; 0xe8a <Setting_Up_Password+0x2ce>
     e6c:	88 ec       	ldi	r24, 0xC8	; 200
     e6e:	90 e0       	ldi	r25, 0x00	; 0
     e70:	9c af       	std	Y+60, r25	; 0x3c
     e72:	8b af       	std	Y+59, r24	; 0x3b
     e74:	8b ad       	ldd	r24, Y+59	; 0x3b
     e76:	9c ad       	ldd	r25, Y+60	; 0x3c
     e78:	01 97       	sbiw	r24, 0x01	; 1
     e7a:	f1 f7       	brne	.-4      	; 0xe78 <Setting_Up_Password+0x2bc>
     e7c:	9c af       	std	Y+60, r25	; 0x3c
     e7e:	8b af       	std	Y+59, r24	; 0x3b
		while(__ticks)
		{
			// wait 1/10 ms
			_delay_loop_2(((F_CPU) / 4e3) / 10);
			__ticks --;
     e80:	8d ad       	ldd	r24, Y+61	; 0x3d
     e82:	9e ad       	ldd	r25, Y+62	; 0x3e
     e84:	01 97       	sbiw	r24, 0x01	; 1
     e86:	9e af       	std	Y+62, r25	; 0x3e
     e88:	8d af       	std	Y+61, r24	; 0x3d
		__ticks = 1;
	else if (__tmp > 65535)
	{
		//	__ticks = requested delay in 1/10 ms
		__ticks = (uint16_t) (__ms * 10.0);
		while(__ticks)
     e8a:	8d ad       	ldd	r24, Y+61	; 0x3d
     e8c:	9e ad       	ldd	r25, Y+62	; 0x3e
     e8e:	00 97       	sbiw	r24, 0x00	; 0
     e90:	69 f7       	brne	.-38     	; 0xe6c <Setting_Up_Password+0x2b0>
     e92:	16 c0       	rjmp	.+44     	; 0xec0 <Setting_Up_Password+0x304>
			__ticks --;
		}
		return;
	}
	else
		__ticks = (uint16_t)__tmp;
     e94:	fe 01       	movw	r30, r28
     e96:	ff 96       	adiw	r30, 0x3f	; 63
     e98:	60 81       	ld	r22, Z
     e9a:	71 81       	ldd	r23, Z+1	; 0x01
     e9c:	82 81       	ldd	r24, Z+2	; 0x02
     e9e:	93 81       	ldd	r25, Z+3	; 0x03
     ea0:	0e 94 49 00 	call	0x92	; 0x92 <__fixunssfsi>
     ea4:	dc 01       	movw	r26, r24
     ea6:	cb 01       	movw	r24, r22
     ea8:	9e af       	std	Y+62, r25	; 0x3e
     eaa:	8d af       	std	Y+61, r24	; 0x3d
     eac:	8d ad       	ldd	r24, Y+61	; 0x3d
     eae:	9e ad       	ldd	r25, Y+62	; 0x3e
     eb0:	9a af       	std	Y+58, r25	; 0x3a
     eb2:	89 af       	std	Y+57, r24	; 0x39
     eb4:	89 ad       	ldd	r24, Y+57	; 0x39
     eb6:	9a ad       	ldd	r25, Y+58	; 0x3a
     eb8:	01 97       	sbiw	r24, 0x01	; 1
     eba:	f1 f7       	brne	.-4      	; 0xeb8 <Setting_Up_Password+0x2fc>
     ebc:	9a af       	std	Y+58, r25	; 0x3a
     ebe:	89 af       	std	Y+57, r24	; 0x39
		_delay_ms(500); //  Needed delay for keypad pressing time
		LCD_displayStringRowColumn(1,i,"*"); // Display
     ec0:	fe 01       	movw	r30, r28
     ec2:	e6 5a       	subi	r30, 0xA6	; 166
     ec4:	ff 4f       	sbci	r31, 0xFF	; 255
     ec6:	90 81       	ld	r25, Z
     ec8:	2f e6       	ldi	r18, 0x6F	; 111
     eca:	30 e0       	ldi	r19, 0x00	; 0
     ecc:	81 e0       	ldi	r24, 0x01	; 1
     ece:	69 2f       	mov	r22, r25
     ed0:	a9 01       	movw	r20, r18
     ed2:	0e 94 94 18 	call	0x3128	; 0x3128 <LCD_displayStringRowColumn>
	/*
	 * First For loop Used to get the password from user for the first time
	  and store it temporary in array till the user press enter
	 */
	_delay_ms(1500);
	for (i=0 ; i<7; i++ ){
     ed6:	de 01       	movw	r26, r28
     ed8:	a6 5a       	subi	r26, 0xA6	; 166
     eda:	bf 4f       	sbci	r27, 0xFF	; 255
     edc:	fe 01       	movw	r30, r28
     ede:	e6 5a       	subi	r30, 0xA6	; 166
     ee0:	ff 4f       	sbci	r31, 0xFF	; 255
     ee2:	80 81       	ld	r24, Z
     ee4:	91 81       	ldd	r25, Z+1	; 0x01
     ee6:	01 96       	adiw	r24, 0x01	; 1
     ee8:	11 96       	adiw	r26, 0x01	; 1
     eea:	9c 93       	st	X, r25
     eec:	8e 93       	st	-X, r24
     eee:	fe 01       	movw	r30, r28
     ef0:	e6 5a       	subi	r30, 0xA6	; 166
     ef2:	ff 4f       	sbci	r31, 0xFF	; 255
     ef4:	80 81       	ld	r24, Z
     ef6:	91 81       	ldd	r25, Z+1	; 0x01
     ef8:	87 30       	cpi	r24, 0x07	; 7
     efa:	91 05       	cpc	r25, r1
     efc:	0c f4       	brge	.+2      	; 0xf00 <Setting_Up_Password+0x344>
     efe:	41 cf       	rjmp	.-382    	; 0xd82 <Setting_Up_Password+0x1c6>
     f00:	80 e0       	ldi	r24, 0x00	; 0
     f02:	90 e8       	ldi	r25, 0x80	; 128
     f04:	ab e3       	ldi	r26, 0x3B	; 59
     f06:	b5 e4       	ldi	r27, 0x45	; 69
     f08:	8d ab       	std	Y+53, r24	; 0x35
     f0a:	9e ab       	std	Y+54, r25	; 0x36
     f0c:	af ab       	std	Y+55, r26	; 0x37
     f0e:	b8 af       	std	Y+56, r27	; 0x38
 */
void
_delay_ms(double __ms)
{
	uint16_t __ticks;
	double __tmp = ((F_CPU) / 4e3) * __ms;
     f10:	6d a9       	ldd	r22, Y+53	; 0x35
     f12:	7e a9       	ldd	r23, Y+54	; 0x36
     f14:	8f a9       	ldd	r24, Y+55	; 0x37
     f16:	98 ad       	ldd	r25, Y+56	; 0x38
     f18:	20 e0       	ldi	r18, 0x00	; 0
     f1a:	30 e0       	ldi	r19, 0x00	; 0
     f1c:	4a ef       	ldi	r20, 0xFA	; 250
     f1e:	54 e4       	ldi	r21, 0x44	; 68
     f20:	0e 94 1f 02 	call	0x43e	; 0x43e <__mulsf3>
     f24:	dc 01       	movw	r26, r24
     f26:	cb 01       	movw	r24, r22
     f28:	89 ab       	std	Y+49, r24	; 0x31
     f2a:	9a ab       	std	Y+50, r25	; 0x32
     f2c:	ab ab       	std	Y+51, r26	; 0x33
     f2e:	bc ab       	std	Y+52, r27	; 0x34
	if (__tmp < 1.0)
     f30:	69 a9       	ldd	r22, Y+49	; 0x31
     f32:	7a a9       	ldd	r23, Y+50	; 0x32
     f34:	8b a9       	ldd	r24, Y+51	; 0x33
     f36:	9c a9       	ldd	r25, Y+52	; 0x34
     f38:	20 e0       	ldi	r18, 0x00	; 0
     f3a:	30 e0       	ldi	r19, 0x00	; 0
     f3c:	40 e8       	ldi	r20, 0x80	; 128
     f3e:	5f e3       	ldi	r21, 0x3F	; 63
     f40:	0e 94 79 03 	call	0x6f2	; 0x6f2 <__ltsf2>
     f44:	88 23       	and	r24, r24
     f46:	2c f4       	brge	.+10     	; 0xf52 <Setting_Up_Password+0x396>
		__ticks = 1;
     f48:	81 e0       	ldi	r24, 0x01	; 1
     f4a:	90 e0       	ldi	r25, 0x00	; 0
     f4c:	98 ab       	std	Y+48, r25	; 0x30
     f4e:	8f a7       	std	Y+47, r24	; 0x2f
     f50:	3f c0       	rjmp	.+126    	; 0xfd0 <Setting_Up_Password+0x414>
	else if (__tmp > 65535)
     f52:	69 a9       	ldd	r22, Y+49	; 0x31
     f54:	7a a9       	ldd	r23, Y+50	; 0x32
     f56:	8b a9       	ldd	r24, Y+51	; 0x33
     f58:	9c a9       	ldd	r25, Y+52	; 0x34
     f5a:	20 e0       	ldi	r18, 0x00	; 0
     f5c:	3f ef       	ldi	r19, 0xFF	; 255
     f5e:	4f e7       	ldi	r20, 0x7F	; 127
     f60:	57 e4       	ldi	r21, 0x47	; 71
     f62:	0e 94 19 03 	call	0x632	; 0x632 <__gtsf2>
     f66:	18 16       	cp	r1, r24
     f68:	4c f5       	brge	.+82     	; 0xfbc <Setting_Up_Password+0x400>
	{
		//	__ticks = requested delay in 1/10 ms
		__ticks = (uint16_t) (__ms * 10.0);
     f6a:	6d a9       	ldd	r22, Y+53	; 0x35
     f6c:	7e a9       	ldd	r23, Y+54	; 0x36
     f6e:	8f a9       	ldd	r24, Y+55	; 0x37
     f70:	98 ad       	ldd	r25, Y+56	; 0x38
     f72:	20 e0       	ldi	r18, 0x00	; 0
     f74:	30 e0       	ldi	r19, 0x00	; 0
     f76:	40 e2       	ldi	r20, 0x20	; 32
     f78:	51 e4       	ldi	r21, 0x41	; 65
     f7a:	0e 94 1f 02 	call	0x43e	; 0x43e <__mulsf3>
     f7e:	dc 01       	movw	r26, r24
     f80:	cb 01       	movw	r24, r22
     f82:	bc 01       	movw	r22, r24
     f84:	cd 01       	movw	r24, r26
     f86:	0e 94 49 00 	call	0x92	; 0x92 <__fixunssfsi>
     f8a:	dc 01       	movw	r26, r24
     f8c:	cb 01       	movw	r24, r22
     f8e:	98 ab       	std	Y+48, r25	; 0x30
     f90:	8f a7       	std	Y+47, r24	; 0x2f
     f92:	0f c0       	rjmp	.+30     	; 0xfb2 <Setting_Up_Password+0x3f6>
     f94:	88 ec       	ldi	r24, 0xC8	; 200
     f96:	90 e0       	ldi	r25, 0x00	; 0
     f98:	9e a7       	std	Y+46, r25	; 0x2e
     f9a:	8d a7       	std	Y+45, r24	; 0x2d
     f9c:	8d a5       	ldd	r24, Y+45	; 0x2d
     f9e:	9e a5       	ldd	r25, Y+46	; 0x2e
     fa0:	01 97       	sbiw	r24, 0x01	; 1
     fa2:	f1 f7       	brne	.-4      	; 0xfa0 <Setting_Up_Password+0x3e4>
     fa4:	9e a7       	std	Y+46, r25	; 0x2e
     fa6:	8d a7       	std	Y+45, r24	; 0x2d
		while(__ticks)
		{
			// wait 1/10 ms
			_delay_loop_2(((F_CPU) / 4e3) / 10);
			__ticks --;
     fa8:	8f a5       	ldd	r24, Y+47	; 0x2f
     faa:	98 a9       	ldd	r25, Y+48	; 0x30
     fac:	01 97       	sbiw	r24, 0x01	; 1
     fae:	98 ab       	std	Y+48, r25	; 0x30
     fb0:	8f a7       	std	Y+47, r24	; 0x2f
		__ticks = 1;
	else if (__tmp > 65535)
	{
		//	__ticks = requested delay in 1/10 ms
		__ticks = (uint16_t) (__ms * 10.0);
		while(__ticks)
     fb2:	8f a5       	ldd	r24, Y+47	; 0x2f
     fb4:	98 a9       	ldd	r25, Y+48	; 0x30
     fb6:	00 97       	sbiw	r24, 0x00	; 0
     fb8:	69 f7       	brne	.-38     	; 0xf94 <Setting_Up_Password+0x3d8>
     fba:	14 c0       	rjmp	.+40     	; 0xfe4 <Setting_Up_Password+0x428>
			__ticks --;
		}
		return;
	}
	else
		__ticks = (uint16_t)__tmp;
     fbc:	69 a9       	ldd	r22, Y+49	; 0x31
     fbe:	7a a9       	ldd	r23, Y+50	; 0x32
     fc0:	8b a9       	ldd	r24, Y+51	; 0x33
     fc2:	9c a9       	ldd	r25, Y+52	; 0x34
     fc4:	0e 94 49 00 	call	0x92	; 0x92 <__fixunssfsi>
     fc8:	dc 01       	movw	r26, r24
     fca:	cb 01       	movw	r24, r22
     fcc:	98 ab       	std	Y+48, r25	; 0x30
     fce:	8f a7       	std	Y+47, r24	; 0x2f
     fd0:	8f a5       	ldd	r24, Y+47	; 0x2f
     fd2:	98 a9       	ldd	r25, Y+48	; 0x30
     fd4:	9c a7       	std	Y+44, r25	; 0x2c
     fd6:	8b a7       	std	Y+43, r24	; 0x2b
     fd8:	8b a5       	ldd	r24, Y+43	; 0x2b
     fda:	9c a5       	ldd	r25, Y+44	; 0x2c
     fdc:	01 97       	sbiw	r24, 0x01	; 1
     fde:	f1 f7       	brne	.-4      	; 0xfdc <Setting_Up_Password+0x420>
     fe0:	9c a7       	std	Y+44, r25	; 0x2c
     fe2:	8b a7       	std	Y+43, r24	; 0x2b
		Str1[i] = m;
		_delay_ms(500); //  Needed delay for keypad pressing time
		LCD_displayStringRowColumn(1,i,"*"); // Display
	}
	_delay_ms(3000);
	LCD_clearScreen();// Clear Screen
     fe4:	0e 94 d0 18 	call	0x31a0	; 0x31a0 <LCD_clearScreen>
	LCD_displayStringRowColumn(0,0,"Plz ReEnter Pass");// Display
     fe8:	21 e7       	ldi	r18, 0x71	; 113
     fea:	30 e0       	ldi	r19, 0x00	; 0
     fec:	80 e0       	ldi	r24, 0x00	; 0
     fee:	60 e0       	ldi	r22, 0x00	; 0
     ff0:	a9 01       	movw	r20, r18
     ff2:	0e 94 94 18 	call	0x3128	; 0x3128 <LCD_displayStringRowColumn>
	/*
	 *Second For loop Used to get the password from user for the second time
		  and store it temporary in array till the user press enter
	 */
	for (j=0 ; j<7 ; j++ ){
     ff6:	fe 01       	movw	r30, r28
     ff8:	e8 5a       	subi	r30, 0xA8	; 168
     ffa:	ff 4f       	sbci	r31, 0xFF	; 255
     ffc:	11 82       	std	Z+1, r1	; 0x01
     ffe:	10 82       	st	Z, r1
    1000:	a3 c0       	rjmp	.+326    	; 0x1148 <Setting_Up_Password+0x58c>
		m = KEYPAD_getPressedKey();
    1002:	0e 94 26 13 	call	0x264c	; 0x264c <KEYPAD_getPressedKey>
    1006:	fe 01       	movw	r30, r28
    1008:	eb 5a       	subi	r30, 0xAB	; 171
    100a:	ff 4f       	sbci	r31, 0xFF	; 255
    100c:	80 83       	st	Z, r24
		if ( m == 13){
    100e:	fe 01       	movw	r30, r28
    1010:	eb 5a       	subi	r30, 0xAB	; 171
    1012:	ff 4f       	sbci	r31, 0xFF	; 255
    1014:	80 81       	ld	r24, Z
    1016:	8d 30       	cpi	r24, 0x0D	; 13
    1018:	09 f4       	brne	.+2      	; 0x101c <Setting_Up_Password+0x460>
    101a:	9f c0       	rjmp	.+318    	; 0x115a <Setting_Up_Password+0x59e>
			break ;
		}
		Str2[j] = m;
    101c:	fe 01       	movw	r30, r28
    101e:	e8 5a       	subi	r30, 0xA8	; 168
    1020:	ff 4f       	sbci	r31, 0xFF	; 255
    1022:	80 81       	ld	r24, Z
    1024:	91 81       	ldd	r25, Z+1	; 0x01
    1026:	dc 01       	movw	r26, r24
    1028:	ac 5d       	subi	r26, 0xDC	; 220
    102a:	be 4f       	sbci	r27, 0xFE	; 254
    102c:	fe 01       	movw	r30, r28
    102e:	eb 5a       	subi	r30, 0xAB	; 171
    1030:	ff 4f       	sbci	r31, 0xFF	; 255
    1032:	80 81       	ld	r24, Z
    1034:	8c 93       	st	X, r24
    1036:	80 e0       	ldi	r24, 0x00	; 0
    1038:	90 e0       	ldi	r25, 0x00	; 0
    103a:	aa ef       	ldi	r26, 0xFA	; 250
    103c:	b3 e4       	ldi	r27, 0x43	; 67
    103e:	8f a3       	std	Y+39, r24	; 0x27
    1040:	98 a7       	std	Y+40, r25	; 0x28
    1042:	a9 a7       	std	Y+41, r26	; 0x29
    1044:	ba a7       	std	Y+42, r27	; 0x2a
 */
void
_delay_ms(double __ms)
{
	uint16_t __ticks;
	double __tmp = ((F_CPU) / 4e3) * __ms;
    1046:	6f a1       	ldd	r22, Y+39	; 0x27
    1048:	78 a5       	ldd	r23, Y+40	; 0x28
    104a:	89 a5       	ldd	r24, Y+41	; 0x29
    104c:	9a a5       	ldd	r25, Y+42	; 0x2a
    104e:	20 e0       	ldi	r18, 0x00	; 0
    1050:	30 e0       	ldi	r19, 0x00	; 0
    1052:	4a ef       	ldi	r20, 0xFA	; 250
    1054:	54 e4       	ldi	r21, 0x44	; 68
    1056:	0e 94 1f 02 	call	0x43e	; 0x43e <__mulsf3>
    105a:	dc 01       	movw	r26, r24
    105c:	cb 01       	movw	r24, r22
    105e:	8b a3       	std	Y+35, r24	; 0x23
    1060:	9c a3       	std	Y+36, r25	; 0x24
    1062:	ad a3       	std	Y+37, r26	; 0x25
    1064:	be a3       	std	Y+38, r27	; 0x26
	if (__tmp < 1.0)
    1066:	6b a1       	ldd	r22, Y+35	; 0x23
    1068:	7c a1       	ldd	r23, Y+36	; 0x24
    106a:	8d a1       	ldd	r24, Y+37	; 0x25
    106c:	9e a1       	ldd	r25, Y+38	; 0x26
    106e:	20 e0       	ldi	r18, 0x00	; 0
    1070:	30 e0       	ldi	r19, 0x00	; 0
    1072:	40 e8       	ldi	r20, 0x80	; 128
    1074:	5f e3       	ldi	r21, 0x3F	; 63
    1076:	0e 94 79 03 	call	0x6f2	; 0x6f2 <__ltsf2>
    107a:	88 23       	and	r24, r24
    107c:	2c f4       	brge	.+10     	; 0x1088 <Setting_Up_Password+0x4cc>
		__ticks = 1;
    107e:	81 e0       	ldi	r24, 0x01	; 1
    1080:	90 e0       	ldi	r25, 0x00	; 0
    1082:	9a a3       	std	Y+34, r25	; 0x22
    1084:	89 a3       	std	Y+33, r24	; 0x21
    1086:	3f c0       	rjmp	.+126    	; 0x1106 <Setting_Up_Password+0x54a>
	else if (__tmp > 65535)
    1088:	6b a1       	ldd	r22, Y+35	; 0x23
    108a:	7c a1       	ldd	r23, Y+36	; 0x24
    108c:	8d a1       	ldd	r24, Y+37	; 0x25
    108e:	9e a1       	ldd	r25, Y+38	; 0x26
    1090:	20 e0       	ldi	r18, 0x00	; 0
    1092:	3f ef       	ldi	r19, 0xFF	; 255
    1094:	4f e7       	ldi	r20, 0x7F	; 127
    1096:	57 e4       	ldi	r21, 0x47	; 71
    1098:	0e 94 19 03 	call	0x632	; 0x632 <__gtsf2>
    109c:	18 16       	cp	r1, r24
    109e:	4c f5       	brge	.+82     	; 0x10f2 <Setting_Up_Password+0x536>
	{
		//	__ticks = requested delay in 1/10 ms
		__ticks = (uint16_t) (__ms * 10.0);
    10a0:	6f a1       	ldd	r22, Y+39	; 0x27
    10a2:	78 a5       	ldd	r23, Y+40	; 0x28
    10a4:	89 a5       	ldd	r24, Y+41	; 0x29
    10a6:	9a a5       	ldd	r25, Y+42	; 0x2a
    10a8:	20 e0       	ldi	r18, 0x00	; 0
    10aa:	30 e0       	ldi	r19, 0x00	; 0
    10ac:	40 e2       	ldi	r20, 0x20	; 32
    10ae:	51 e4       	ldi	r21, 0x41	; 65
    10b0:	0e 94 1f 02 	call	0x43e	; 0x43e <__mulsf3>
    10b4:	dc 01       	movw	r26, r24
    10b6:	cb 01       	movw	r24, r22
    10b8:	bc 01       	movw	r22, r24
    10ba:	cd 01       	movw	r24, r26
    10bc:	0e 94 49 00 	call	0x92	; 0x92 <__fixunssfsi>
    10c0:	dc 01       	movw	r26, r24
    10c2:	cb 01       	movw	r24, r22
    10c4:	9a a3       	std	Y+34, r25	; 0x22
    10c6:	89 a3       	std	Y+33, r24	; 0x21
    10c8:	0f c0       	rjmp	.+30     	; 0x10e8 <Setting_Up_Password+0x52c>
    10ca:	88 ec       	ldi	r24, 0xC8	; 200
    10cc:	90 e0       	ldi	r25, 0x00	; 0
    10ce:	98 a3       	std	Y+32, r25	; 0x20
    10d0:	8f 8f       	std	Y+31, r24	; 0x1f
    10d2:	8f 8d       	ldd	r24, Y+31	; 0x1f
    10d4:	98 a1       	ldd	r25, Y+32	; 0x20
    10d6:	01 97       	sbiw	r24, 0x01	; 1
    10d8:	f1 f7       	brne	.-4      	; 0x10d6 <Setting_Up_Password+0x51a>
    10da:	98 a3       	std	Y+32, r25	; 0x20
    10dc:	8f 8f       	std	Y+31, r24	; 0x1f
		while(__ticks)
		{
			// wait 1/10 ms
			_delay_loop_2(((F_CPU) / 4e3) / 10);
			__ticks --;
    10de:	89 a1       	ldd	r24, Y+33	; 0x21
    10e0:	9a a1       	ldd	r25, Y+34	; 0x22
    10e2:	01 97       	sbiw	r24, 0x01	; 1
    10e4:	9a a3       	std	Y+34, r25	; 0x22
    10e6:	89 a3       	std	Y+33, r24	; 0x21
		__ticks = 1;
	else if (__tmp > 65535)
	{
		//	__ticks = requested delay in 1/10 ms
		__ticks = (uint16_t) (__ms * 10.0);
		while(__ticks)
    10e8:	89 a1       	ldd	r24, Y+33	; 0x21
    10ea:	9a a1       	ldd	r25, Y+34	; 0x22
    10ec:	00 97       	sbiw	r24, 0x00	; 0
    10ee:	69 f7       	brne	.-38     	; 0x10ca <Setting_Up_Password+0x50e>
    10f0:	14 c0       	rjmp	.+40     	; 0x111a <Setting_Up_Password+0x55e>
			__ticks --;
		}
		return;
	}
	else
		__ticks = (uint16_t)__tmp;
    10f2:	6b a1       	ldd	r22, Y+35	; 0x23
    10f4:	7c a1       	ldd	r23, Y+36	; 0x24
    10f6:	8d a1       	ldd	r24, Y+37	; 0x25
    10f8:	9e a1       	ldd	r25, Y+38	; 0x26
    10fa:	0e 94 49 00 	call	0x92	; 0x92 <__fixunssfsi>
    10fe:	dc 01       	movw	r26, r24
    1100:	cb 01       	movw	r24, r22
    1102:	9a a3       	std	Y+34, r25	; 0x22
    1104:	89 a3       	std	Y+33, r24	; 0x21
    1106:	89 a1       	ldd	r24, Y+33	; 0x21
    1108:	9a a1       	ldd	r25, Y+34	; 0x22
    110a:	9e 8f       	std	Y+30, r25	; 0x1e
    110c:	8d 8f       	std	Y+29, r24	; 0x1d
    110e:	8d 8d       	ldd	r24, Y+29	; 0x1d
    1110:	9e 8d       	ldd	r25, Y+30	; 0x1e
    1112:	01 97       	sbiw	r24, 0x01	; 1
    1114:	f1 f7       	brne	.-4      	; 0x1112 <Setting_Up_Password+0x556>
    1116:	9e 8f       	std	Y+30, r25	; 0x1e
    1118:	8d 8f       	std	Y+29, r24	; 0x1d
		_delay_ms(500);//  Needed delay for keypad pressing time
		LCD_displayStringRowColumn(1,j,"*");// Display
    111a:	fe 01       	movw	r30, r28
    111c:	e8 5a       	subi	r30, 0xA8	; 168
    111e:	ff 4f       	sbci	r31, 0xFF	; 255
    1120:	90 81       	ld	r25, Z
    1122:	2f e6       	ldi	r18, 0x6F	; 111
    1124:	30 e0       	ldi	r19, 0x00	; 0
    1126:	81 e0       	ldi	r24, 0x01	; 1
    1128:	69 2f       	mov	r22, r25
    112a:	a9 01       	movw	r20, r18
    112c:	0e 94 94 18 	call	0x3128	; 0x3128 <LCD_displayStringRowColumn>
	LCD_displayStringRowColumn(0,0,"Plz ReEnter Pass");// Display
	/*
	 *Second For loop Used to get the password from user for the second time
		  and store it temporary in array till the user press enter
	 */
	for (j=0 ; j<7 ; j++ ){
    1130:	de 01       	movw	r26, r28
    1132:	a8 5a       	subi	r26, 0xA8	; 168
    1134:	bf 4f       	sbci	r27, 0xFF	; 255
    1136:	fe 01       	movw	r30, r28
    1138:	e8 5a       	subi	r30, 0xA8	; 168
    113a:	ff 4f       	sbci	r31, 0xFF	; 255
    113c:	80 81       	ld	r24, Z
    113e:	91 81       	ldd	r25, Z+1	; 0x01
    1140:	01 96       	adiw	r24, 0x01	; 1
    1142:	11 96       	adiw	r26, 0x01	; 1
    1144:	9c 93       	st	X, r25
    1146:	8e 93       	st	-X, r24
    1148:	fe 01       	movw	r30, r28
    114a:	e8 5a       	subi	r30, 0xA8	; 168
    114c:	ff 4f       	sbci	r31, 0xFF	; 255
    114e:	80 81       	ld	r24, Z
    1150:	91 81       	ldd	r25, Z+1	; 0x01
    1152:	87 30       	cpi	r24, 0x07	; 7
    1154:	91 05       	cpc	r25, r1
    1156:	0c f4       	brge	.+2      	; 0x115a <Setting_Up_Password+0x59e>
    1158:	54 cf       	rjmp	.-344    	; 0x1002 <Setting_Up_Password+0x446>
		}
		Str2[j] = m;
		_delay_ms(500);//  Needed delay for keypad pressing time
		LCD_displayStringRowColumn(1,j,"*");// Display
	}
	LCD_clearScreen();// Clear Screen
    115a:	0e 94 d0 18 	call	0x31a0	; 0x31a0 <LCD_clearScreen>
	/*
	 * For loop Used to compare two arrays "i.e Two passwords if match flag n =0 , if not rise flag n=1 "
	 */
	for (i=0 ; i<5; i++){
    115e:	fe 01       	movw	r30, r28
    1160:	e6 5a       	subi	r30, 0xA6	; 166
    1162:	ff 4f       	sbci	r31, 0xFF	; 255
    1164:	11 82       	std	Z+1, r1	; 0x01
    1166:	10 82       	st	Z, r1
    1168:	26 c0       	rjmp	.+76     	; 0x11b6 <Setting_Up_Password+0x5fa>
		if (Str1[i] != Str2[i] ){
    116a:	fe 01       	movw	r30, r28
    116c:	e6 5a       	subi	r30, 0xA6	; 166
    116e:	ff 4f       	sbci	r31, 0xFF	; 255
    1170:	80 81       	ld	r24, Z
    1172:	91 81       	ldd	r25, Z+1	; 0x01
    1174:	fc 01       	movw	r30, r24
    1176:	e1 5e       	subi	r30, 0xE1	; 225
    1178:	fe 4f       	sbci	r31, 0xFE	; 254
    117a:	20 81       	ld	r18, Z
    117c:	fe 01       	movw	r30, r28
    117e:	e6 5a       	subi	r30, 0xA6	; 166
    1180:	ff 4f       	sbci	r31, 0xFF	; 255
    1182:	80 81       	ld	r24, Z
    1184:	91 81       	ldd	r25, Z+1	; 0x01
    1186:	fc 01       	movw	r30, r24
    1188:	ec 5d       	subi	r30, 0xDC	; 220
    118a:	fe 4f       	sbci	r31, 0xFE	; 254
    118c:	80 81       	ld	r24, Z
    118e:	28 17       	cp	r18, r24
    1190:	21 f0       	breq	.+8      	; 0x119a <Setting_Up_Password+0x5de>
			n =1 ;
    1192:	81 e0       	ldi	r24, 0x01	; 1
    1194:	80 93 19 01 	sts	0x0119, r24
    1198:	16 c0       	rjmp	.+44     	; 0x11c6 <Setting_Up_Password+0x60a>
			break ;
		}else {
			n =  0 ;
    119a:	10 92 19 01 	sts	0x0119, r1
	}
	LCD_clearScreen();// Clear Screen
	/*
	 * For loop Used to compare two arrays "i.e Two passwords if match flag n =0 , if not rise flag n=1 "
	 */
	for (i=0 ; i<5; i++){
    119e:	de 01       	movw	r26, r28
    11a0:	a6 5a       	subi	r26, 0xA6	; 166
    11a2:	bf 4f       	sbci	r27, 0xFF	; 255
    11a4:	fe 01       	movw	r30, r28
    11a6:	e6 5a       	subi	r30, 0xA6	; 166
    11a8:	ff 4f       	sbci	r31, 0xFF	; 255
    11aa:	80 81       	ld	r24, Z
    11ac:	91 81       	ldd	r25, Z+1	; 0x01
    11ae:	01 96       	adiw	r24, 0x01	; 1
    11b0:	11 96       	adiw	r26, 0x01	; 1
    11b2:	9c 93       	st	X, r25
    11b4:	8e 93       	st	-X, r24
    11b6:	fe 01       	movw	r30, r28
    11b8:	e6 5a       	subi	r30, 0xA6	; 166
    11ba:	ff 4f       	sbci	r31, 0xFF	; 255
    11bc:	80 81       	ld	r24, Z
    11be:	91 81       	ldd	r25, Z+1	; 0x01
    11c0:	85 30       	cpi	r24, 0x05	; 5
    11c2:	91 05       	cpc	r25, r1
    11c4:	94 f2       	brlt	.-92     	; 0x116a <Setting_Up_Password+0x5ae>
		}
	}
	/*
	 * If match send this password to MC2 by UART protocol
	 */
	if (n==0){
    11c6:	80 91 19 01 	lds	r24, 0x0119
    11ca:	88 23       	and	r24, r24
    11cc:	09 f0       	breq	.+2      	; 0x11d0 <Setting_Up_Password+0x614>
    11ce:	10 c1       	rjmp	.+544    	; 0x13f0 <Setting_Up_Password+0x834>
		UART_sendByte(Set_Up_Pass); // Dumb #defined byte to till the other cpu to read the password and store it in EEPROM Memory
    11d0:	84 e6       	ldi	r24, 0x64	; 100
    11d2:	0e 94 75 1a 	call	0x34ea	; 0x34ea <UART_sendByte>
    11d6:	80 e0       	ldi	r24, 0x00	; 0
    11d8:	90 e0       	ldi	r25, 0x00	; 0
    11da:	a8 ec       	ldi	r26, 0xC8	; 200
    11dc:	b2 e4       	ldi	r27, 0x42	; 66
    11de:	89 8f       	std	Y+25, r24	; 0x19
    11e0:	9a 8f       	std	Y+26, r25	; 0x1a
    11e2:	ab 8f       	std	Y+27, r26	; 0x1b
    11e4:	bc 8f       	std	Y+28, r27	; 0x1c
 */
void
_delay_ms(double __ms)
{
	uint16_t __ticks;
	double __tmp = ((F_CPU) / 4e3) * __ms;
    11e6:	69 8d       	ldd	r22, Y+25	; 0x19
    11e8:	7a 8d       	ldd	r23, Y+26	; 0x1a
    11ea:	8b 8d       	ldd	r24, Y+27	; 0x1b
    11ec:	9c 8d       	ldd	r25, Y+28	; 0x1c
    11ee:	20 e0       	ldi	r18, 0x00	; 0
    11f0:	30 e0       	ldi	r19, 0x00	; 0
    11f2:	4a ef       	ldi	r20, 0xFA	; 250
    11f4:	54 e4       	ldi	r21, 0x44	; 68
    11f6:	0e 94 1f 02 	call	0x43e	; 0x43e <__mulsf3>
    11fa:	dc 01       	movw	r26, r24
    11fc:	cb 01       	movw	r24, r22
    11fe:	8d 8b       	std	Y+21, r24	; 0x15
    1200:	9e 8b       	std	Y+22, r25	; 0x16
    1202:	af 8b       	std	Y+23, r26	; 0x17
    1204:	b8 8f       	std	Y+24, r27	; 0x18
	if (__tmp < 1.0)
    1206:	6d 89       	ldd	r22, Y+21	; 0x15
    1208:	7e 89       	ldd	r23, Y+22	; 0x16
    120a:	8f 89       	ldd	r24, Y+23	; 0x17
    120c:	98 8d       	ldd	r25, Y+24	; 0x18
    120e:	20 e0       	ldi	r18, 0x00	; 0
    1210:	30 e0       	ldi	r19, 0x00	; 0
    1212:	40 e8       	ldi	r20, 0x80	; 128
    1214:	5f e3       	ldi	r21, 0x3F	; 63
    1216:	0e 94 79 03 	call	0x6f2	; 0x6f2 <__ltsf2>
    121a:	88 23       	and	r24, r24
    121c:	2c f4       	brge	.+10     	; 0x1228 <Setting_Up_Password+0x66c>
		__ticks = 1;
    121e:	81 e0       	ldi	r24, 0x01	; 1
    1220:	90 e0       	ldi	r25, 0x00	; 0
    1222:	9c 8b       	std	Y+20, r25	; 0x14
    1224:	8b 8b       	std	Y+19, r24	; 0x13
    1226:	3f c0       	rjmp	.+126    	; 0x12a6 <Setting_Up_Password+0x6ea>
	else if (__tmp > 65535)
    1228:	6d 89       	ldd	r22, Y+21	; 0x15
    122a:	7e 89       	ldd	r23, Y+22	; 0x16
    122c:	8f 89       	ldd	r24, Y+23	; 0x17
    122e:	98 8d       	ldd	r25, Y+24	; 0x18
    1230:	20 e0       	ldi	r18, 0x00	; 0
    1232:	3f ef       	ldi	r19, 0xFF	; 255
    1234:	4f e7       	ldi	r20, 0x7F	; 127
    1236:	57 e4       	ldi	r21, 0x47	; 71
    1238:	0e 94 19 03 	call	0x632	; 0x632 <__gtsf2>
    123c:	18 16       	cp	r1, r24
    123e:	4c f5       	brge	.+82     	; 0x1292 <Setting_Up_Password+0x6d6>
	{
		//	__ticks = requested delay in 1/10 ms
		__ticks = (uint16_t) (__ms * 10.0);
    1240:	69 8d       	ldd	r22, Y+25	; 0x19
    1242:	7a 8d       	ldd	r23, Y+26	; 0x1a
    1244:	8b 8d       	ldd	r24, Y+27	; 0x1b
    1246:	9c 8d       	ldd	r25, Y+28	; 0x1c
    1248:	20 e0       	ldi	r18, 0x00	; 0
    124a:	30 e0       	ldi	r19, 0x00	; 0
    124c:	40 e2       	ldi	r20, 0x20	; 32
    124e:	51 e4       	ldi	r21, 0x41	; 65
    1250:	0e 94 1f 02 	call	0x43e	; 0x43e <__mulsf3>
    1254:	dc 01       	movw	r26, r24
    1256:	cb 01       	movw	r24, r22
    1258:	bc 01       	movw	r22, r24
    125a:	cd 01       	movw	r24, r26
    125c:	0e 94 49 00 	call	0x92	; 0x92 <__fixunssfsi>
    1260:	dc 01       	movw	r26, r24
    1262:	cb 01       	movw	r24, r22
    1264:	9c 8b       	std	Y+20, r25	; 0x14
    1266:	8b 8b       	std	Y+19, r24	; 0x13
    1268:	0f c0       	rjmp	.+30     	; 0x1288 <Setting_Up_Password+0x6cc>
    126a:	88 ec       	ldi	r24, 0xC8	; 200
    126c:	90 e0       	ldi	r25, 0x00	; 0
    126e:	9a 8b       	std	Y+18, r25	; 0x12
    1270:	89 8b       	std	Y+17, r24	; 0x11
    1272:	89 89       	ldd	r24, Y+17	; 0x11
    1274:	9a 89       	ldd	r25, Y+18	; 0x12
    1276:	01 97       	sbiw	r24, 0x01	; 1
    1278:	f1 f7       	brne	.-4      	; 0x1276 <Setting_Up_Password+0x6ba>
    127a:	9a 8b       	std	Y+18, r25	; 0x12
    127c:	89 8b       	std	Y+17, r24	; 0x11
		while(__ticks)
		{
			// wait 1/10 ms
			_delay_loop_2(((F_CPU) / 4e3) / 10);
			__ticks --;
    127e:	8b 89       	ldd	r24, Y+19	; 0x13
    1280:	9c 89       	ldd	r25, Y+20	; 0x14
    1282:	01 97       	sbiw	r24, 0x01	; 1
    1284:	9c 8b       	std	Y+20, r25	; 0x14
    1286:	8b 8b       	std	Y+19, r24	; 0x13
		__ticks = 1;
	else if (__tmp > 65535)
	{
		//	__ticks = requested delay in 1/10 ms
		__ticks = (uint16_t) (__ms * 10.0);
		while(__ticks)
    1288:	8b 89       	ldd	r24, Y+19	; 0x13
    128a:	9c 89       	ldd	r25, Y+20	; 0x14
    128c:	00 97       	sbiw	r24, 0x00	; 0
    128e:	69 f7       	brne	.-38     	; 0x126a <Setting_Up_Password+0x6ae>
    1290:	14 c0       	rjmp	.+40     	; 0x12ba <Setting_Up_Password+0x6fe>
			__ticks --;
		}
		return;
	}
	else
		__ticks = (uint16_t)__tmp;
    1292:	6d 89       	ldd	r22, Y+21	; 0x15
    1294:	7e 89       	ldd	r23, Y+22	; 0x16
    1296:	8f 89       	ldd	r24, Y+23	; 0x17
    1298:	98 8d       	ldd	r25, Y+24	; 0x18
    129a:	0e 94 49 00 	call	0x92	; 0x92 <__fixunssfsi>
    129e:	dc 01       	movw	r26, r24
    12a0:	cb 01       	movw	r24, r22
    12a2:	9c 8b       	std	Y+20, r25	; 0x14
    12a4:	8b 8b       	std	Y+19, r24	; 0x13
    12a6:	8b 89       	ldd	r24, Y+19	; 0x13
    12a8:	9c 89       	ldd	r25, Y+20	; 0x14
    12aa:	98 8b       	std	Y+16, r25	; 0x10
    12ac:	8f 87       	std	Y+15, r24	; 0x0f
    12ae:	8f 85       	ldd	r24, Y+15	; 0x0f
    12b0:	98 89       	ldd	r25, Y+16	; 0x10
    12b2:	01 97       	sbiw	r24, 0x01	; 1
    12b4:	f1 f7       	brne	.-4      	; 0x12b2 <Setting_Up_Password+0x6f6>
    12b6:	98 8b       	std	Y+16, r25	; 0x10
    12b8:	8f 87       	std	Y+15, r24	; 0x0f
		_delay_ms(100); // Needed Delay for Uart
		for(z=0 ; z<5 ; z++){
    12ba:	fe 01       	movw	r30, r28
    12bc:	ea 5a       	subi	r30, 0xAA	; 170
    12be:	ff 4f       	sbci	r31, 0xFF	; 255
    12c0:	11 82       	std	Z+1, r1	; 0x01
    12c2:	10 82       	st	Z, r1
    12c4:	8b c0       	rjmp	.+278    	; 0x13dc <Setting_Up_Password+0x820>
			UART_sendByte(Str1[z]); // Send byte by byte
    12c6:	fe 01       	movw	r30, r28
    12c8:	ea 5a       	subi	r30, 0xAA	; 170
    12ca:	ff 4f       	sbci	r31, 0xFF	; 255
    12cc:	80 81       	ld	r24, Z
    12ce:	91 81       	ldd	r25, Z+1	; 0x01
    12d0:	fc 01       	movw	r30, r24
    12d2:	e1 5e       	subi	r30, 0xE1	; 225
    12d4:	fe 4f       	sbci	r31, 0xFE	; 254
    12d6:	80 81       	ld	r24, Z
    12d8:	0e 94 75 1a 	call	0x34ea	; 0x34ea <UART_sendByte>
    12dc:	80 e0       	ldi	r24, 0x00	; 0
    12de:	90 e0       	ldi	r25, 0x00	; 0
    12e0:	a0 e2       	ldi	r26, 0x20	; 32
    12e2:	b1 e4       	ldi	r27, 0x41	; 65
    12e4:	8b 87       	std	Y+11, r24	; 0x0b
    12e6:	9c 87       	std	Y+12, r25	; 0x0c
    12e8:	ad 87       	std	Y+13, r26	; 0x0d
    12ea:	be 87       	std	Y+14, r27	; 0x0e
 */
void
_delay_ms(double __ms)
{
	uint16_t __ticks;
	double __tmp = ((F_CPU) / 4e3) * __ms;
    12ec:	6b 85       	ldd	r22, Y+11	; 0x0b
    12ee:	7c 85       	ldd	r23, Y+12	; 0x0c
    12f0:	8d 85       	ldd	r24, Y+13	; 0x0d
    12f2:	9e 85       	ldd	r25, Y+14	; 0x0e
    12f4:	20 e0       	ldi	r18, 0x00	; 0
    12f6:	30 e0       	ldi	r19, 0x00	; 0
    12f8:	4a ef       	ldi	r20, 0xFA	; 250
    12fa:	54 e4       	ldi	r21, 0x44	; 68
    12fc:	0e 94 1f 02 	call	0x43e	; 0x43e <__mulsf3>
    1300:	dc 01       	movw	r26, r24
    1302:	cb 01       	movw	r24, r22
    1304:	8f 83       	std	Y+7, r24	; 0x07
    1306:	98 87       	std	Y+8, r25	; 0x08
    1308:	a9 87       	std	Y+9, r26	; 0x09
    130a:	ba 87       	std	Y+10, r27	; 0x0a
	if (__tmp < 1.0)
    130c:	6f 81       	ldd	r22, Y+7	; 0x07
    130e:	78 85       	ldd	r23, Y+8	; 0x08
    1310:	89 85       	ldd	r24, Y+9	; 0x09
    1312:	9a 85       	ldd	r25, Y+10	; 0x0a
    1314:	20 e0       	ldi	r18, 0x00	; 0
    1316:	30 e0       	ldi	r19, 0x00	; 0
    1318:	40 e8       	ldi	r20, 0x80	; 128
    131a:	5f e3       	ldi	r21, 0x3F	; 63
    131c:	0e 94 79 03 	call	0x6f2	; 0x6f2 <__ltsf2>
    1320:	88 23       	and	r24, r24
    1322:	2c f4       	brge	.+10     	; 0x132e <Setting_Up_Password+0x772>
		__ticks = 1;
    1324:	81 e0       	ldi	r24, 0x01	; 1
    1326:	90 e0       	ldi	r25, 0x00	; 0
    1328:	9e 83       	std	Y+6, r25	; 0x06
    132a:	8d 83       	std	Y+5, r24	; 0x05
    132c:	3f c0       	rjmp	.+126    	; 0x13ac <Setting_Up_Password+0x7f0>
	else if (__tmp > 65535)
    132e:	6f 81       	ldd	r22, Y+7	; 0x07
    1330:	78 85       	ldd	r23, Y+8	; 0x08
    1332:	89 85       	ldd	r24, Y+9	; 0x09
    1334:	9a 85       	ldd	r25, Y+10	; 0x0a
    1336:	20 e0       	ldi	r18, 0x00	; 0
    1338:	3f ef       	ldi	r19, 0xFF	; 255
    133a:	4f e7       	ldi	r20, 0x7F	; 127
    133c:	57 e4       	ldi	r21, 0x47	; 71
    133e:	0e 94 19 03 	call	0x632	; 0x632 <__gtsf2>
    1342:	18 16       	cp	r1, r24
    1344:	4c f5       	brge	.+82     	; 0x1398 <Setting_Up_Password+0x7dc>
	{
		//	__ticks = requested delay in 1/10 ms
		__ticks = (uint16_t) (__ms * 10.0);
    1346:	6b 85       	ldd	r22, Y+11	; 0x0b
    1348:	7c 85       	ldd	r23, Y+12	; 0x0c
    134a:	8d 85       	ldd	r24, Y+13	; 0x0d
    134c:	9e 85       	ldd	r25, Y+14	; 0x0e
    134e:	20 e0       	ldi	r18, 0x00	; 0
    1350:	30 e0       	ldi	r19, 0x00	; 0
    1352:	40 e2       	ldi	r20, 0x20	; 32
    1354:	51 e4       	ldi	r21, 0x41	; 65
    1356:	0e 94 1f 02 	call	0x43e	; 0x43e <__mulsf3>
    135a:	dc 01       	movw	r26, r24
    135c:	cb 01       	movw	r24, r22
    135e:	bc 01       	movw	r22, r24
    1360:	cd 01       	movw	r24, r26
    1362:	0e 94 49 00 	call	0x92	; 0x92 <__fixunssfsi>
    1366:	dc 01       	movw	r26, r24
    1368:	cb 01       	movw	r24, r22
    136a:	9e 83       	std	Y+6, r25	; 0x06
    136c:	8d 83       	std	Y+5, r24	; 0x05
    136e:	0f c0       	rjmp	.+30     	; 0x138e <Setting_Up_Password+0x7d2>
    1370:	88 ec       	ldi	r24, 0xC8	; 200
    1372:	90 e0       	ldi	r25, 0x00	; 0
    1374:	9c 83       	std	Y+4, r25	; 0x04
    1376:	8b 83       	std	Y+3, r24	; 0x03
    1378:	8b 81       	ldd	r24, Y+3	; 0x03
    137a:	9c 81       	ldd	r25, Y+4	; 0x04
    137c:	01 97       	sbiw	r24, 0x01	; 1
    137e:	f1 f7       	brne	.-4      	; 0x137c <Setting_Up_Password+0x7c0>
    1380:	9c 83       	std	Y+4, r25	; 0x04
    1382:	8b 83       	std	Y+3, r24	; 0x03
		while(__ticks)
		{
			// wait 1/10 ms
			_delay_loop_2(((F_CPU) / 4e3) / 10);
			__ticks --;
    1384:	8d 81       	ldd	r24, Y+5	; 0x05
    1386:	9e 81       	ldd	r25, Y+6	; 0x06
    1388:	01 97       	sbiw	r24, 0x01	; 1
    138a:	9e 83       	std	Y+6, r25	; 0x06
    138c:	8d 83       	std	Y+5, r24	; 0x05
		__ticks = 1;
	else if (__tmp > 65535)
	{
		//	__ticks = requested delay in 1/10 ms
		__ticks = (uint16_t) (__ms * 10.0);
		while(__ticks)
    138e:	8d 81       	ldd	r24, Y+5	; 0x05
    1390:	9e 81       	ldd	r25, Y+6	; 0x06
    1392:	00 97       	sbiw	r24, 0x00	; 0
    1394:	69 f7       	brne	.-38     	; 0x1370 <Setting_Up_Password+0x7b4>
    1396:	14 c0       	rjmp	.+40     	; 0x13c0 <Setting_Up_Password+0x804>
			__ticks --;
		}
		return;
	}
	else
		__ticks = (uint16_t)__tmp;
    1398:	6f 81       	ldd	r22, Y+7	; 0x07
    139a:	78 85       	ldd	r23, Y+8	; 0x08
    139c:	89 85       	ldd	r24, Y+9	; 0x09
    139e:	9a 85       	ldd	r25, Y+10	; 0x0a
    13a0:	0e 94 49 00 	call	0x92	; 0x92 <__fixunssfsi>
    13a4:	dc 01       	movw	r26, r24
    13a6:	cb 01       	movw	r24, r22
    13a8:	9e 83       	std	Y+6, r25	; 0x06
    13aa:	8d 83       	std	Y+5, r24	; 0x05
    13ac:	8d 81       	ldd	r24, Y+5	; 0x05
    13ae:	9e 81       	ldd	r25, Y+6	; 0x06
    13b0:	9a 83       	std	Y+2, r25	; 0x02
    13b2:	89 83       	std	Y+1, r24	; 0x01
    13b4:	89 81       	ldd	r24, Y+1	; 0x01
    13b6:	9a 81       	ldd	r25, Y+2	; 0x02
    13b8:	01 97       	sbiw	r24, 0x01	; 1
    13ba:	f1 f7       	brne	.-4      	; 0x13b8 <Setting_Up_Password+0x7fc>
    13bc:	9a 83       	std	Y+2, r25	; 0x02
    13be:	89 83       	std	Y+1, r24	; 0x01
			_delay_ms(10);
			Home();
    13c0:	0e 94 0a 0a 	call	0x1414	; 0x1414 <Home>
	 * If match send this password to MC2 by UART protocol
	 */
	if (n==0){
		UART_sendByte(Set_Up_Pass); // Dumb #defined byte to till the other cpu to read the password and store it in EEPROM Memory
		_delay_ms(100); // Needed Delay for Uart
		for(z=0 ; z<5 ; z++){
    13c4:	de 01       	movw	r26, r28
    13c6:	aa 5a       	subi	r26, 0xAA	; 170
    13c8:	bf 4f       	sbci	r27, 0xFF	; 255
    13ca:	fe 01       	movw	r30, r28
    13cc:	ea 5a       	subi	r30, 0xAA	; 170
    13ce:	ff 4f       	sbci	r31, 0xFF	; 255
    13d0:	80 81       	ld	r24, Z
    13d2:	91 81       	ldd	r25, Z+1	; 0x01
    13d4:	01 96       	adiw	r24, 0x01	; 1
    13d6:	11 96       	adiw	r26, 0x01	; 1
    13d8:	9c 93       	st	X, r25
    13da:	8e 93       	st	-X, r24
    13dc:	fe 01       	movw	r30, r28
    13de:	ea 5a       	subi	r30, 0xAA	; 170
    13e0:	ff 4f       	sbci	r31, 0xFF	; 255
    13e2:	80 81       	ld	r24, Z
    13e4:	91 81       	ldd	r25, Z+1	; 0x01
    13e6:	85 30       	cpi	r24, 0x05	; 5
    13e8:	91 05       	cpc	r25, r1
    13ea:	0c f4       	brge	.+2      	; 0x13ee <Setting_Up_Password+0x832>
    13ec:	6c cf       	rjmp	.-296    	; 0x12c6 <Setting_Up_Password+0x70a>
    13ee:	06 c0       	rjmp	.+12     	; 0x13fc <Setting_Up_Password+0x840>
			Home();
		}
		/*
		 * If mismatch Re ask the user for setting up again
		 */
	}else if (n ==1 ) {
    13f0:	80 91 19 01 	lds	r24, 0x0119
    13f4:	81 30       	cpi	r24, 0x01	; 1
    13f6:	11 f4       	brne	.+4      	; 0x13fc <Setting_Up_Password+0x840>
		Setting_Up_Password();  // Call set up password Function
    13f8:	0e 94 de 05 	call	0xbbc	; 0xbbc <Setting_Up_Password>
	}
}
    13fc:	c5 5a       	subi	r28, 0xA5	; 165
    13fe:	df 4f       	sbci	r29, 0xFF	; 255
    1400:	0f b6       	in	r0, 0x3f	; 63
    1402:	f8 94       	cli
    1404:	de bf       	out	0x3e, r29	; 62
    1406:	0f be       	out	0x3f, r0	; 63
    1408:	cd bf       	out	0x3d, r28	; 61
    140a:	cf 91       	pop	r28
    140c:	df 91       	pop	r29
    140e:	1f 91       	pop	r17
    1410:	0f 91       	pop	r16
    1412:	08 95       	ret

00001414 <Home>:
/*
 * Home Function used to display the options for the user
 */
void Home(void){
    1414:	df 93       	push	r29
    1416:	cf 93       	push	r28
    1418:	cd b7       	in	r28, 0x3d	; 61
    141a:	de b7       	in	r29, 0x3e	; 62
	LCD_clearScreen(); // Clear Screen
    141c:	0e 94 d0 18 	call	0x31a0	; 0x31a0 <LCD_clearScreen>
	LCD_displayStringRowColumn(0,0,"+ : Open Door"); // Display
    1420:	22 e8       	ldi	r18, 0x82	; 130
    1422:	30 e0       	ldi	r19, 0x00	; 0
    1424:	80 e0       	ldi	r24, 0x00	; 0
    1426:	60 e0       	ldi	r22, 0x00	; 0
    1428:	a9 01       	movw	r20, r18
    142a:	0e 94 94 18 	call	0x3128	; 0x3128 <LCD_displayStringRowColumn>
	LCD_displayStringRowColumn(1,0,"- : Change Pass"); // Display
    142e:	20 e9       	ldi	r18, 0x90	; 144
    1430:	30 e0       	ldi	r19, 0x00	; 0
    1432:	81 e0       	ldi	r24, 0x01	; 1
    1434:	60 e0       	ldi	r22, 0x00	; 0
    1436:	a9 01       	movw	r20, r18
    1438:	0e 94 94 18 	call	0x3128	; 0x3128 <LCD_displayStringRowColumn>
}
    143c:	cf 91       	pop	r28
    143e:	df 91       	pop	r29
    1440:	08 95       	ret

00001442 <Open_Door>:
 * Open_Door Function used to ask the user for his password and send it to MC2 to compare with the one stored in EEPROM
 iF MATCHES MC2 send configurable byte to MC1 to lcd display door open status
 If NOT MATCHES   MC2 send configurable byte to MC1 to ask the user for inserting again for maximum 3 times
 other wise An Error will be displayed
 */
void Open_Door(void){
    1442:	df 93       	push	r29
    1444:	cf 93       	push	r28
    1446:	cd b7       	in	r28, 0x3d	; 61
    1448:	de b7       	in	r29, 0x3e	; 62
    144a:	c3 55       	subi	r28, 0x53	; 83
    144c:	d0 40       	sbci	r29, 0x00	; 0
    144e:	0f b6       	in	r0, 0x3f	; 63
    1450:	f8 94       	cli
    1452:	de bf       	out	0x3e, r29	; 62
    1454:	0f be       	out	0x3f, r0	; 63
    1456:	cd bf       	out	0x3d, r28	; 61
	int i  , action  ; // Variables i for looping , action for storing #defined action according the MC2 decision
	uint8 m ; // variable stores the key pressed number
	LCD_clearScreen(); // Clear Screen
    1458:	0e 94 d0 18 	call	0x31a0	; 0x31a0 <LCD_clearScreen>
	LCD_displayStringRowColumn(0,0,"Please Enter Pass"); //  Display
    145c:	20 ea       	ldi	r18, 0xA0	; 160
    145e:	30 e0       	ldi	r19, 0x00	; 0
    1460:	80 e0       	ldi	r24, 0x00	; 0
    1462:	60 e0       	ldi	r22, 0x00	; 0
    1464:	a9 01       	movw	r20, r18
    1466:	0e 94 94 18 	call	0x3128	; 0x3128 <LCD_displayStringRowColumn>
    146a:	80 e0       	ldi	r24, 0x00	; 0
    146c:	90 e0       	ldi	r25, 0x00	; 0
    146e:	aa ef       	ldi	r26, 0xFA	; 250
    1470:	b4 e4       	ldi	r27, 0x44	; 68
    1472:	8d ab       	std	Y+53, r24	; 0x35
    1474:	9e ab       	std	Y+54, r25	; 0x36
    1476:	af ab       	std	Y+55, r26	; 0x37
    1478:	b8 af       	std	Y+56, r27	; 0x38
 */
void
_delay_ms(double __ms)
{
	uint16_t __ticks;
	double __tmp = ((F_CPU) / 4e3) * __ms;
    147a:	6d a9       	ldd	r22, Y+53	; 0x35
    147c:	7e a9       	ldd	r23, Y+54	; 0x36
    147e:	8f a9       	ldd	r24, Y+55	; 0x37
    1480:	98 ad       	ldd	r25, Y+56	; 0x38
    1482:	20 e0       	ldi	r18, 0x00	; 0
    1484:	30 e0       	ldi	r19, 0x00	; 0
    1486:	4a ef       	ldi	r20, 0xFA	; 250
    1488:	54 e4       	ldi	r21, 0x44	; 68
    148a:	0e 94 1f 02 	call	0x43e	; 0x43e <__mulsf3>
    148e:	dc 01       	movw	r26, r24
    1490:	cb 01       	movw	r24, r22
    1492:	89 ab       	std	Y+49, r24	; 0x31
    1494:	9a ab       	std	Y+50, r25	; 0x32
    1496:	ab ab       	std	Y+51, r26	; 0x33
    1498:	bc ab       	std	Y+52, r27	; 0x34
	if (__tmp < 1.0)
    149a:	69 a9       	ldd	r22, Y+49	; 0x31
    149c:	7a a9       	ldd	r23, Y+50	; 0x32
    149e:	8b a9       	ldd	r24, Y+51	; 0x33
    14a0:	9c a9       	ldd	r25, Y+52	; 0x34
    14a2:	20 e0       	ldi	r18, 0x00	; 0
    14a4:	30 e0       	ldi	r19, 0x00	; 0
    14a6:	40 e8       	ldi	r20, 0x80	; 128
    14a8:	5f e3       	ldi	r21, 0x3F	; 63
    14aa:	0e 94 79 03 	call	0x6f2	; 0x6f2 <__ltsf2>
    14ae:	88 23       	and	r24, r24
    14b0:	2c f4       	brge	.+10     	; 0x14bc <Open_Door+0x7a>
		__ticks = 1;
    14b2:	81 e0       	ldi	r24, 0x01	; 1
    14b4:	90 e0       	ldi	r25, 0x00	; 0
    14b6:	98 ab       	std	Y+48, r25	; 0x30
    14b8:	8f a7       	std	Y+47, r24	; 0x2f
    14ba:	3f c0       	rjmp	.+126    	; 0x153a <Open_Door+0xf8>
	else if (__tmp > 65535)
    14bc:	69 a9       	ldd	r22, Y+49	; 0x31
    14be:	7a a9       	ldd	r23, Y+50	; 0x32
    14c0:	8b a9       	ldd	r24, Y+51	; 0x33
    14c2:	9c a9       	ldd	r25, Y+52	; 0x34
    14c4:	20 e0       	ldi	r18, 0x00	; 0
    14c6:	3f ef       	ldi	r19, 0xFF	; 255
    14c8:	4f e7       	ldi	r20, 0x7F	; 127
    14ca:	57 e4       	ldi	r21, 0x47	; 71
    14cc:	0e 94 19 03 	call	0x632	; 0x632 <__gtsf2>
    14d0:	18 16       	cp	r1, r24
    14d2:	4c f5       	brge	.+82     	; 0x1526 <Open_Door+0xe4>
	{
		//	__ticks = requested delay in 1/10 ms
		__ticks = (uint16_t) (__ms * 10.0);
    14d4:	6d a9       	ldd	r22, Y+53	; 0x35
    14d6:	7e a9       	ldd	r23, Y+54	; 0x36
    14d8:	8f a9       	ldd	r24, Y+55	; 0x37
    14da:	98 ad       	ldd	r25, Y+56	; 0x38
    14dc:	20 e0       	ldi	r18, 0x00	; 0
    14de:	30 e0       	ldi	r19, 0x00	; 0
    14e0:	40 e2       	ldi	r20, 0x20	; 32
    14e2:	51 e4       	ldi	r21, 0x41	; 65
    14e4:	0e 94 1f 02 	call	0x43e	; 0x43e <__mulsf3>
    14e8:	dc 01       	movw	r26, r24
    14ea:	cb 01       	movw	r24, r22
    14ec:	bc 01       	movw	r22, r24
    14ee:	cd 01       	movw	r24, r26
    14f0:	0e 94 49 00 	call	0x92	; 0x92 <__fixunssfsi>
    14f4:	dc 01       	movw	r26, r24
    14f6:	cb 01       	movw	r24, r22
    14f8:	98 ab       	std	Y+48, r25	; 0x30
    14fa:	8f a7       	std	Y+47, r24	; 0x2f
    14fc:	0f c0       	rjmp	.+30     	; 0x151c <Open_Door+0xda>
    14fe:	88 ec       	ldi	r24, 0xC8	; 200
    1500:	90 e0       	ldi	r25, 0x00	; 0
    1502:	9e a7       	std	Y+46, r25	; 0x2e
    1504:	8d a7       	std	Y+45, r24	; 0x2d
    1506:	8d a5       	ldd	r24, Y+45	; 0x2d
    1508:	9e a5       	ldd	r25, Y+46	; 0x2e
    150a:	01 97       	sbiw	r24, 0x01	; 1
    150c:	f1 f7       	brne	.-4      	; 0x150a <Open_Door+0xc8>
    150e:	9e a7       	std	Y+46, r25	; 0x2e
    1510:	8d a7       	std	Y+45, r24	; 0x2d
		while(__ticks)
		{
			// wait 1/10 ms
			_delay_loop_2(((F_CPU) / 4e3) / 10);
			__ticks --;
    1512:	8f a5       	ldd	r24, Y+47	; 0x2f
    1514:	98 a9       	ldd	r25, Y+48	; 0x30
    1516:	01 97       	sbiw	r24, 0x01	; 1
    1518:	98 ab       	std	Y+48, r25	; 0x30
    151a:	8f a7       	std	Y+47, r24	; 0x2f
		__ticks = 1;
	else if (__tmp > 65535)
	{
		//	__ticks = requested delay in 1/10 ms
		__ticks = (uint16_t) (__ms * 10.0);
		while(__ticks)
    151c:	8f a5       	ldd	r24, Y+47	; 0x2f
    151e:	98 a9       	ldd	r25, Y+48	; 0x30
    1520:	00 97       	sbiw	r24, 0x00	; 0
    1522:	69 f7       	brne	.-38     	; 0x14fe <Open_Door+0xbc>
    1524:	14 c0       	rjmp	.+40     	; 0x154e <Open_Door+0x10c>
			__ticks --;
		}
		return;
	}
	else
		__ticks = (uint16_t)__tmp;
    1526:	69 a9       	ldd	r22, Y+49	; 0x31
    1528:	7a a9       	ldd	r23, Y+50	; 0x32
    152a:	8b a9       	ldd	r24, Y+51	; 0x33
    152c:	9c a9       	ldd	r25, Y+52	; 0x34
    152e:	0e 94 49 00 	call	0x92	; 0x92 <__fixunssfsi>
    1532:	dc 01       	movw	r26, r24
    1534:	cb 01       	movw	r24, r22
    1536:	98 ab       	std	Y+48, r25	; 0x30
    1538:	8f a7       	std	Y+47, r24	; 0x2f
    153a:	8f a5       	ldd	r24, Y+47	; 0x2f
    153c:	98 a9       	ldd	r25, Y+48	; 0x30
    153e:	9c a7       	std	Y+44, r25	; 0x2c
    1540:	8b a7       	std	Y+43, r24	; 0x2b
    1542:	8b a5       	ldd	r24, Y+43	; 0x2b
    1544:	9c a5       	ldd	r25, Y+44	; 0x2c
    1546:	01 97       	sbiw	r24, 0x01	; 1
    1548:	f1 f7       	brne	.-4      	; 0x1546 <Open_Door+0x104>
    154a:	9c a7       	std	Y+44, r25	; 0x2c
    154c:	8b a7       	std	Y+43, r24	; 0x2b
	_delay_ms(2000);
	/*
	 * Getting the password from user
	 */
	for (i =0 ; i<7 ; i++){
    154e:	1d ae       	std	Y+61, r1	; 0x3d
    1550:	1c ae       	std	Y+60, r1	; 0x3c
    1552:	8d c0       	rjmp	.+282    	; 0x166e <Open_Door+0x22c>
		m = KEYPAD_getPressedKey();
    1554:	0e 94 26 13 	call	0x264c	; 0x264c <KEYPAD_getPressedKey>
    1558:	89 af       	std	Y+57, r24	; 0x39
		if (m == 13){
    155a:	89 ad       	ldd	r24, Y+57	; 0x39
    155c:	8d 30       	cpi	r24, 0x0D	; 13
    155e:	09 f4       	brne	.+2      	; 0x1562 <Open_Door+0x120>
    1560:	8c c0       	rjmp	.+280    	; 0x167a <Open_Door+0x238>
			break ;
		}
		Str3[i] = m;
    1562:	8c ad       	ldd	r24, Y+60	; 0x3c
    1564:	9d ad       	ldd	r25, Y+61	; 0x3d
    1566:	fc 01       	movw	r30, r24
    1568:	ec 5e       	subi	r30, 0xEC	; 236
    156a:	fe 4f       	sbci	r31, 0xFE	; 254
    156c:	89 ad       	ldd	r24, Y+57	; 0x39
    156e:	80 83       	st	Z, r24
    1570:	80 e0       	ldi	r24, 0x00	; 0
    1572:	90 e0       	ldi	r25, 0x00	; 0
    1574:	aa ef       	ldi	r26, 0xFA	; 250
    1576:	b3 e4       	ldi	r27, 0x43	; 67
    1578:	8f a3       	std	Y+39, r24	; 0x27
    157a:	98 a7       	std	Y+40, r25	; 0x28
    157c:	a9 a7       	std	Y+41, r26	; 0x29
    157e:	ba a7       	std	Y+42, r27	; 0x2a
 */
void
_delay_ms(double __ms)
{
	uint16_t __ticks;
	double __tmp = ((F_CPU) / 4e3) * __ms;
    1580:	6f a1       	ldd	r22, Y+39	; 0x27
    1582:	78 a5       	ldd	r23, Y+40	; 0x28
    1584:	89 a5       	ldd	r24, Y+41	; 0x29
    1586:	9a a5       	ldd	r25, Y+42	; 0x2a
    1588:	20 e0       	ldi	r18, 0x00	; 0
    158a:	30 e0       	ldi	r19, 0x00	; 0
    158c:	4a ef       	ldi	r20, 0xFA	; 250
    158e:	54 e4       	ldi	r21, 0x44	; 68
    1590:	0e 94 1f 02 	call	0x43e	; 0x43e <__mulsf3>
    1594:	dc 01       	movw	r26, r24
    1596:	cb 01       	movw	r24, r22
    1598:	8b a3       	std	Y+35, r24	; 0x23
    159a:	9c a3       	std	Y+36, r25	; 0x24
    159c:	ad a3       	std	Y+37, r26	; 0x25
    159e:	be a3       	std	Y+38, r27	; 0x26
	if (__tmp < 1.0)
    15a0:	6b a1       	ldd	r22, Y+35	; 0x23
    15a2:	7c a1       	ldd	r23, Y+36	; 0x24
    15a4:	8d a1       	ldd	r24, Y+37	; 0x25
    15a6:	9e a1       	ldd	r25, Y+38	; 0x26
    15a8:	20 e0       	ldi	r18, 0x00	; 0
    15aa:	30 e0       	ldi	r19, 0x00	; 0
    15ac:	40 e8       	ldi	r20, 0x80	; 128
    15ae:	5f e3       	ldi	r21, 0x3F	; 63
    15b0:	0e 94 79 03 	call	0x6f2	; 0x6f2 <__ltsf2>
    15b4:	88 23       	and	r24, r24
    15b6:	2c f4       	brge	.+10     	; 0x15c2 <Open_Door+0x180>
		__ticks = 1;
    15b8:	81 e0       	ldi	r24, 0x01	; 1
    15ba:	90 e0       	ldi	r25, 0x00	; 0
    15bc:	9a a3       	std	Y+34, r25	; 0x22
    15be:	89 a3       	std	Y+33, r24	; 0x21
    15c0:	3f c0       	rjmp	.+126    	; 0x1640 <Open_Door+0x1fe>
	else if (__tmp > 65535)
    15c2:	6b a1       	ldd	r22, Y+35	; 0x23
    15c4:	7c a1       	ldd	r23, Y+36	; 0x24
    15c6:	8d a1       	ldd	r24, Y+37	; 0x25
    15c8:	9e a1       	ldd	r25, Y+38	; 0x26
    15ca:	20 e0       	ldi	r18, 0x00	; 0
    15cc:	3f ef       	ldi	r19, 0xFF	; 255
    15ce:	4f e7       	ldi	r20, 0x7F	; 127
    15d0:	57 e4       	ldi	r21, 0x47	; 71
    15d2:	0e 94 19 03 	call	0x632	; 0x632 <__gtsf2>
    15d6:	18 16       	cp	r1, r24
    15d8:	4c f5       	brge	.+82     	; 0x162c <Open_Door+0x1ea>
	{
		//	__ticks = requested delay in 1/10 ms
		__ticks = (uint16_t) (__ms * 10.0);
    15da:	6f a1       	ldd	r22, Y+39	; 0x27
    15dc:	78 a5       	ldd	r23, Y+40	; 0x28
    15de:	89 a5       	ldd	r24, Y+41	; 0x29
    15e0:	9a a5       	ldd	r25, Y+42	; 0x2a
    15e2:	20 e0       	ldi	r18, 0x00	; 0
    15e4:	30 e0       	ldi	r19, 0x00	; 0
    15e6:	40 e2       	ldi	r20, 0x20	; 32
    15e8:	51 e4       	ldi	r21, 0x41	; 65
    15ea:	0e 94 1f 02 	call	0x43e	; 0x43e <__mulsf3>
    15ee:	dc 01       	movw	r26, r24
    15f0:	cb 01       	movw	r24, r22
    15f2:	bc 01       	movw	r22, r24
    15f4:	cd 01       	movw	r24, r26
    15f6:	0e 94 49 00 	call	0x92	; 0x92 <__fixunssfsi>
    15fa:	dc 01       	movw	r26, r24
    15fc:	cb 01       	movw	r24, r22
    15fe:	9a a3       	std	Y+34, r25	; 0x22
    1600:	89 a3       	std	Y+33, r24	; 0x21
    1602:	0f c0       	rjmp	.+30     	; 0x1622 <Open_Door+0x1e0>
    1604:	88 ec       	ldi	r24, 0xC8	; 200
    1606:	90 e0       	ldi	r25, 0x00	; 0
    1608:	98 a3       	std	Y+32, r25	; 0x20
    160a:	8f 8f       	std	Y+31, r24	; 0x1f
    160c:	8f 8d       	ldd	r24, Y+31	; 0x1f
    160e:	98 a1       	ldd	r25, Y+32	; 0x20
    1610:	01 97       	sbiw	r24, 0x01	; 1
    1612:	f1 f7       	brne	.-4      	; 0x1610 <Open_Door+0x1ce>
    1614:	98 a3       	std	Y+32, r25	; 0x20
    1616:	8f 8f       	std	Y+31, r24	; 0x1f
		while(__ticks)
		{
			// wait 1/10 ms
			_delay_loop_2(((F_CPU) / 4e3) / 10);
			__ticks --;
    1618:	89 a1       	ldd	r24, Y+33	; 0x21
    161a:	9a a1       	ldd	r25, Y+34	; 0x22
    161c:	01 97       	sbiw	r24, 0x01	; 1
    161e:	9a a3       	std	Y+34, r25	; 0x22
    1620:	89 a3       	std	Y+33, r24	; 0x21
		__ticks = 1;
	else if (__tmp > 65535)
	{
		//	__ticks = requested delay in 1/10 ms
		__ticks = (uint16_t) (__ms * 10.0);
		while(__ticks)
    1622:	89 a1       	ldd	r24, Y+33	; 0x21
    1624:	9a a1       	ldd	r25, Y+34	; 0x22
    1626:	00 97       	sbiw	r24, 0x00	; 0
    1628:	69 f7       	brne	.-38     	; 0x1604 <Open_Door+0x1c2>
    162a:	14 c0       	rjmp	.+40     	; 0x1654 <Open_Door+0x212>
			__ticks --;
		}
		return;
	}
	else
		__ticks = (uint16_t)__tmp;
    162c:	6b a1       	ldd	r22, Y+35	; 0x23
    162e:	7c a1       	ldd	r23, Y+36	; 0x24
    1630:	8d a1       	ldd	r24, Y+37	; 0x25
    1632:	9e a1       	ldd	r25, Y+38	; 0x26
    1634:	0e 94 49 00 	call	0x92	; 0x92 <__fixunssfsi>
    1638:	dc 01       	movw	r26, r24
    163a:	cb 01       	movw	r24, r22
    163c:	9a a3       	std	Y+34, r25	; 0x22
    163e:	89 a3       	std	Y+33, r24	; 0x21
    1640:	89 a1       	ldd	r24, Y+33	; 0x21
    1642:	9a a1       	ldd	r25, Y+34	; 0x22
    1644:	9e 8f       	std	Y+30, r25	; 0x1e
    1646:	8d 8f       	std	Y+29, r24	; 0x1d
    1648:	8d 8d       	ldd	r24, Y+29	; 0x1d
    164a:	9e 8d       	ldd	r25, Y+30	; 0x1e
    164c:	01 97       	sbiw	r24, 0x01	; 1
    164e:	f1 f7       	brne	.-4      	; 0x164c <Open_Door+0x20a>
    1650:	9e 8f       	std	Y+30, r25	; 0x1e
    1652:	8d 8f       	std	Y+29, r24	; 0x1d
		_delay_ms(500);
		LCD_displayStringRowColumn(1,i,"*");
    1654:	9c ad       	ldd	r25, Y+60	; 0x3c
    1656:	2f e6       	ldi	r18, 0x6F	; 111
    1658:	30 e0       	ldi	r19, 0x00	; 0
    165a:	81 e0       	ldi	r24, 0x01	; 1
    165c:	69 2f       	mov	r22, r25
    165e:	a9 01       	movw	r20, r18
    1660:	0e 94 94 18 	call	0x3128	; 0x3128 <LCD_displayStringRowColumn>
	LCD_displayStringRowColumn(0,0,"Please Enter Pass"); //  Display
	_delay_ms(2000);
	/*
	 * Getting the password from user
	 */
	for (i =0 ; i<7 ; i++){
    1664:	8c ad       	ldd	r24, Y+60	; 0x3c
    1666:	9d ad       	ldd	r25, Y+61	; 0x3d
    1668:	01 96       	adiw	r24, 0x01	; 1
    166a:	9d af       	std	Y+61, r25	; 0x3d
    166c:	8c af       	std	Y+60, r24	; 0x3c
    166e:	8c ad       	ldd	r24, Y+60	; 0x3c
    1670:	9d ad       	ldd	r25, Y+61	; 0x3d
    1672:	87 30       	cpi	r24, 0x07	; 7
    1674:	91 05       	cpc	r25, r1
    1676:	0c f4       	brge	.+2      	; 0x167a <Open_Door+0x238>
    1678:	6d cf       	rjmp	.-294    	; 0x1554 <Open_Door+0x112>
		}
		Str3[i] = m;
		_delay_ms(500);
		LCD_displayStringRowColumn(1,i,"*");
	}
	UART_sendByte(Door_state); // Send a configurable byte that tills MC2 to compare this password to the one stored there about (opening door senario)
    167a:	8f e6       	ldi	r24, 0x6F	; 111
    167c:	0e 94 75 1a 	call	0x34ea	; 0x34ea <UART_sendByte>
    1680:	80 e0       	ldi	r24, 0x00	; 0
    1682:	90 e0       	ldi	r25, 0x00	; 0
    1684:	a8 ec       	ldi	r26, 0xC8	; 200
    1686:	b2 e4       	ldi	r27, 0x42	; 66
    1688:	89 8f       	std	Y+25, r24	; 0x19
    168a:	9a 8f       	std	Y+26, r25	; 0x1a
    168c:	ab 8f       	std	Y+27, r26	; 0x1b
    168e:	bc 8f       	std	Y+28, r27	; 0x1c
 */
void
_delay_ms(double __ms)
{
	uint16_t __ticks;
	double __tmp = ((F_CPU) / 4e3) * __ms;
    1690:	69 8d       	ldd	r22, Y+25	; 0x19
    1692:	7a 8d       	ldd	r23, Y+26	; 0x1a
    1694:	8b 8d       	ldd	r24, Y+27	; 0x1b
    1696:	9c 8d       	ldd	r25, Y+28	; 0x1c
    1698:	20 e0       	ldi	r18, 0x00	; 0
    169a:	30 e0       	ldi	r19, 0x00	; 0
    169c:	4a ef       	ldi	r20, 0xFA	; 250
    169e:	54 e4       	ldi	r21, 0x44	; 68
    16a0:	0e 94 1f 02 	call	0x43e	; 0x43e <__mulsf3>
    16a4:	dc 01       	movw	r26, r24
    16a6:	cb 01       	movw	r24, r22
    16a8:	8d 8b       	std	Y+21, r24	; 0x15
    16aa:	9e 8b       	std	Y+22, r25	; 0x16
    16ac:	af 8b       	std	Y+23, r26	; 0x17
    16ae:	b8 8f       	std	Y+24, r27	; 0x18
	if (__tmp < 1.0)
    16b0:	6d 89       	ldd	r22, Y+21	; 0x15
    16b2:	7e 89       	ldd	r23, Y+22	; 0x16
    16b4:	8f 89       	ldd	r24, Y+23	; 0x17
    16b6:	98 8d       	ldd	r25, Y+24	; 0x18
    16b8:	20 e0       	ldi	r18, 0x00	; 0
    16ba:	30 e0       	ldi	r19, 0x00	; 0
    16bc:	40 e8       	ldi	r20, 0x80	; 128
    16be:	5f e3       	ldi	r21, 0x3F	; 63
    16c0:	0e 94 79 03 	call	0x6f2	; 0x6f2 <__ltsf2>
    16c4:	88 23       	and	r24, r24
    16c6:	2c f4       	brge	.+10     	; 0x16d2 <Open_Door+0x290>
		__ticks = 1;
    16c8:	81 e0       	ldi	r24, 0x01	; 1
    16ca:	90 e0       	ldi	r25, 0x00	; 0
    16cc:	9c 8b       	std	Y+20, r25	; 0x14
    16ce:	8b 8b       	std	Y+19, r24	; 0x13
    16d0:	3f c0       	rjmp	.+126    	; 0x1750 <Open_Door+0x30e>
	else if (__tmp > 65535)
    16d2:	6d 89       	ldd	r22, Y+21	; 0x15
    16d4:	7e 89       	ldd	r23, Y+22	; 0x16
    16d6:	8f 89       	ldd	r24, Y+23	; 0x17
    16d8:	98 8d       	ldd	r25, Y+24	; 0x18
    16da:	20 e0       	ldi	r18, 0x00	; 0
    16dc:	3f ef       	ldi	r19, 0xFF	; 255
    16de:	4f e7       	ldi	r20, 0x7F	; 127
    16e0:	57 e4       	ldi	r21, 0x47	; 71
    16e2:	0e 94 19 03 	call	0x632	; 0x632 <__gtsf2>
    16e6:	18 16       	cp	r1, r24
    16e8:	4c f5       	brge	.+82     	; 0x173c <Open_Door+0x2fa>
	{
		//	__ticks = requested delay in 1/10 ms
		__ticks = (uint16_t) (__ms * 10.0);
    16ea:	69 8d       	ldd	r22, Y+25	; 0x19
    16ec:	7a 8d       	ldd	r23, Y+26	; 0x1a
    16ee:	8b 8d       	ldd	r24, Y+27	; 0x1b
    16f0:	9c 8d       	ldd	r25, Y+28	; 0x1c
    16f2:	20 e0       	ldi	r18, 0x00	; 0
    16f4:	30 e0       	ldi	r19, 0x00	; 0
    16f6:	40 e2       	ldi	r20, 0x20	; 32
    16f8:	51 e4       	ldi	r21, 0x41	; 65
    16fa:	0e 94 1f 02 	call	0x43e	; 0x43e <__mulsf3>
    16fe:	dc 01       	movw	r26, r24
    1700:	cb 01       	movw	r24, r22
    1702:	bc 01       	movw	r22, r24
    1704:	cd 01       	movw	r24, r26
    1706:	0e 94 49 00 	call	0x92	; 0x92 <__fixunssfsi>
    170a:	dc 01       	movw	r26, r24
    170c:	cb 01       	movw	r24, r22
    170e:	9c 8b       	std	Y+20, r25	; 0x14
    1710:	8b 8b       	std	Y+19, r24	; 0x13
    1712:	0f c0       	rjmp	.+30     	; 0x1732 <Open_Door+0x2f0>
    1714:	88 ec       	ldi	r24, 0xC8	; 200
    1716:	90 e0       	ldi	r25, 0x00	; 0
    1718:	9a 8b       	std	Y+18, r25	; 0x12
    171a:	89 8b       	std	Y+17, r24	; 0x11
    171c:	89 89       	ldd	r24, Y+17	; 0x11
    171e:	9a 89       	ldd	r25, Y+18	; 0x12
    1720:	01 97       	sbiw	r24, 0x01	; 1
    1722:	f1 f7       	brne	.-4      	; 0x1720 <Open_Door+0x2de>
    1724:	9a 8b       	std	Y+18, r25	; 0x12
    1726:	89 8b       	std	Y+17, r24	; 0x11
		while(__ticks)
		{
			// wait 1/10 ms
			_delay_loop_2(((F_CPU) / 4e3) / 10);
			__ticks --;
    1728:	8b 89       	ldd	r24, Y+19	; 0x13
    172a:	9c 89       	ldd	r25, Y+20	; 0x14
    172c:	01 97       	sbiw	r24, 0x01	; 1
    172e:	9c 8b       	std	Y+20, r25	; 0x14
    1730:	8b 8b       	std	Y+19, r24	; 0x13
		__ticks = 1;
	else if (__tmp > 65535)
	{
		//	__ticks = requested delay in 1/10 ms
		__ticks = (uint16_t) (__ms * 10.0);
		while(__ticks)
    1732:	8b 89       	ldd	r24, Y+19	; 0x13
    1734:	9c 89       	ldd	r25, Y+20	; 0x14
    1736:	00 97       	sbiw	r24, 0x00	; 0
    1738:	69 f7       	brne	.-38     	; 0x1714 <Open_Door+0x2d2>
    173a:	14 c0       	rjmp	.+40     	; 0x1764 <Open_Door+0x322>
			__ticks --;
		}
		return;
	}
	else
		__ticks = (uint16_t)__tmp;
    173c:	6d 89       	ldd	r22, Y+21	; 0x15
    173e:	7e 89       	ldd	r23, Y+22	; 0x16
    1740:	8f 89       	ldd	r24, Y+23	; 0x17
    1742:	98 8d       	ldd	r25, Y+24	; 0x18
    1744:	0e 94 49 00 	call	0x92	; 0x92 <__fixunssfsi>
    1748:	dc 01       	movw	r26, r24
    174a:	cb 01       	movw	r24, r22
    174c:	9c 8b       	std	Y+20, r25	; 0x14
    174e:	8b 8b       	std	Y+19, r24	; 0x13
    1750:	8b 89       	ldd	r24, Y+19	; 0x13
    1752:	9c 89       	ldd	r25, Y+20	; 0x14
    1754:	98 8b       	std	Y+16, r25	; 0x10
    1756:	8f 87       	std	Y+15, r24	; 0x0f
    1758:	8f 85       	ldd	r24, Y+15	; 0x0f
    175a:	98 89       	ldd	r25, Y+16	; 0x10
    175c:	01 97       	sbiw	r24, 0x01	; 1
    175e:	f1 f7       	brne	.-4      	; 0x175c <Open_Door+0x31a>
    1760:	98 8b       	std	Y+16, r25	; 0x10
    1762:	8f 87       	std	Y+15, r24	; 0x0f
	_delay_ms(100);
	for(i = 0 ; i < 5 ; i ++){
    1764:	1d ae       	std	Y+61, r1	; 0x3d
    1766:	1c ae       	std	Y+60, r1	; 0x3c
    1768:	7f c0       	rjmp	.+254    	; 0x1868 <Open_Door+0x426>
		UART_sendByte(Str3[i]); // Send byte by byte
    176a:	8c ad       	ldd	r24, Y+60	; 0x3c
    176c:	9d ad       	ldd	r25, Y+61	; 0x3d
    176e:	fc 01       	movw	r30, r24
    1770:	ec 5e       	subi	r30, 0xEC	; 236
    1772:	fe 4f       	sbci	r31, 0xFE	; 254
    1774:	80 81       	ld	r24, Z
    1776:	0e 94 75 1a 	call	0x34ea	; 0x34ea <UART_sendByte>
    177a:	80 e0       	ldi	r24, 0x00	; 0
    177c:	90 e0       	ldi	r25, 0x00	; 0
    177e:	a0 e2       	ldi	r26, 0x20	; 32
    1780:	b1 e4       	ldi	r27, 0x41	; 65
    1782:	8b 87       	std	Y+11, r24	; 0x0b
    1784:	9c 87       	std	Y+12, r25	; 0x0c
    1786:	ad 87       	std	Y+13, r26	; 0x0d
    1788:	be 87       	std	Y+14, r27	; 0x0e
 */
void
_delay_ms(double __ms)
{
	uint16_t __ticks;
	double __tmp = ((F_CPU) / 4e3) * __ms;
    178a:	6b 85       	ldd	r22, Y+11	; 0x0b
    178c:	7c 85       	ldd	r23, Y+12	; 0x0c
    178e:	8d 85       	ldd	r24, Y+13	; 0x0d
    1790:	9e 85       	ldd	r25, Y+14	; 0x0e
    1792:	20 e0       	ldi	r18, 0x00	; 0
    1794:	30 e0       	ldi	r19, 0x00	; 0
    1796:	4a ef       	ldi	r20, 0xFA	; 250
    1798:	54 e4       	ldi	r21, 0x44	; 68
    179a:	0e 94 1f 02 	call	0x43e	; 0x43e <__mulsf3>
    179e:	dc 01       	movw	r26, r24
    17a0:	cb 01       	movw	r24, r22
    17a2:	8f 83       	std	Y+7, r24	; 0x07
    17a4:	98 87       	std	Y+8, r25	; 0x08
    17a6:	a9 87       	std	Y+9, r26	; 0x09
    17a8:	ba 87       	std	Y+10, r27	; 0x0a
	if (__tmp < 1.0)
    17aa:	6f 81       	ldd	r22, Y+7	; 0x07
    17ac:	78 85       	ldd	r23, Y+8	; 0x08
    17ae:	89 85       	ldd	r24, Y+9	; 0x09
    17b0:	9a 85       	ldd	r25, Y+10	; 0x0a
    17b2:	20 e0       	ldi	r18, 0x00	; 0
    17b4:	30 e0       	ldi	r19, 0x00	; 0
    17b6:	40 e8       	ldi	r20, 0x80	; 128
    17b8:	5f e3       	ldi	r21, 0x3F	; 63
    17ba:	0e 94 79 03 	call	0x6f2	; 0x6f2 <__ltsf2>
    17be:	88 23       	and	r24, r24
    17c0:	2c f4       	brge	.+10     	; 0x17cc <Open_Door+0x38a>
		__ticks = 1;
    17c2:	81 e0       	ldi	r24, 0x01	; 1
    17c4:	90 e0       	ldi	r25, 0x00	; 0
    17c6:	9e 83       	std	Y+6, r25	; 0x06
    17c8:	8d 83       	std	Y+5, r24	; 0x05
    17ca:	3f c0       	rjmp	.+126    	; 0x184a <Open_Door+0x408>
	else if (__tmp > 65535)
    17cc:	6f 81       	ldd	r22, Y+7	; 0x07
    17ce:	78 85       	ldd	r23, Y+8	; 0x08
    17d0:	89 85       	ldd	r24, Y+9	; 0x09
    17d2:	9a 85       	ldd	r25, Y+10	; 0x0a
    17d4:	20 e0       	ldi	r18, 0x00	; 0
    17d6:	3f ef       	ldi	r19, 0xFF	; 255
    17d8:	4f e7       	ldi	r20, 0x7F	; 127
    17da:	57 e4       	ldi	r21, 0x47	; 71
    17dc:	0e 94 19 03 	call	0x632	; 0x632 <__gtsf2>
    17e0:	18 16       	cp	r1, r24
    17e2:	4c f5       	brge	.+82     	; 0x1836 <Open_Door+0x3f4>
	{
		//	__ticks = requested delay in 1/10 ms
		__ticks = (uint16_t) (__ms * 10.0);
    17e4:	6b 85       	ldd	r22, Y+11	; 0x0b
    17e6:	7c 85       	ldd	r23, Y+12	; 0x0c
    17e8:	8d 85       	ldd	r24, Y+13	; 0x0d
    17ea:	9e 85       	ldd	r25, Y+14	; 0x0e
    17ec:	20 e0       	ldi	r18, 0x00	; 0
    17ee:	30 e0       	ldi	r19, 0x00	; 0
    17f0:	40 e2       	ldi	r20, 0x20	; 32
    17f2:	51 e4       	ldi	r21, 0x41	; 65
    17f4:	0e 94 1f 02 	call	0x43e	; 0x43e <__mulsf3>
    17f8:	dc 01       	movw	r26, r24
    17fa:	cb 01       	movw	r24, r22
    17fc:	bc 01       	movw	r22, r24
    17fe:	cd 01       	movw	r24, r26
    1800:	0e 94 49 00 	call	0x92	; 0x92 <__fixunssfsi>
    1804:	dc 01       	movw	r26, r24
    1806:	cb 01       	movw	r24, r22
    1808:	9e 83       	std	Y+6, r25	; 0x06
    180a:	8d 83       	std	Y+5, r24	; 0x05
    180c:	0f c0       	rjmp	.+30     	; 0x182c <Open_Door+0x3ea>
    180e:	88 ec       	ldi	r24, 0xC8	; 200
    1810:	90 e0       	ldi	r25, 0x00	; 0
    1812:	9c 83       	std	Y+4, r25	; 0x04
    1814:	8b 83       	std	Y+3, r24	; 0x03
    1816:	8b 81       	ldd	r24, Y+3	; 0x03
    1818:	9c 81       	ldd	r25, Y+4	; 0x04
    181a:	01 97       	sbiw	r24, 0x01	; 1
    181c:	f1 f7       	brne	.-4      	; 0x181a <Open_Door+0x3d8>
    181e:	9c 83       	std	Y+4, r25	; 0x04
    1820:	8b 83       	std	Y+3, r24	; 0x03
		while(__ticks)
		{
			// wait 1/10 ms
			_delay_loop_2(((F_CPU) / 4e3) / 10);
			__ticks --;
    1822:	8d 81       	ldd	r24, Y+5	; 0x05
    1824:	9e 81       	ldd	r25, Y+6	; 0x06
    1826:	01 97       	sbiw	r24, 0x01	; 1
    1828:	9e 83       	std	Y+6, r25	; 0x06
    182a:	8d 83       	std	Y+5, r24	; 0x05
		__ticks = 1;
	else if (__tmp > 65535)
	{
		//	__ticks = requested delay in 1/10 ms
		__ticks = (uint16_t) (__ms * 10.0);
		while(__ticks)
    182c:	8d 81       	ldd	r24, Y+5	; 0x05
    182e:	9e 81       	ldd	r25, Y+6	; 0x06
    1830:	00 97       	sbiw	r24, 0x00	; 0
    1832:	69 f7       	brne	.-38     	; 0x180e <Open_Door+0x3cc>
    1834:	14 c0       	rjmp	.+40     	; 0x185e <Open_Door+0x41c>
			__ticks --;
		}
		return;
	}
	else
		__ticks = (uint16_t)__tmp;
    1836:	6f 81       	ldd	r22, Y+7	; 0x07
    1838:	78 85       	ldd	r23, Y+8	; 0x08
    183a:	89 85       	ldd	r24, Y+9	; 0x09
    183c:	9a 85       	ldd	r25, Y+10	; 0x0a
    183e:	0e 94 49 00 	call	0x92	; 0x92 <__fixunssfsi>
    1842:	dc 01       	movw	r26, r24
    1844:	cb 01       	movw	r24, r22
    1846:	9e 83       	std	Y+6, r25	; 0x06
    1848:	8d 83       	std	Y+5, r24	; 0x05
    184a:	8d 81       	ldd	r24, Y+5	; 0x05
    184c:	9e 81       	ldd	r25, Y+6	; 0x06
    184e:	9a 83       	std	Y+2, r25	; 0x02
    1850:	89 83       	std	Y+1, r24	; 0x01
    1852:	89 81       	ldd	r24, Y+1	; 0x01
    1854:	9a 81       	ldd	r25, Y+2	; 0x02
    1856:	01 97       	sbiw	r24, 0x01	; 1
    1858:	f1 f7       	brne	.-4      	; 0x1856 <Open_Door+0x414>
    185a:	9a 83       	std	Y+2, r25	; 0x02
    185c:	89 83       	std	Y+1, r24	; 0x01
		_delay_ms(500);
		LCD_displayStringRowColumn(1,i,"*");
	}
	UART_sendByte(Door_state); // Send a configurable byte that tills MC2 to compare this password to the one stored there about (opening door senario)
	_delay_ms(100);
	for(i = 0 ; i < 5 ; i ++){
    185e:	8c ad       	ldd	r24, Y+60	; 0x3c
    1860:	9d ad       	ldd	r25, Y+61	; 0x3d
    1862:	01 96       	adiw	r24, 0x01	; 1
    1864:	9d af       	std	Y+61, r25	; 0x3d
    1866:	8c af       	std	Y+60, r24	; 0x3c
    1868:	8c ad       	ldd	r24, Y+60	; 0x3c
    186a:	9d ad       	ldd	r25, Y+61	; 0x3d
    186c:	85 30       	cpi	r24, 0x05	; 5
    186e:	91 05       	cpc	r25, r1
    1870:	0c f4       	brge	.+2      	; 0x1874 <Open_Door+0x432>
    1872:	7b cf       	rjmp	.-266    	; 0x176a <Open_Door+0x328>
		UART_sendByte(Str3[i]); // Send byte by byte
		_delay_ms(10);
	}
	action = UART_recieveByte(); // Taking The MC2 decision
    1874:	0e 94 8c 1a 	call	0x3518	; 0x3518 <UART_recieveByte>
    1878:	88 2f       	mov	r24, r24
    187a:	90 e0       	ldi	r25, 0x00	; 0
    187c:	9b af       	std	Y+59, r25	; 0x3b
    187e:	8a af       	std	Y+58, r24	; 0x3a
	if (action == DOOR_OPEN){ /* if MC2 finds a match , Here it will display Door opening for 15 sec ,then
    1880:	8a ad       	ldd	r24, Y+58	; 0x3a
    1882:	9b ad       	ldd	r25, Y+59	; 0x3b
    1884:	87 34       	cpi	r24, 0x47	; 71
    1886:	91 05       	cpc	r25, r1
    1888:	09 f0       	breq	.+2      	; 0x188c <Open_Door+0x44a>
    188a:	4a c0       	rjmp	.+148    	; 0x1920 <Open_Door+0x4de>
	 display door opened for 3 sec then door closing for 15 sec with the aid of Timer 0 Driver
	 that counts all of this cycles */
		LCD_clearScreen(); // clear screen
    188c:	0e 94 d0 18 	call	0x31a0	; 0x31a0 <LCD_clearScreen>
		LCD_displayStringRowColumn(0,0,"Door Opening"); // display
    1890:	22 eb       	ldi	r18, 0xB2	; 178
    1892:	30 e0       	ldi	r19, 0x00	; 0
    1894:	80 e0       	ldi	r24, 0x00	; 0
    1896:	60 e0       	ldi	r22, 0x00	; 0
    1898:	a9 01       	movw	r20, r18
    189a:	0e 94 94 18 	call	0x3128	; 0x3128 <LCD_displayStringRowColumn>
		/*
		 * This config of type Timer0_config  used to prescale the clock by dividing it by 1024 and selection of compare
		mode , Initializing the TCNT0 To count from zero , and compare value of 250
		 */
		Timer0_config config = {CLOCK_1024,CTC,0,250};
    189e:	ce 01       	movw	r24, r28
    18a0:	ce 96       	adiw	r24, 0x3e	; 62
    18a2:	2c 96       	adiw	r28, 0x0c	; 12
    18a4:	9f af       	std	Y+63, r25	; 0x3f
    18a6:	8e af       	std	Y+62, r24	; 0x3e
    18a8:	2c 97       	sbiw	r28, 0x0c	; 12
    18aa:	e2 e0       	ldi	r30, 0x02	; 2
    18ac:	f1 e0       	ldi	r31, 0x01	; 1
    18ae:	2e 96       	adiw	r28, 0x0e	; 14
    18b0:	ff af       	std	Y+63, r31	; 0x3f
    18b2:	ee af       	std	Y+62, r30	; 0x3e
    18b4:	2e 97       	sbiw	r28, 0x0e	; 14
    18b6:	f6 e0       	ldi	r31, 0x06	; 6
    18b8:	2f 96       	adiw	r28, 0x0f	; 15
    18ba:	ff af       	std	Y+63, r31	; 0x3f
    18bc:	2f 97       	sbiw	r28, 0x0f	; 15
    18be:	2e 96       	adiw	r28, 0x0e	; 14
    18c0:	ee ad       	ldd	r30, Y+62	; 0x3e
    18c2:	ff ad       	ldd	r31, Y+63	; 0x3f
    18c4:	2e 97       	sbiw	r28, 0x0e	; 14
    18c6:	00 80       	ld	r0, Z
    18c8:	2e 96       	adiw	r28, 0x0e	; 14
    18ca:	8e ad       	ldd	r24, Y+62	; 0x3e
    18cc:	9f ad       	ldd	r25, Y+63	; 0x3f
    18ce:	2e 97       	sbiw	r28, 0x0e	; 14
    18d0:	01 96       	adiw	r24, 0x01	; 1
    18d2:	2e 96       	adiw	r28, 0x0e	; 14
    18d4:	9f af       	std	Y+63, r25	; 0x3f
    18d6:	8e af       	std	Y+62, r24	; 0x3e
    18d8:	2e 97       	sbiw	r28, 0x0e	; 14
    18da:	2c 96       	adiw	r28, 0x0c	; 12
    18dc:	ee ad       	ldd	r30, Y+62	; 0x3e
    18de:	ff ad       	ldd	r31, Y+63	; 0x3f
    18e0:	2c 97       	sbiw	r28, 0x0c	; 12
    18e2:	00 82       	st	Z, r0
    18e4:	2c 96       	adiw	r28, 0x0c	; 12
    18e6:	8e ad       	ldd	r24, Y+62	; 0x3e
    18e8:	9f ad       	ldd	r25, Y+63	; 0x3f
    18ea:	2c 97       	sbiw	r28, 0x0c	; 12
    18ec:	01 96       	adiw	r24, 0x01	; 1
    18ee:	2c 96       	adiw	r28, 0x0c	; 12
    18f0:	9f af       	std	Y+63, r25	; 0x3f
    18f2:	8e af       	std	Y+62, r24	; 0x3e
    18f4:	2c 97       	sbiw	r28, 0x0c	; 12
    18f6:	2f 96       	adiw	r28, 0x0f	; 15
    18f8:	9f ad       	ldd	r25, Y+63	; 0x3f
    18fa:	2f 97       	sbiw	r28, 0x0f	; 15
    18fc:	91 50       	subi	r25, 0x01	; 1
    18fe:	2f 96       	adiw	r28, 0x0f	; 15
    1900:	9f af       	std	Y+63, r25	; 0x3f
    1902:	2f 97       	sbiw	r28, 0x0f	; 15
    1904:	2f 96       	adiw	r28, 0x0f	; 15
    1906:	ef ad       	ldd	r30, Y+63	; 0x3f
    1908:	2f 97       	sbiw	r28, 0x0f	; 15
    190a:	ee 23       	and	r30, r30
    190c:	c1 f6       	brne	.-80     	; 0x18be <Open_Door+0x47c>
		Timer0_init(&config); // Initializing
    190e:	ce 01       	movw	r24, r28
    1910:	ce 96       	adiw	r24, 0x3e	; 62
    1912:	0e 94 40 19 	call	0x3280	; 0x3280 <Timer0_init>
		Timer0_SetcallBack(&Timer0_Door_Delay); // Set call back function to the door senario
    1916:	84 e8       	ldi	r24, 0x84	; 132
    1918:	9f e0       	ldi	r25, 0x0F	; 15
    191a:	0e 94 a3 19 	call	0x3346	; 0x3346 <Timer0_SetcallBack>
    191e:	5e c0       	rjmp	.+188    	; 0x19dc <Open_Door+0x59a>
	}else if (action == (AGAIN + 3)){ // if MC2 finds a mismatch for 3 times it will display error of wrong password
    1920:	8a ad       	ldd	r24, Y+58	; 0x3a
    1922:	9b ad       	ldd	r25, Y+59	; 0x3b
    1924:	87 31       	cpi	r24, 0x17	; 23
    1926:	91 05       	cpc	r25, r1
    1928:	09 f0       	breq	.+2      	; 0x192c <Open_Door+0x4ea>
    192a:	56 c0       	rjmp	.+172    	; 0x19d8 <Open_Door+0x596>
		UART_sendByte(BUZZER_ON);
    192c:	82 e0       	ldi	r24, 0x02	; 2
    192e:	0e 94 75 1a 	call	0x34ea	; 0x34ea <UART_sendByte>
		LCD_clearScreen(); // clear screen
    1932:	0e 94 d0 18 	call	0x31a0	; 0x31a0 <LCD_clearScreen>
		LCD_displayStringRowColumn(0, 0, "ERROR "); // display
    1936:	2f eb       	ldi	r18, 0xBF	; 191
    1938:	30 e0       	ldi	r19, 0x00	; 0
    193a:	80 e0       	ldi	r24, 0x00	; 0
    193c:	60 e0       	ldi	r22, 0x00	; 0
    193e:	a9 01       	movw	r20, r18
    1940:	0e 94 94 18 	call	0x3128	; 0x3128 <LCD_displayStringRowColumn>
		LCD_displayStringRowColumn(1, 0, "WRONG PASSWORD");// display
    1944:	26 ec       	ldi	r18, 0xC6	; 198
    1946:	30 e0       	ldi	r19, 0x00	; 0
    1948:	81 e0       	ldi	r24, 0x01	; 1
    194a:	60 e0       	ldi	r22, 0x00	; 0
    194c:	a9 01       	movw	r20, r18
    194e:	0e 94 94 18 	call	0x3128	; 0x3128 <LCD_displayStringRowColumn>
		Timer0_config config = {CLOCK_1024,CTC,0,250};
    1952:	ce 01       	movw	r24, r28
    1954:	8c 5b       	subi	r24, 0xBC	; 188
    1956:	9f 4f       	sbci	r25, 0xFF	; 255
    1958:	61 96       	adiw	r28, 0x11	; 17
    195a:	9f af       	std	Y+63, r25	; 0x3f
    195c:	8e af       	std	Y+62, r24	; 0x3e
    195e:	61 97       	sbiw	r28, 0x11	; 17
    1960:	8c ef       	ldi	r24, 0xFC	; 252
    1962:	90 e0       	ldi	r25, 0x00	; 0
    1964:	63 96       	adiw	r28, 0x13	; 19
    1966:	9f af       	std	Y+63, r25	; 0x3f
    1968:	8e af       	std	Y+62, r24	; 0x3e
    196a:	63 97       	sbiw	r28, 0x13	; 19
    196c:	96 e0       	ldi	r25, 0x06	; 6
    196e:	64 96       	adiw	r28, 0x14	; 20
    1970:	9f af       	std	Y+63, r25	; 0x3f
    1972:	64 97       	sbiw	r28, 0x14	; 20
    1974:	63 96       	adiw	r28, 0x13	; 19
    1976:	ee ad       	ldd	r30, Y+62	; 0x3e
    1978:	ff ad       	ldd	r31, Y+63	; 0x3f
    197a:	63 97       	sbiw	r28, 0x13	; 19
    197c:	00 80       	ld	r0, Z
    197e:	63 96       	adiw	r28, 0x13	; 19
    1980:	8e ad       	ldd	r24, Y+62	; 0x3e
    1982:	9f ad       	ldd	r25, Y+63	; 0x3f
    1984:	63 97       	sbiw	r28, 0x13	; 19
    1986:	01 96       	adiw	r24, 0x01	; 1
    1988:	63 96       	adiw	r28, 0x13	; 19
    198a:	9f af       	std	Y+63, r25	; 0x3f
    198c:	8e af       	std	Y+62, r24	; 0x3e
    198e:	63 97       	sbiw	r28, 0x13	; 19
    1990:	61 96       	adiw	r28, 0x11	; 17
    1992:	ee ad       	ldd	r30, Y+62	; 0x3e
    1994:	ff ad       	ldd	r31, Y+63	; 0x3f
    1996:	61 97       	sbiw	r28, 0x11	; 17
    1998:	00 82       	st	Z, r0
    199a:	61 96       	adiw	r28, 0x11	; 17
    199c:	8e ad       	ldd	r24, Y+62	; 0x3e
    199e:	9f ad       	ldd	r25, Y+63	; 0x3f
    19a0:	61 97       	sbiw	r28, 0x11	; 17
    19a2:	01 96       	adiw	r24, 0x01	; 1
    19a4:	61 96       	adiw	r28, 0x11	; 17
    19a6:	9f af       	std	Y+63, r25	; 0x3f
    19a8:	8e af       	std	Y+62, r24	; 0x3e
    19aa:	61 97       	sbiw	r28, 0x11	; 17
    19ac:	64 96       	adiw	r28, 0x14	; 20
    19ae:	9f ad       	ldd	r25, Y+63	; 0x3f
    19b0:	64 97       	sbiw	r28, 0x14	; 20
    19b2:	91 50       	subi	r25, 0x01	; 1
    19b4:	64 96       	adiw	r28, 0x14	; 20
    19b6:	9f af       	std	Y+63, r25	; 0x3f
    19b8:	64 97       	sbiw	r28, 0x14	; 20
    19ba:	64 96       	adiw	r28, 0x14	; 20
    19bc:	ef ad       	ldd	r30, Y+63	; 0x3f
    19be:	64 97       	sbiw	r28, 0x14	; 20
    19c0:	ee 23       	and	r30, r30
    19c2:	c1 f6       	brne	.-80     	; 0x1974 <Open_Door+0x532>
		Timer0_init(&config);// Initializing
    19c4:	ce 01       	movw	r24, r28
    19c6:	8c 5b       	subi	r24, 0xBC	; 188
    19c8:	9f 4f       	sbci	r25, 0xFF	; 255
    19ca:	0e 94 40 19 	call	0x3280	; 0x3280 <Timer0_init>
		Timer0_SetcallBack(&BUZZER_ON_MIN);// Set call back function to the buzzer state senario
    19ce:	88 ec       	ldi	r24, 0xC8	; 200
    19d0:	9f e0       	ldi	r25, 0x0F	; 15
    19d2:	0e 94 a3 19 	call	0x3346	; 0x3346 <Timer0_SetcallBack>
    19d6:	02 c0       	rjmp	.+4      	; 0x19dc <Open_Door+0x59a>
	}else { // if MC2 finds a mismatch times less than 3 it will call the function again
		Open_Door(); //  Call open door function
    19d8:	0e 94 21 0a 	call	0x1442	; 0x1442 <Open_Door>
	}
}
    19dc:	cd 5a       	subi	r28, 0xAD	; 173
    19de:	df 4f       	sbci	r29, 0xFF	; 255
    19e0:	0f b6       	in	r0, 0x3f	; 63
    19e2:	f8 94       	cli
    19e4:	de bf       	out	0x3e, r29	; 62
    19e6:	0f be       	out	0x3f, r0	; 63
    19e8:	cd bf       	out	0x3d, r28	; 61
    19ea:	cf 91       	pop	r28
    19ec:	df 91       	pop	r29
    19ee:	08 95       	ret

000019f0 <Change_Password>:
 * Change_Password Function used to ask the user for his password and send it to MC2 to compare with the one stored in EEPROM
 iF MATCHES MC2 send configurable byte to MC1 to call setting up password
 If NOT MATCHES   MC2 send configurable byte to MC1 to ask the user for inserting again for maximum 3 times
 other wise An Error will be displayed
 */
void Change_Password(void){
    19f0:	df 93       	push	r29
    19f2:	cf 93       	push	r28
    19f4:	cd b7       	in	r28, 0x3d	; 61
    19f6:	de b7       	in	r29, 0x3e	; 62
    19f8:	c8 54       	subi	r28, 0x48	; 72
    19fa:	d0 40       	sbci	r29, 0x00	; 0
    19fc:	0f b6       	in	r0, 0x3f	; 63
    19fe:	f8 94       	cli
    1a00:	de bf       	out	0x3e, r29	; 62
    1a02:	0f be       	out	0x3f, r0	; 63
    1a04:	cd bf       	out	0x3d, r28	; 61
	int i , action_2  ; // action2 variable for storing the configured byte decision from MC2
	uint8 m ;// Variable of one byte used to store the key pressed number
	LCD_clearScreen(); // clear screen
    1a06:	0e 94 d0 18 	call	0x31a0	; 0x31a0 <LCD_clearScreen>
	LCD_displayStringRowColumn(0,0,"Please Enter Pass"); // display
    1a0a:	20 ea       	ldi	r18, 0xA0	; 160
    1a0c:	30 e0       	ldi	r19, 0x00	; 0
    1a0e:	80 e0       	ldi	r24, 0x00	; 0
    1a10:	60 e0       	ldi	r22, 0x00	; 0
    1a12:	a9 01       	movw	r20, r18
    1a14:	0e 94 94 18 	call	0x3128	; 0x3128 <LCD_displayStringRowColumn>
    1a18:	80 e0       	ldi	r24, 0x00	; 0
    1a1a:	90 e0       	ldi	r25, 0x00	; 0
    1a1c:	aa ef       	ldi	r26, 0xFA	; 250
    1a1e:	b4 e4       	ldi	r27, 0x44	; 68
    1a20:	8d ab       	std	Y+53, r24	; 0x35
    1a22:	9e ab       	std	Y+54, r25	; 0x36
    1a24:	af ab       	std	Y+55, r26	; 0x37
    1a26:	b8 af       	std	Y+56, r27	; 0x38
 */
void
_delay_ms(double __ms)
{
	uint16_t __ticks;
	double __tmp = ((F_CPU) / 4e3) * __ms;
    1a28:	6d a9       	ldd	r22, Y+53	; 0x35
    1a2a:	7e a9       	ldd	r23, Y+54	; 0x36
    1a2c:	8f a9       	ldd	r24, Y+55	; 0x37
    1a2e:	98 ad       	ldd	r25, Y+56	; 0x38
    1a30:	20 e0       	ldi	r18, 0x00	; 0
    1a32:	30 e0       	ldi	r19, 0x00	; 0
    1a34:	4a ef       	ldi	r20, 0xFA	; 250
    1a36:	54 e4       	ldi	r21, 0x44	; 68
    1a38:	0e 94 1f 02 	call	0x43e	; 0x43e <__mulsf3>
    1a3c:	dc 01       	movw	r26, r24
    1a3e:	cb 01       	movw	r24, r22
    1a40:	89 ab       	std	Y+49, r24	; 0x31
    1a42:	9a ab       	std	Y+50, r25	; 0x32
    1a44:	ab ab       	std	Y+51, r26	; 0x33
    1a46:	bc ab       	std	Y+52, r27	; 0x34
	if (__tmp < 1.0)
    1a48:	69 a9       	ldd	r22, Y+49	; 0x31
    1a4a:	7a a9       	ldd	r23, Y+50	; 0x32
    1a4c:	8b a9       	ldd	r24, Y+51	; 0x33
    1a4e:	9c a9       	ldd	r25, Y+52	; 0x34
    1a50:	20 e0       	ldi	r18, 0x00	; 0
    1a52:	30 e0       	ldi	r19, 0x00	; 0
    1a54:	40 e8       	ldi	r20, 0x80	; 128
    1a56:	5f e3       	ldi	r21, 0x3F	; 63
    1a58:	0e 94 79 03 	call	0x6f2	; 0x6f2 <__ltsf2>
    1a5c:	88 23       	and	r24, r24
    1a5e:	2c f4       	brge	.+10     	; 0x1a6a <Change_Password+0x7a>
		__ticks = 1;
    1a60:	81 e0       	ldi	r24, 0x01	; 1
    1a62:	90 e0       	ldi	r25, 0x00	; 0
    1a64:	98 ab       	std	Y+48, r25	; 0x30
    1a66:	8f a7       	std	Y+47, r24	; 0x2f
    1a68:	3f c0       	rjmp	.+126    	; 0x1ae8 <Change_Password+0xf8>
	else if (__tmp > 65535)
    1a6a:	69 a9       	ldd	r22, Y+49	; 0x31
    1a6c:	7a a9       	ldd	r23, Y+50	; 0x32
    1a6e:	8b a9       	ldd	r24, Y+51	; 0x33
    1a70:	9c a9       	ldd	r25, Y+52	; 0x34
    1a72:	20 e0       	ldi	r18, 0x00	; 0
    1a74:	3f ef       	ldi	r19, 0xFF	; 255
    1a76:	4f e7       	ldi	r20, 0x7F	; 127
    1a78:	57 e4       	ldi	r21, 0x47	; 71
    1a7a:	0e 94 19 03 	call	0x632	; 0x632 <__gtsf2>
    1a7e:	18 16       	cp	r1, r24
    1a80:	4c f5       	brge	.+82     	; 0x1ad4 <Change_Password+0xe4>
	{
		//	__ticks = requested delay in 1/10 ms
		__ticks = (uint16_t) (__ms * 10.0);
    1a82:	6d a9       	ldd	r22, Y+53	; 0x35
    1a84:	7e a9       	ldd	r23, Y+54	; 0x36
    1a86:	8f a9       	ldd	r24, Y+55	; 0x37
    1a88:	98 ad       	ldd	r25, Y+56	; 0x38
    1a8a:	20 e0       	ldi	r18, 0x00	; 0
    1a8c:	30 e0       	ldi	r19, 0x00	; 0
    1a8e:	40 e2       	ldi	r20, 0x20	; 32
    1a90:	51 e4       	ldi	r21, 0x41	; 65
    1a92:	0e 94 1f 02 	call	0x43e	; 0x43e <__mulsf3>
    1a96:	dc 01       	movw	r26, r24
    1a98:	cb 01       	movw	r24, r22
    1a9a:	bc 01       	movw	r22, r24
    1a9c:	cd 01       	movw	r24, r26
    1a9e:	0e 94 49 00 	call	0x92	; 0x92 <__fixunssfsi>
    1aa2:	dc 01       	movw	r26, r24
    1aa4:	cb 01       	movw	r24, r22
    1aa6:	98 ab       	std	Y+48, r25	; 0x30
    1aa8:	8f a7       	std	Y+47, r24	; 0x2f
    1aaa:	0f c0       	rjmp	.+30     	; 0x1aca <Change_Password+0xda>
    1aac:	88 ec       	ldi	r24, 0xC8	; 200
    1aae:	90 e0       	ldi	r25, 0x00	; 0
    1ab0:	9e a7       	std	Y+46, r25	; 0x2e
    1ab2:	8d a7       	std	Y+45, r24	; 0x2d
    1ab4:	8d a5       	ldd	r24, Y+45	; 0x2d
    1ab6:	9e a5       	ldd	r25, Y+46	; 0x2e
    1ab8:	01 97       	sbiw	r24, 0x01	; 1
    1aba:	f1 f7       	brne	.-4      	; 0x1ab8 <Change_Password+0xc8>
    1abc:	9e a7       	std	Y+46, r25	; 0x2e
    1abe:	8d a7       	std	Y+45, r24	; 0x2d
		while(__ticks)
		{
			// wait 1/10 ms
			_delay_loop_2(((F_CPU) / 4e3) / 10);
			__ticks --;
    1ac0:	8f a5       	ldd	r24, Y+47	; 0x2f
    1ac2:	98 a9       	ldd	r25, Y+48	; 0x30
    1ac4:	01 97       	sbiw	r24, 0x01	; 1
    1ac6:	98 ab       	std	Y+48, r25	; 0x30
    1ac8:	8f a7       	std	Y+47, r24	; 0x2f
		__ticks = 1;
	else if (__tmp > 65535)
	{
		//	__ticks = requested delay in 1/10 ms
		__ticks = (uint16_t) (__ms * 10.0);
		while(__ticks)
    1aca:	8f a5       	ldd	r24, Y+47	; 0x2f
    1acc:	98 a9       	ldd	r25, Y+48	; 0x30
    1ace:	00 97       	sbiw	r24, 0x00	; 0
    1ad0:	69 f7       	brne	.-38     	; 0x1aac <Change_Password+0xbc>
    1ad2:	14 c0       	rjmp	.+40     	; 0x1afc <Change_Password+0x10c>
			__ticks --;
		}
		return;
	}
	else
		__ticks = (uint16_t)__tmp;
    1ad4:	69 a9       	ldd	r22, Y+49	; 0x31
    1ad6:	7a a9       	ldd	r23, Y+50	; 0x32
    1ad8:	8b a9       	ldd	r24, Y+51	; 0x33
    1ada:	9c a9       	ldd	r25, Y+52	; 0x34
    1adc:	0e 94 49 00 	call	0x92	; 0x92 <__fixunssfsi>
    1ae0:	dc 01       	movw	r26, r24
    1ae2:	cb 01       	movw	r24, r22
    1ae4:	98 ab       	std	Y+48, r25	; 0x30
    1ae6:	8f a7       	std	Y+47, r24	; 0x2f
    1ae8:	8f a5       	ldd	r24, Y+47	; 0x2f
    1aea:	98 a9       	ldd	r25, Y+48	; 0x30
    1aec:	9c a7       	std	Y+44, r25	; 0x2c
    1aee:	8b a7       	std	Y+43, r24	; 0x2b
    1af0:	8b a5       	ldd	r24, Y+43	; 0x2b
    1af2:	9c a5       	ldd	r25, Y+44	; 0x2c
    1af4:	01 97       	sbiw	r24, 0x01	; 1
    1af6:	f1 f7       	brne	.-4      	; 0x1af4 <Change_Password+0x104>
    1af8:	9c a7       	std	Y+44, r25	; 0x2c
    1afa:	8b a7       	std	Y+43, r24	; 0x2b
	_delay_ms(2000);
	/*
	 * Get the password inserted by user
	 */
	for (i=0 ; i<7 ; i++){
    1afc:	1d ae       	std	Y+61, r1	; 0x3d
    1afe:	1c ae       	std	Y+60, r1	; 0x3c
    1b00:	8d c0       	rjmp	.+282    	; 0x1c1c <Change_Password+0x22c>
		m = KEYPAD_getPressedKey();
    1b02:	0e 94 26 13 	call	0x264c	; 0x264c <KEYPAD_getPressedKey>
    1b06:	89 af       	std	Y+57, r24	; 0x39
		if (m == 13){
    1b08:	89 ad       	ldd	r24, Y+57	; 0x39
    1b0a:	8d 30       	cpi	r24, 0x0D	; 13
    1b0c:	09 f4       	brne	.+2      	; 0x1b10 <Change_Password+0x120>
    1b0e:	8c c0       	rjmp	.+280    	; 0x1c28 <Change_Password+0x238>
			break ;
		}
		Str4[i] = m;
    1b10:	8c ad       	ldd	r24, Y+60	; 0x3c
    1b12:	9d ad       	ldd	r25, Y+61	; 0x3d
    1b14:	fc 01       	movw	r30, r24
    1b16:	e6 5e       	subi	r30, 0xE6	; 230
    1b18:	fe 4f       	sbci	r31, 0xFE	; 254
    1b1a:	89 ad       	ldd	r24, Y+57	; 0x39
    1b1c:	80 83       	st	Z, r24
    1b1e:	80 e0       	ldi	r24, 0x00	; 0
    1b20:	90 e0       	ldi	r25, 0x00	; 0
    1b22:	aa ef       	ldi	r26, 0xFA	; 250
    1b24:	b3 e4       	ldi	r27, 0x43	; 67
    1b26:	8f a3       	std	Y+39, r24	; 0x27
    1b28:	98 a7       	std	Y+40, r25	; 0x28
    1b2a:	a9 a7       	std	Y+41, r26	; 0x29
    1b2c:	ba a7       	std	Y+42, r27	; 0x2a
 */
void
_delay_ms(double __ms)
{
	uint16_t __ticks;
	double __tmp = ((F_CPU) / 4e3) * __ms;
    1b2e:	6f a1       	ldd	r22, Y+39	; 0x27
    1b30:	78 a5       	ldd	r23, Y+40	; 0x28
    1b32:	89 a5       	ldd	r24, Y+41	; 0x29
    1b34:	9a a5       	ldd	r25, Y+42	; 0x2a
    1b36:	20 e0       	ldi	r18, 0x00	; 0
    1b38:	30 e0       	ldi	r19, 0x00	; 0
    1b3a:	4a ef       	ldi	r20, 0xFA	; 250
    1b3c:	54 e4       	ldi	r21, 0x44	; 68
    1b3e:	0e 94 1f 02 	call	0x43e	; 0x43e <__mulsf3>
    1b42:	dc 01       	movw	r26, r24
    1b44:	cb 01       	movw	r24, r22
    1b46:	8b a3       	std	Y+35, r24	; 0x23
    1b48:	9c a3       	std	Y+36, r25	; 0x24
    1b4a:	ad a3       	std	Y+37, r26	; 0x25
    1b4c:	be a3       	std	Y+38, r27	; 0x26
	if (__tmp < 1.0)
    1b4e:	6b a1       	ldd	r22, Y+35	; 0x23
    1b50:	7c a1       	ldd	r23, Y+36	; 0x24
    1b52:	8d a1       	ldd	r24, Y+37	; 0x25
    1b54:	9e a1       	ldd	r25, Y+38	; 0x26
    1b56:	20 e0       	ldi	r18, 0x00	; 0
    1b58:	30 e0       	ldi	r19, 0x00	; 0
    1b5a:	40 e8       	ldi	r20, 0x80	; 128
    1b5c:	5f e3       	ldi	r21, 0x3F	; 63
    1b5e:	0e 94 79 03 	call	0x6f2	; 0x6f2 <__ltsf2>
    1b62:	88 23       	and	r24, r24
    1b64:	2c f4       	brge	.+10     	; 0x1b70 <Change_Password+0x180>
		__ticks = 1;
    1b66:	81 e0       	ldi	r24, 0x01	; 1
    1b68:	90 e0       	ldi	r25, 0x00	; 0
    1b6a:	9a a3       	std	Y+34, r25	; 0x22
    1b6c:	89 a3       	std	Y+33, r24	; 0x21
    1b6e:	3f c0       	rjmp	.+126    	; 0x1bee <Change_Password+0x1fe>
	else if (__tmp > 65535)
    1b70:	6b a1       	ldd	r22, Y+35	; 0x23
    1b72:	7c a1       	ldd	r23, Y+36	; 0x24
    1b74:	8d a1       	ldd	r24, Y+37	; 0x25
    1b76:	9e a1       	ldd	r25, Y+38	; 0x26
    1b78:	20 e0       	ldi	r18, 0x00	; 0
    1b7a:	3f ef       	ldi	r19, 0xFF	; 255
    1b7c:	4f e7       	ldi	r20, 0x7F	; 127
    1b7e:	57 e4       	ldi	r21, 0x47	; 71
    1b80:	0e 94 19 03 	call	0x632	; 0x632 <__gtsf2>
    1b84:	18 16       	cp	r1, r24
    1b86:	4c f5       	brge	.+82     	; 0x1bda <Change_Password+0x1ea>
	{
		//	__ticks = requested delay in 1/10 ms
		__ticks = (uint16_t) (__ms * 10.0);
    1b88:	6f a1       	ldd	r22, Y+39	; 0x27
    1b8a:	78 a5       	ldd	r23, Y+40	; 0x28
    1b8c:	89 a5       	ldd	r24, Y+41	; 0x29
    1b8e:	9a a5       	ldd	r25, Y+42	; 0x2a
    1b90:	20 e0       	ldi	r18, 0x00	; 0
    1b92:	30 e0       	ldi	r19, 0x00	; 0
    1b94:	40 e2       	ldi	r20, 0x20	; 32
    1b96:	51 e4       	ldi	r21, 0x41	; 65
    1b98:	0e 94 1f 02 	call	0x43e	; 0x43e <__mulsf3>
    1b9c:	dc 01       	movw	r26, r24
    1b9e:	cb 01       	movw	r24, r22
    1ba0:	bc 01       	movw	r22, r24
    1ba2:	cd 01       	movw	r24, r26
    1ba4:	0e 94 49 00 	call	0x92	; 0x92 <__fixunssfsi>
    1ba8:	dc 01       	movw	r26, r24
    1baa:	cb 01       	movw	r24, r22
    1bac:	9a a3       	std	Y+34, r25	; 0x22
    1bae:	89 a3       	std	Y+33, r24	; 0x21
    1bb0:	0f c0       	rjmp	.+30     	; 0x1bd0 <Change_Password+0x1e0>
    1bb2:	88 ec       	ldi	r24, 0xC8	; 200
    1bb4:	90 e0       	ldi	r25, 0x00	; 0
    1bb6:	98 a3       	std	Y+32, r25	; 0x20
    1bb8:	8f 8f       	std	Y+31, r24	; 0x1f
    1bba:	8f 8d       	ldd	r24, Y+31	; 0x1f
    1bbc:	98 a1       	ldd	r25, Y+32	; 0x20
    1bbe:	01 97       	sbiw	r24, 0x01	; 1
    1bc0:	f1 f7       	brne	.-4      	; 0x1bbe <Change_Password+0x1ce>
    1bc2:	98 a3       	std	Y+32, r25	; 0x20
    1bc4:	8f 8f       	std	Y+31, r24	; 0x1f
		while(__ticks)
		{
			// wait 1/10 ms
			_delay_loop_2(((F_CPU) / 4e3) / 10);
			__ticks --;
    1bc6:	89 a1       	ldd	r24, Y+33	; 0x21
    1bc8:	9a a1       	ldd	r25, Y+34	; 0x22
    1bca:	01 97       	sbiw	r24, 0x01	; 1
    1bcc:	9a a3       	std	Y+34, r25	; 0x22
    1bce:	89 a3       	std	Y+33, r24	; 0x21
		__ticks = 1;
	else if (__tmp > 65535)
	{
		//	__ticks = requested delay in 1/10 ms
		__ticks = (uint16_t) (__ms * 10.0);
		while(__ticks)
    1bd0:	89 a1       	ldd	r24, Y+33	; 0x21
    1bd2:	9a a1       	ldd	r25, Y+34	; 0x22
    1bd4:	00 97       	sbiw	r24, 0x00	; 0
    1bd6:	69 f7       	brne	.-38     	; 0x1bb2 <Change_Password+0x1c2>
    1bd8:	14 c0       	rjmp	.+40     	; 0x1c02 <Change_Password+0x212>
			__ticks --;
		}
		return;
	}
	else
		__ticks = (uint16_t)__tmp;
    1bda:	6b a1       	ldd	r22, Y+35	; 0x23
    1bdc:	7c a1       	ldd	r23, Y+36	; 0x24
    1bde:	8d a1       	ldd	r24, Y+37	; 0x25
    1be0:	9e a1       	ldd	r25, Y+38	; 0x26
    1be2:	0e 94 49 00 	call	0x92	; 0x92 <__fixunssfsi>
    1be6:	dc 01       	movw	r26, r24
    1be8:	cb 01       	movw	r24, r22
    1bea:	9a a3       	std	Y+34, r25	; 0x22
    1bec:	89 a3       	std	Y+33, r24	; 0x21
    1bee:	89 a1       	ldd	r24, Y+33	; 0x21
    1bf0:	9a a1       	ldd	r25, Y+34	; 0x22
    1bf2:	9e 8f       	std	Y+30, r25	; 0x1e
    1bf4:	8d 8f       	std	Y+29, r24	; 0x1d
    1bf6:	8d 8d       	ldd	r24, Y+29	; 0x1d
    1bf8:	9e 8d       	ldd	r25, Y+30	; 0x1e
    1bfa:	01 97       	sbiw	r24, 0x01	; 1
    1bfc:	f1 f7       	brne	.-4      	; 0x1bfa <Change_Password+0x20a>
    1bfe:	9e 8f       	std	Y+30, r25	; 0x1e
    1c00:	8d 8f       	std	Y+29, r24	; 0x1d
		_delay_ms(500);
		LCD_displayStringRowColumn(1,i,"*");
    1c02:	9c ad       	ldd	r25, Y+60	; 0x3c
    1c04:	2f e6       	ldi	r18, 0x6F	; 111
    1c06:	30 e0       	ldi	r19, 0x00	; 0
    1c08:	81 e0       	ldi	r24, 0x01	; 1
    1c0a:	69 2f       	mov	r22, r25
    1c0c:	a9 01       	movw	r20, r18
    1c0e:	0e 94 94 18 	call	0x3128	; 0x3128 <LCD_displayStringRowColumn>
	LCD_displayStringRowColumn(0,0,"Please Enter Pass"); // display
	_delay_ms(2000);
	/*
	 * Get the password inserted by user
	 */
	for (i=0 ; i<7 ; i++){
    1c12:	8c ad       	ldd	r24, Y+60	; 0x3c
    1c14:	9d ad       	ldd	r25, Y+61	; 0x3d
    1c16:	01 96       	adiw	r24, 0x01	; 1
    1c18:	9d af       	std	Y+61, r25	; 0x3d
    1c1a:	8c af       	std	Y+60, r24	; 0x3c
    1c1c:	8c ad       	ldd	r24, Y+60	; 0x3c
    1c1e:	9d ad       	ldd	r25, Y+61	; 0x3d
    1c20:	87 30       	cpi	r24, 0x07	; 7
    1c22:	91 05       	cpc	r25, r1
    1c24:	0c f4       	brge	.+2      	; 0x1c28 <Change_Password+0x238>
    1c26:	6d cf       	rjmp	.-294    	; 0x1b02 <Change_Password+0x112>
		}
		Str4[i] = m;
		_delay_ms(500);
		LCD_displayStringRowColumn(1,i,"*");
	}
	UART_sendByte(Change_Pass_State); // send configured byte to MC2 that tells it to compare it with the one there about Change Password senario
    1c28:	8e ed       	ldi	r24, 0xDE	; 222
    1c2a:	0e 94 75 1a 	call	0x34ea	; 0x34ea <UART_sendByte>
    1c2e:	80 e0       	ldi	r24, 0x00	; 0
    1c30:	90 e0       	ldi	r25, 0x00	; 0
    1c32:	a8 ec       	ldi	r26, 0xC8	; 200
    1c34:	b2 e4       	ldi	r27, 0x42	; 66
    1c36:	89 8f       	std	Y+25, r24	; 0x19
    1c38:	9a 8f       	std	Y+26, r25	; 0x1a
    1c3a:	ab 8f       	std	Y+27, r26	; 0x1b
    1c3c:	bc 8f       	std	Y+28, r27	; 0x1c
 */
void
_delay_ms(double __ms)
{
	uint16_t __ticks;
	double __tmp = ((F_CPU) / 4e3) * __ms;
    1c3e:	69 8d       	ldd	r22, Y+25	; 0x19
    1c40:	7a 8d       	ldd	r23, Y+26	; 0x1a
    1c42:	8b 8d       	ldd	r24, Y+27	; 0x1b
    1c44:	9c 8d       	ldd	r25, Y+28	; 0x1c
    1c46:	20 e0       	ldi	r18, 0x00	; 0
    1c48:	30 e0       	ldi	r19, 0x00	; 0
    1c4a:	4a ef       	ldi	r20, 0xFA	; 250
    1c4c:	54 e4       	ldi	r21, 0x44	; 68
    1c4e:	0e 94 1f 02 	call	0x43e	; 0x43e <__mulsf3>
    1c52:	dc 01       	movw	r26, r24
    1c54:	cb 01       	movw	r24, r22
    1c56:	8d 8b       	std	Y+21, r24	; 0x15
    1c58:	9e 8b       	std	Y+22, r25	; 0x16
    1c5a:	af 8b       	std	Y+23, r26	; 0x17
    1c5c:	b8 8f       	std	Y+24, r27	; 0x18
	if (__tmp < 1.0)
    1c5e:	6d 89       	ldd	r22, Y+21	; 0x15
    1c60:	7e 89       	ldd	r23, Y+22	; 0x16
    1c62:	8f 89       	ldd	r24, Y+23	; 0x17
    1c64:	98 8d       	ldd	r25, Y+24	; 0x18
    1c66:	20 e0       	ldi	r18, 0x00	; 0
    1c68:	30 e0       	ldi	r19, 0x00	; 0
    1c6a:	40 e8       	ldi	r20, 0x80	; 128
    1c6c:	5f e3       	ldi	r21, 0x3F	; 63
    1c6e:	0e 94 79 03 	call	0x6f2	; 0x6f2 <__ltsf2>
    1c72:	88 23       	and	r24, r24
    1c74:	2c f4       	brge	.+10     	; 0x1c80 <Change_Password+0x290>
		__ticks = 1;
    1c76:	81 e0       	ldi	r24, 0x01	; 1
    1c78:	90 e0       	ldi	r25, 0x00	; 0
    1c7a:	9c 8b       	std	Y+20, r25	; 0x14
    1c7c:	8b 8b       	std	Y+19, r24	; 0x13
    1c7e:	3f c0       	rjmp	.+126    	; 0x1cfe <Change_Password+0x30e>
	else if (__tmp > 65535)
    1c80:	6d 89       	ldd	r22, Y+21	; 0x15
    1c82:	7e 89       	ldd	r23, Y+22	; 0x16
    1c84:	8f 89       	ldd	r24, Y+23	; 0x17
    1c86:	98 8d       	ldd	r25, Y+24	; 0x18
    1c88:	20 e0       	ldi	r18, 0x00	; 0
    1c8a:	3f ef       	ldi	r19, 0xFF	; 255
    1c8c:	4f e7       	ldi	r20, 0x7F	; 127
    1c8e:	57 e4       	ldi	r21, 0x47	; 71
    1c90:	0e 94 19 03 	call	0x632	; 0x632 <__gtsf2>
    1c94:	18 16       	cp	r1, r24
    1c96:	4c f5       	brge	.+82     	; 0x1cea <Change_Password+0x2fa>
	{
		//	__ticks = requested delay in 1/10 ms
		__ticks = (uint16_t) (__ms * 10.0);
    1c98:	69 8d       	ldd	r22, Y+25	; 0x19
    1c9a:	7a 8d       	ldd	r23, Y+26	; 0x1a
    1c9c:	8b 8d       	ldd	r24, Y+27	; 0x1b
    1c9e:	9c 8d       	ldd	r25, Y+28	; 0x1c
    1ca0:	20 e0       	ldi	r18, 0x00	; 0
    1ca2:	30 e0       	ldi	r19, 0x00	; 0
    1ca4:	40 e2       	ldi	r20, 0x20	; 32
    1ca6:	51 e4       	ldi	r21, 0x41	; 65
    1ca8:	0e 94 1f 02 	call	0x43e	; 0x43e <__mulsf3>
    1cac:	dc 01       	movw	r26, r24
    1cae:	cb 01       	movw	r24, r22
    1cb0:	bc 01       	movw	r22, r24
    1cb2:	cd 01       	movw	r24, r26
    1cb4:	0e 94 49 00 	call	0x92	; 0x92 <__fixunssfsi>
    1cb8:	dc 01       	movw	r26, r24
    1cba:	cb 01       	movw	r24, r22
    1cbc:	9c 8b       	std	Y+20, r25	; 0x14
    1cbe:	8b 8b       	std	Y+19, r24	; 0x13
    1cc0:	0f c0       	rjmp	.+30     	; 0x1ce0 <Change_Password+0x2f0>
    1cc2:	88 ec       	ldi	r24, 0xC8	; 200
    1cc4:	90 e0       	ldi	r25, 0x00	; 0
    1cc6:	9a 8b       	std	Y+18, r25	; 0x12
    1cc8:	89 8b       	std	Y+17, r24	; 0x11
    1cca:	89 89       	ldd	r24, Y+17	; 0x11
    1ccc:	9a 89       	ldd	r25, Y+18	; 0x12
    1cce:	01 97       	sbiw	r24, 0x01	; 1
    1cd0:	f1 f7       	brne	.-4      	; 0x1cce <Change_Password+0x2de>
    1cd2:	9a 8b       	std	Y+18, r25	; 0x12
    1cd4:	89 8b       	std	Y+17, r24	; 0x11
		while(__ticks)
		{
			// wait 1/10 ms
			_delay_loop_2(((F_CPU) / 4e3) / 10);
			__ticks --;
    1cd6:	8b 89       	ldd	r24, Y+19	; 0x13
    1cd8:	9c 89       	ldd	r25, Y+20	; 0x14
    1cda:	01 97       	sbiw	r24, 0x01	; 1
    1cdc:	9c 8b       	std	Y+20, r25	; 0x14
    1cde:	8b 8b       	std	Y+19, r24	; 0x13
		__ticks = 1;
	else if (__tmp > 65535)
	{
		//	__ticks = requested delay in 1/10 ms
		__ticks = (uint16_t) (__ms * 10.0);
		while(__ticks)
    1ce0:	8b 89       	ldd	r24, Y+19	; 0x13
    1ce2:	9c 89       	ldd	r25, Y+20	; 0x14
    1ce4:	00 97       	sbiw	r24, 0x00	; 0
    1ce6:	69 f7       	brne	.-38     	; 0x1cc2 <Change_Password+0x2d2>
    1ce8:	14 c0       	rjmp	.+40     	; 0x1d12 <Change_Password+0x322>
			__ticks --;
		}
		return;
	}
	else
		__ticks = (uint16_t)__tmp;
    1cea:	6d 89       	ldd	r22, Y+21	; 0x15
    1cec:	7e 89       	ldd	r23, Y+22	; 0x16
    1cee:	8f 89       	ldd	r24, Y+23	; 0x17
    1cf0:	98 8d       	ldd	r25, Y+24	; 0x18
    1cf2:	0e 94 49 00 	call	0x92	; 0x92 <__fixunssfsi>
    1cf6:	dc 01       	movw	r26, r24
    1cf8:	cb 01       	movw	r24, r22
    1cfa:	9c 8b       	std	Y+20, r25	; 0x14
    1cfc:	8b 8b       	std	Y+19, r24	; 0x13
    1cfe:	8b 89       	ldd	r24, Y+19	; 0x13
    1d00:	9c 89       	ldd	r25, Y+20	; 0x14
    1d02:	98 8b       	std	Y+16, r25	; 0x10
    1d04:	8f 87       	std	Y+15, r24	; 0x0f
    1d06:	8f 85       	ldd	r24, Y+15	; 0x0f
    1d08:	98 89       	ldd	r25, Y+16	; 0x10
    1d0a:	01 97       	sbiw	r24, 0x01	; 1
    1d0c:	f1 f7       	brne	.-4      	; 0x1d0a <Change_Password+0x31a>
    1d0e:	98 8b       	std	Y+16, r25	; 0x10
    1d10:	8f 87       	std	Y+15, r24	; 0x0f
	_delay_ms(100);
	/*
	 * Send inserted password to MC2
	 */
	for (i = 0 ; i <5 ; i ++){
    1d12:	1d ae       	std	Y+61, r1	; 0x3d
    1d14:	1c ae       	std	Y+60, r1	; 0x3c
    1d16:	7f c0       	rjmp	.+254    	; 0x1e16 <Change_Password+0x426>
		UART_sendByte(Str4[i]); // send byte by byte
    1d18:	8c ad       	ldd	r24, Y+60	; 0x3c
    1d1a:	9d ad       	ldd	r25, Y+61	; 0x3d
    1d1c:	fc 01       	movw	r30, r24
    1d1e:	e6 5e       	subi	r30, 0xE6	; 230
    1d20:	fe 4f       	sbci	r31, 0xFE	; 254
    1d22:	80 81       	ld	r24, Z
    1d24:	0e 94 75 1a 	call	0x34ea	; 0x34ea <UART_sendByte>
    1d28:	80 e0       	ldi	r24, 0x00	; 0
    1d2a:	90 e0       	ldi	r25, 0x00	; 0
    1d2c:	a0 e2       	ldi	r26, 0x20	; 32
    1d2e:	b1 e4       	ldi	r27, 0x41	; 65
    1d30:	8b 87       	std	Y+11, r24	; 0x0b
    1d32:	9c 87       	std	Y+12, r25	; 0x0c
    1d34:	ad 87       	std	Y+13, r26	; 0x0d
    1d36:	be 87       	std	Y+14, r27	; 0x0e
 */
void
_delay_ms(double __ms)
{
	uint16_t __ticks;
	double __tmp = ((F_CPU) / 4e3) * __ms;
    1d38:	6b 85       	ldd	r22, Y+11	; 0x0b
    1d3a:	7c 85       	ldd	r23, Y+12	; 0x0c
    1d3c:	8d 85       	ldd	r24, Y+13	; 0x0d
    1d3e:	9e 85       	ldd	r25, Y+14	; 0x0e
    1d40:	20 e0       	ldi	r18, 0x00	; 0
    1d42:	30 e0       	ldi	r19, 0x00	; 0
    1d44:	4a ef       	ldi	r20, 0xFA	; 250
    1d46:	54 e4       	ldi	r21, 0x44	; 68
    1d48:	0e 94 1f 02 	call	0x43e	; 0x43e <__mulsf3>
    1d4c:	dc 01       	movw	r26, r24
    1d4e:	cb 01       	movw	r24, r22
    1d50:	8f 83       	std	Y+7, r24	; 0x07
    1d52:	98 87       	std	Y+8, r25	; 0x08
    1d54:	a9 87       	std	Y+9, r26	; 0x09
    1d56:	ba 87       	std	Y+10, r27	; 0x0a
	if (__tmp < 1.0)
    1d58:	6f 81       	ldd	r22, Y+7	; 0x07
    1d5a:	78 85       	ldd	r23, Y+8	; 0x08
    1d5c:	89 85       	ldd	r24, Y+9	; 0x09
    1d5e:	9a 85       	ldd	r25, Y+10	; 0x0a
    1d60:	20 e0       	ldi	r18, 0x00	; 0
    1d62:	30 e0       	ldi	r19, 0x00	; 0
    1d64:	40 e8       	ldi	r20, 0x80	; 128
    1d66:	5f e3       	ldi	r21, 0x3F	; 63
    1d68:	0e 94 79 03 	call	0x6f2	; 0x6f2 <__ltsf2>
    1d6c:	88 23       	and	r24, r24
    1d6e:	2c f4       	brge	.+10     	; 0x1d7a <Change_Password+0x38a>
		__ticks = 1;
    1d70:	81 e0       	ldi	r24, 0x01	; 1
    1d72:	90 e0       	ldi	r25, 0x00	; 0
    1d74:	9e 83       	std	Y+6, r25	; 0x06
    1d76:	8d 83       	std	Y+5, r24	; 0x05
    1d78:	3f c0       	rjmp	.+126    	; 0x1df8 <Change_Password+0x408>
	else if (__tmp > 65535)
    1d7a:	6f 81       	ldd	r22, Y+7	; 0x07
    1d7c:	78 85       	ldd	r23, Y+8	; 0x08
    1d7e:	89 85       	ldd	r24, Y+9	; 0x09
    1d80:	9a 85       	ldd	r25, Y+10	; 0x0a
    1d82:	20 e0       	ldi	r18, 0x00	; 0
    1d84:	3f ef       	ldi	r19, 0xFF	; 255
    1d86:	4f e7       	ldi	r20, 0x7F	; 127
    1d88:	57 e4       	ldi	r21, 0x47	; 71
    1d8a:	0e 94 19 03 	call	0x632	; 0x632 <__gtsf2>
    1d8e:	18 16       	cp	r1, r24
    1d90:	4c f5       	brge	.+82     	; 0x1de4 <Change_Password+0x3f4>
	{
		//	__ticks = requested delay in 1/10 ms
		__ticks = (uint16_t) (__ms * 10.0);
    1d92:	6b 85       	ldd	r22, Y+11	; 0x0b
    1d94:	7c 85       	ldd	r23, Y+12	; 0x0c
    1d96:	8d 85       	ldd	r24, Y+13	; 0x0d
    1d98:	9e 85       	ldd	r25, Y+14	; 0x0e
    1d9a:	20 e0       	ldi	r18, 0x00	; 0
    1d9c:	30 e0       	ldi	r19, 0x00	; 0
    1d9e:	40 e2       	ldi	r20, 0x20	; 32
    1da0:	51 e4       	ldi	r21, 0x41	; 65
    1da2:	0e 94 1f 02 	call	0x43e	; 0x43e <__mulsf3>
    1da6:	dc 01       	movw	r26, r24
    1da8:	cb 01       	movw	r24, r22
    1daa:	bc 01       	movw	r22, r24
    1dac:	cd 01       	movw	r24, r26
    1dae:	0e 94 49 00 	call	0x92	; 0x92 <__fixunssfsi>
    1db2:	dc 01       	movw	r26, r24
    1db4:	cb 01       	movw	r24, r22
    1db6:	9e 83       	std	Y+6, r25	; 0x06
    1db8:	8d 83       	std	Y+5, r24	; 0x05
    1dba:	0f c0       	rjmp	.+30     	; 0x1dda <Change_Password+0x3ea>
    1dbc:	88 ec       	ldi	r24, 0xC8	; 200
    1dbe:	90 e0       	ldi	r25, 0x00	; 0
    1dc0:	9c 83       	std	Y+4, r25	; 0x04
    1dc2:	8b 83       	std	Y+3, r24	; 0x03
    1dc4:	8b 81       	ldd	r24, Y+3	; 0x03
    1dc6:	9c 81       	ldd	r25, Y+4	; 0x04
    1dc8:	01 97       	sbiw	r24, 0x01	; 1
    1dca:	f1 f7       	brne	.-4      	; 0x1dc8 <Change_Password+0x3d8>
    1dcc:	9c 83       	std	Y+4, r25	; 0x04
    1dce:	8b 83       	std	Y+3, r24	; 0x03
		while(__ticks)
		{
			// wait 1/10 ms
			_delay_loop_2(((F_CPU) / 4e3) / 10);
			__ticks --;
    1dd0:	8d 81       	ldd	r24, Y+5	; 0x05
    1dd2:	9e 81       	ldd	r25, Y+6	; 0x06
    1dd4:	01 97       	sbiw	r24, 0x01	; 1
    1dd6:	9e 83       	std	Y+6, r25	; 0x06
    1dd8:	8d 83       	std	Y+5, r24	; 0x05
		__ticks = 1;
	else if (__tmp > 65535)
	{
		//	__ticks = requested delay in 1/10 ms
		__ticks = (uint16_t) (__ms * 10.0);
		while(__ticks)
    1dda:	8d 81       	ldd	r24, Y+5	; 0x05
    1ddc:	9e 81       	ldd	r25, Y+6	; 0x06
    1dde:	00 97       	sbiw	r24, 0x00	; 0
    1de0:	69 f7       	brne	.-38     	; 0x1dbc <Change_Password+0x3cc>
    1de2:	14 c0       	rjmp	.+40     	; 0x1e0c <Change_Password+0x41c>
			__ticks --;
		}
		return;
	}
	else
		__ticks = (uint16_t)__tmp;
    1de4:	6f 81       	ldd	r22, Y+7	; 0x07
    1de6:	78 85       	ldd	r23, Y+8	; 0x08
    1de8:	89 85       	ldd	r24, Y+9	; 0x09
    1dea:	9a 85       	ldd	r25, Y+10	; 0x0a
    1dec:	0e 94 49 00 	call	0x92	; 0x92 <__fixunssfsi>
    1df0:	dc 01       	movw	r26, r24
    1df2:	cb 01       	movw	r24, r22
    1df4:	9e 83       	std	Y+6, r25	; 0x06
    1df6:	8d 83       	std	Y+5, r24	; 0x05
    1df8:	8d 81       	ldd	r24, Y+5	; 0x05
    1dfa:	9e 81       	ldd	r25, Y+6	; 0x06
    1dfc:	9a 83       	std	Y+2, r25	; 0x02
    1dfe:	89 83       	std	Y+1, r24	; 0x01
    1e00:	89 81       	ldd	r24, Y+1	; 0x01
    1e02:	9a 81       	ldd	r25, Y+2	; 0x02
    1e04:	01 97       	sbiw	r24, 0x01	; 1
    1e06:	f1 f7       	brne	.-4      	; 0x1e04 <Change_Password+0x414>
    1e08:	9a 83       	std	Y+2, r25	; 0x02
    1e0a:	89 83       	std	Y+1, r24	; 0x01
	UART_sendByte(Change_Pass_State); // send configured byte to MC2 that tells it to compare it with the one there about Change Password senario
	_delay_ms(100);
	/*
	 * Send inserted password to MC2
	 */
	for (i = 0 ; i <5 ; i ++){
    1e0c:	8c ad       	ldd	r24, Y+60	; 0x3c
    1e0e:	9d ad       	ldd	r25, Y+61	; 0x3d
    1e10:	01 96       	adiw	r24, 0x01	; 1
    1e12:	9d af       	std	Y+61, r25	; 0x3d
    1e14:	8c af       	std	Y+60, r24	; 0x3c
    1e16:	8c ad       	ldd	r24, Y+60	; 0x3c
    1e18:	9d ad       	ldd	r25, Y+61	; 0x3d
    1e1a:	85 30       	cpi	r24, 0x05	; 5
    1e1c:	91 05       	cpc	r25, r1
    1e1e:	0c f4       	brge	.+2      	; 0x1e22 <Change_Password+0x432>
    1e20:	7b cf       	rjmp	.-266    	; 0x1d18 <Change_Password+0x328>
		UART_sendByte(Str4[i]); // send byte by byte
		_delay_ms(10);
	}
	action_2 = UART_recieveByte(); // receiving configured byte from MC2 whether matches or not
    1e22:	0e 94 8c 1a 	call	0x3518	; 0x3518 <UART_recieveByte>
    1e26:	88 2f       	mov	r24, r24
    1e28:	90 e0       	ldi	r25, 0x00	; 0
    1e2a:	9b af       	std	Y+59, r25	; 0x3b
    1e2c:	8a af       	std	Y+58, r24	; 0x3a
	if (action_2 == OK){ // if matches Ask the user to re set up his password again
    1e2e:	8a ad       	ldd	r24, Y+58	; 0x3a
    1e30:	9b ad       	ldd	r25, Y+59	; 0x3b
    1e32:	00 97       	sbiw	r24, 0x00	; 0
    1e34:	19 f4       	brne	.+6      	; 0x1e3c <Change_Password+0x44c>
		Setting_Up_Password() ; // call set up function
    1e36:	0e 94 de 05 	call	0xbbc	; 0xbbc <Setting_Up_Password>
    1e3a:	5c c0       	rjmp	.+184    	; 0x1ef4 <Change_Password+0x504>

	}else if (action_2 == (NOT_OK + 3 )){ // If not for 3 times it will display error wrong password
    1e3c:	8a ad       	ldd	r24, Y+58	; 0x3a
    1e3e:	9b ad       	ldd	r25, Y+59	; 0x3b
    1e40:	86 30       	cpi	r24, 0x06	; 6
    1e42:	91 05       	cpc	r25, r1
    1e44:	09 f0       	breq	.+2      	; 0x1e48 <Change_Password+0x458>
    1e46:	54 c0       	rjmp	.+168    	; 0x1ef0 <Change_Password+0x500>
		UART_sendByte(BUZZER_ON); // Send to MC2 to start a buzzer on
    1e48:	82 e0       	ldi	r24, 0x02	; 2
    1e4a:	0e 94 75 1a 	call	0x34ea	; 0x34ea <UART_sendByte>
		LCD_clearScreen(); // clear screen
    1e4e:	0e 94 d0 18 	call	0x31a0	; 0x31a0 <LCD_clearScreen>
		LCD_displayStringRowColumn(0, 0, "ERROR"); // display
    1e52:	25 ed       	ldi	r18, 0xD5	; 213
    1e54:	30 e0       	ldi	r19, 0x00	; 0
    1e56:	80 e0       	ldi	r24, 0x00	; 0
    1e58:	60 e0       	ldi	r22, 0x00	; 0
    1e5a:	a9 01       	movw	r20, r18
    1e5c:	0e 94 94 18 	call	0x3128	; 0x3128 <LCD_displayStringRowColumn>
		LCD_displayStringRowColumn(0, 0, "WRONG PASSWORD");// display
    1e60:	26 ec       	ldi	r18, 0xC6	; 198
    1e62:	30 e0       	ldi	r19, 0x00	; 0
    1e64:	80 e0       	ldi	r24, 0x00	; 0
    1e66:	60 e0       	ldi	r22, 0x00	; 0
    1e68:	a9 01       	movw	r20, r18
    1e6a:	0e 94 94 18 	call	0x3128	; 0x3128 <LCD_displayStringRowColumn>
		Timer0_config config = {CLOCK_1024,CTC,0,250};
    1e6e:	ce 01       	movw	r24, r28
    1e70:	ce 96       	adiw	r24, 0x3e	; 62
    1e72:	26 96       	adiw	r28, 0x06	; 6
    1e74:	9f af       	std	Y+63, r25	; 0x3f
    1e76:	8e af       	std	Y+62, r24	; 0x3e
    1e78:	26 97       	sbiw	r28, 0x06	; 6
    1e7a:	e8 e0       	ldi	r30, 0x08	; 8
    1e7c:	f1 e0       	ldi	r31, 0x01	; 1
    1e7e:	28 96       	adiw	r28, 0x08	; 8
    1e80:	ff af       	std	Y+63, r31	; 0x3f
    1e82:	ee af       	std	Y+62, r30	; 0x3e
    1e84:	28 97       	sbiw	r28, 0x08	; 8
    1e86:	f6 e0       	ldi	r31, 0x06	; 6
    1e88:	29 96       	adiw	r28, 0x09	; 9
    1e8a:	ff af       	std	Y+63, r31	; 0x3f
    1e8c:	29 97       	sbiw	r28, 0x09	; 9
    1e8e:	28 96       	adiw	r28, 0x08	; 8
    1e90:	ee ad       	ldd	r30, Y+62	; 0x3e
    1e92:	ff ad       	ldd	r31, Y+63	; 0x3f
    1e94:	28 97       	sbiw	r28, 0x08	; 8
    1e96:	00 80       	ld	r0, Z
    1e98:	28 96       	adiw	r28, 0x08	; 8
    1e9a:	8e ad       	ldd	r24, Y+62	; 0x3e
    1e9c:	9f ad       	ldd	r25, Y+63	; 0x3f
    1e9e:	28 97       	sbiw	r28, 0x08	; 8
    1ea0:	01 96       	adiw	r24, 0x01	; 1
    1ea2:	28 96       	adiw	r28, 0x08	; 8
    1ea4:	9f af       	std	Y+63, r25	; 0x3f
    1ea6:	8e af       	std	Y+62, r24	; 0x3e
    1ea8:	28 97       	sbiw	r28, 0x08	; 8
    1eaa:	26 96       	adiw	r28, 0x06	; 6
    1eac:	ee ad       	ldd	r30, Y+62	; 0x3e
    1eae:	ff ad       	ldd	r31, Y+63	; 0x3f
    1eb0:	26 97       	sbiw	r28, 0x06	; 6
    1eb2:	00 82       	st	Z, r0
    1eb4:	26 96       	adiw	r28, 0x06	; 6
    1eb6:	8e ad       	ldd	r24, Y+62	; 0x3e
    1eb8:	9f ad       	ldd	r25, Y+63	; 0x3f
    1eba:	26 97       	sbiw	r28, 0x06	; 6
    1ebc:	01 96       	adiw	r24, 0x01	; 1
    1ebe:	26 96       	adiw	r28, 0x06	; 6
    1ec0:	9f af       	std	Y+63, r25	; 0x3f
    1ec2:	8e af       	std	Y+62, r24	; 0x3e
    1ec4:	26 97       	sbiw	r28, 0x06	; 6
    1ec6:	29 96       	adiw	r28, 0x09	; 9
    1ec8:	9f ad       	ldd	r25, Y+63	; 0x3f
    1eca:	29 97       	sbiw	r28, 0x09	; 9
    1ecc:	91 50       	subi	r25, 0x01	; 1
    1ece:	29 96       	adiw	r28, 0x09	; 9
    1ed0:	9f af       	std	Y+63, r25	; 0x3f
    1ed2:	29 97       	sbiw	r28, 0x09	; 9
    1ed4:	29 96       	adiw	r28, 0x09	; 9
    1ed6:	ef ad       	ldd	r30, Y+63	; 0x3f
    1ed8:	29 97       	sbiw	r28, 0x09	; 9
    1eda:	ee 23       	and	r30, r30
    1edc:	c1 f6       	brne	.-80     	; 0x1e8e <Change_Password+0x49e>
		Timer0_init(&config); // initializing
    1ede:	ce 01       	movw	r24, r28
    1ee0:	ce 96       	adiw	r24, 0x3e	; 62
    1ee2:	0e 94 40 19 	call	0x3280	; 0x3280 <Timer0_init>
		Timer0_SetcallBack(&BUZZER_ON_MIN); // Set call back function to the buzzer state senario
    1ee6:	88 ec       	ldi	r24, 0xC8	; 200
    1ee8:	9f e0       	ldi	r25, 0x0F	; 15
    1eea:	0e 94 a3 19 	call	0x3346	; 0x3346 <Timer0_SetcallBack>
    1eee:	02 c0       	rjmp	.+4      	; 0x1ef4 <Change_Password+0x504>

	}else {
		Change_Password(); // Call Change password function
    1ef0:	0e 94 f8 0c 	call	0x19f0	; 0x19f0 <Change_Password>

	}
}
    1ef4:	c8 5b       	subi	r28, 0xB8	; 184
    1ef6:	df 4f       	sbci	r29, 0xFF	; 255
    1ef8:	0f b6       	in	r0, 0x3f	; 63
    1efa:	f8 94       	cli
    1efc:	de bf       	out	0x3e, r29	; 62
    1efe:	0f be       	out	0x3f, r0	; 63
    1f00:	cd bf       	out	0x3d, r28	; 61
    1f02:	cf 91       	pop	r28
    1f04:	df 91       	pop	r29
    1f06:	08 95       	ret

00001f08 <Timer0_Door_Delay>:
 * Call back function for door delay Function that is called every interrupt
 As we have choosen prescale 1024 , OCR0 = 250 , therefore new clock is 7812.5 , each clock will take
 0.000128 sec ,   0.000128 sec x 250 , therefore every interrupt will come after 0.032 , therefore each 1 sec will
 come after 31.25 ticks
 */
void Timer0_Door_Delay(void){
    1f08:	df 93       	push	r29
    1f0a:	cf 93       	push	r28
    1f0c:	cd b7       	in	r28, 0x3d	; 61
    1f0e:	de b7       	in	r29, 0x3e	; 62

	if (tick1 == 469){ // AFTER 15 SEC 31.25 X 15 = 468.75 ~ 469
    1f10:	80 91 0e 01 	lds	r24, 0x010E
    1f14:	90 91 0f 01 	lds	r25, 0x010F
    1f18:	21 e0       	ldi	r18, 0x01	; 1
    1f1a:	85 3d       	cpi	r24, 0xD5	; 213
    1f1c:	92 07       	cpc	r25, r18
    1f1e:	51 f4       	brne	.+20     	; 0x1f34 <Timer0_Door_Delay+0x2c>
		LCD_clearScreen();
    1f20:	0e 94 d0 18 	call	0x31a0	; 0x31a0 <LCD_clearScreen>
		LCD_displayStringRowColumn(0, 0,"Door Opened");
    1f24:	2b ed       	ldi	r18, 0xDB	; 219
    1f26:	30 e0       	ldi	r19, 0x00	; 0
    1f28:	80 e0       	ldi	r24, 0x00	; 0
    1f2a:	60 e0       	ldi	r22, 0x00	; 0
    1f2c:	a9 01       	movw	r20, r18
    1f2e:	0e 94 94 18 	call	0x3128	; 0x3128 <LCD_displayStringRowColumn>
    1f32:	22 c0       	rjmp	.+68     	; 0x1f78 <Timer0_Door_Delay+0x70>
	}else if (tick1 == 562){// AFTER 18 SEC 31.25 X 18 = 562.5 ~ 562
    1f34:	80 91 0e 01 	lds	r24, 0x010E
    1f38:	90 91 0f 01 	lds	r25, 0x010F
    1f3c:	22 e0       	ldi	r18, 0x02	; 2
    1f3e:	82 33       	cpi	r24, 0x32	; 50
    1f40:	92 07       	cpc	r25, r18
    1f42:	51 f4       	brne	.+20     	; 0x1f58 <Timer0_Door_Delay+0x50>
		LCD_clearScreen();
    1f44:	0e 94 d0 18 	call	0x31a0	; 0x31a0 <LCD_clearScreen>
		LCD_displayStringRowColumn(0, 0,"Door Closing");
    1f48:	27 ee       	ldi	r18, 0xE7	; 231
    1f4a:	30 e0       	ldi	r19, 0x00	; 0
    1f4c:	80 e0       	ldi	r24, 0x00	; 0
    1f4e:	60 e0       	ldi	r22, 0x00	; 0
    1f50:	a9 01       	movw	r20, r18
    1f52:	0e 94 94 18 	call	0x3128	; 0x3128 <LCD_displayStringRowColumn>
    1f56:	10 c0       	rjmp	.+32     	; 0x1f78 <Timer0_Door_Delay+0x70>
	}else if (tick1 == 1031){// AFTER 33 SEC 31.25 X 33 = 1031.25 ~ 1031
    1f58:	80 91 0e 01 	lds	r24, 0x010E
    1f5c:	90 91 0f 01 	lds	r25, 0x010F
    1f60:	24 e0       	ldi	r18, 0x04	; 4
    1f62:	87 30       	cpi	r24, 0x07	; 7
    1f64:	92 07       	cpc	r25, r18
    1f66:	41 f4       	brne	.+16     	; 0x1f78 <Timer0_Door_Delay+0x70>
		Time0_deinit();// Disable timer
    1f68:	0e 94 b5 19 	call	0x336a	; 0x336a <Time0_deinit>
		Home(); // Call Home Function
    1f6c:	0e 94 0a 0a 	call	0x1414	; 0x1414 <Home>
		tick1 = 0 ;
    1f70:	10 92 0f 01 	sts	0x010F, r1
    1f74:	10 92 0e 01 	sts	0x010E, r1
	}
	tick1 ++ ;
    1f78:	80 91 0e 01 	lds	r24, 0x010E
    1f7c:	90 91 0f 01 	lds	r25, 0x010F
    1f80:	01 96       	adiw	r24, 0x01	; 1
    1f82:	90 93 0f 01 	sts	0x010F, r25
    1f86:	80 93 0e 01 	sts	0x010E, r24
}
    1f8a:	cf 91       	pop	r28
    1f8c:	df 91       	pop	r29
    1f8e:	08 95       	ret

00001f90 <BUZZER_ON_MIN>:
 * Call back function for Buzzer delay Function that is called every interrupt
 As we have choosen prescale 1024 , OCR0 = 250 , therefore new clock is 7812.5 , each clock will take
 0.000128 sec ,   0.000128 sec x 250 , therefore every interrupt will come after 0.032 , therefore each 1 sec will
 come after 31.25 ticks
 */
void BUZZER_ON_MIN(void){
    1f90:	df 93       	push	r29
    1f92:	cf 93       	push	r28
    1f94:	cd b7       	in	r28, 0x3d	; 61
    1f96:	de b7       	in	r29, 0x3e	; 62

	if (tick2 == 1875){// AFTER 1 min = 60 SEC 31.25 X 60 = 1875
    1f98:	80 91 10 01 	lds	r24, 0x0110
    1f9c:	90 91 11 01 	lds	r25, 0x0111
    1fa0:	27 e0       	ldi	r18, 0x07	; 7
    1fa2:	83 35       	cpi	r24, 0x53	; 83
    1fa4:	92 07       	cpc	r25, r18
    1fa6:	41 f4       	brne	.+16     	; 0x1fb8 <BUZZER_ON_MIN+0x28>
		Time0_deinit(); // Disable timer
    1fa8:	0e 94 b5 19 	call	0x336a	; 0x336a <Time0_deinit>
		Home(); // Call Home Function
    1fac:	0e 94 0a 0a 	call	0x1414	; 0x1414 <Home>
		tick2 = 0 ;
    1fb0:	10 92 11 01 	sts	0x0111, r1
    1fb4:	10 92 10 01 	sts	0x0110, r1
	}
	tick2 ++ ;
    1fb8:	80 91 10 01 	lds	r24, 0x0110
    1fbc:	90 91 11 01 	lds	r25, 0x0111
    1fc0:	01 96       	adiw	r24, 0x01	; 1
    1fc2:	90 93 11 01 	sts	0x0111, r25
    1fc6:	80 93 10 01 	sts	0x0110, r24
}
    1fca:	cf 91       	pop	r28
    1fcc:	df 91       	pop	r29
    1fce:	08 95       	ret

00001fd0 <GPIO_setupPinDirection>:
 * Description :
 * Setup the direction of the required pin input/output.
 * If the input port number or pin number are not correct, The function will not handle the request.
 */
void GPIO_setupPinDirection(uint8 port_num, uint8 pin_num, GPIO_PinDirectionType direction)
{
    1fd0:	df 93       	push	r29
    1fd2:	cf 93       	push	r28
    1fd4:	00 d0       	rcall	.+0      	; 0x1fd6 <GPIO_setupPinDirection+0x6>
    1fd6:	00 d0       	rcall	.+0      	; 0x1fd8 <GPIO_setupPinDirection+0x8>
    1fd8:	0f 92       	push	r0
    1fda:	cd b7       	in	r28, 0x3d	; 61
    1fdc:	de b7       	in	r29, 0x3e	; 62
    1fde:	89 83       	std	Y+1, r24	; 0x01
    1fe0:	6a 83       	std	Y+2, r22	; 0x02
    1fe2:	4b 83       	std	Y+3, r20	; 0x03
	/*
	 * Check if the input port number is greater than NUM_OF_PINS_PER_PORT value.
	 * Or if the input pin number is greater than NUM_OF_PINS_PER_PORT value.
	 * In this case the input is not valid port/pin number
	 */
	if((pin_num >= NUM_OF_PINS_PER_PORT) || (port_num >= NUM_OF_PORTS))
    1fe4:	8a 81       	ldd	r24, Y+2	; 0x02
    1fe6:	88 30       	cpi	r24, 0x08	; 8
    1fe8:	08 f0       	brcs	.+2      	; 0x1fec <GPIO_setupPinDirection+0x1c>
    1fea:	d5 c0       	rjmp	.+426    	; 0x2196 <GPIO_setupPinDirection+0x1c6>
    1fec:	89 81       	ldd	r24, Y+1	; 0x01
    1fee:	84 30       	cpi	r24, 0x04	; 4
    1ff0:	08 f0       	brcs	.+2      	; 0x1ff4 <GPIO_setupPinDirection+0x24>
    1ff2:	d1 c0       	rjmp	.+418    	; 0x2196 <GPIO_setupPinDirection+0x1c6>
		/* Do Nothing */
	}
	else
	{
		/* Setup the pin direction as required */
		switch(port_num)
    1ff4:	89 81       	ldd	r24, Y+1	; 0x01
    1ff6:	28 2f       	mov	r18, r24
    1ff8:	30 e0       	ldi	r19, 0x00	; 0
    1ffa:	3d 83       	std	Y+5, r19	; 0x05
    1ffc:	2c 83       	std	Y+4, r18	; 0x04
    1ffe:	8c 81       	ldd	r24, Y+4	; 0x04
    2000:	9d 81       	ldd	r25, Y+5	; 0x05
    2002:	81 30       	cpi	r24, 0x01	; 1
    2004:	91 05       	cpc	r25, r1
    2006:	09 f4       	brne	.+2      	; 0x200a <GPIO_setupPinDirection+0x3a>
    2008:	43 c0       	rjmp	.+134    	; 0x2090 <GPIO_setupPinDirection+0xc0>
    200a:	2c 81       	ldd	r18, Y+4	; 0x04
    200c:	3d 81       	ldd	r19, Y+5	; 0x05
    200e:	22 30       	cpi	r18, 0x02	; 2
    2010:	31 05       	cpc	r19, r1
    2012:	2c f4       	brge	.+10     	; 0x201e <GPIO_setupPinDirection+0x4e>
    2014:	8c 81       	ldd	r24, Y+4	; 0x04
    2016:	9d 81       	ldd	r25, Y+5	; 0x05
    2018:	00 97       	sbiw	r24, 0x00	; 0
    201a:	71 f0       	breq	.+28     	; 0x2038 <GPIO_setupPinDirection+0x68>
    201c:	bc c0       	rjmp	.+376    	; 0x2196 <GPIO_setupPinDirection+0x1c6>
    201e:	2c 81       	ldd	r18, Y+4	; 0x04
    2020:	3d 81       	ldd	r19, Y+5	; 0x05
    2022:	22 30       	cpi	r18, 0x02	; 2
    2024:	31 05       	cpc	r19, r1
    2026:	09 f4       	brne	.+2      	; 0x202a <GPIO_setupPinDirection+0x5a>
    2028:	5f c0       	rjmp	.+190    	; 0x20e8 <GPIO_setupPinDirection+0x118>
    202a:	8c 81       	ldd	r24, Y+4	; 0x04
    202c:	9d 81       	ldd	r25, Y+5	; 0x05
    202e:	83 30       	cpi	r24, 0x03	; 3
    2030:	91 05       	cpc	r25, r1
    2032:	09 f4       	brne	.+2      	; 0x2036 <GPIO_setupPinDirection+0x66>
    2034:	85 c0       	rjmp	.+266    	; 0x2140 <GPIO_setupPinDirection+0x170>
    2036:	af c0       	rjmp	.+350    	; 0x2196 <GPIO_setupPinDirection+0x1c6>
		{
		case PORTA_ID:
			if(direction == PIN_OUTPUT)
    2038:	8b 81       	ldd	r24, Y+3	; 0x03
    203a:	81 30       	cpi	r24, 0x01	; 1
    203c:	a1 f4       	brne	.+40     	; 0x2066 <GPIO_setupPinDirection+0x96>
			{
				SET_BIT(DDRA,pin_num);
    203e:	aa e3       	ldi	r26, 0x3A	; 58
    2040:	b0 e0       	ldi	r27, 0x00	; 0
    2042:	ea e3       	ldi	r30, 0x3A	; 58
    2044:	f0 e0       	ldi	r31, 0x00	; 0
    2046:	80 81       	ld	r24, Z
    2048:	48 2f       	mov	r20, r24
    204a:	8a 81       	ldd	r24, Y+2	; 0x02
    204c:	28 2f       	mov	r18, r24
    204e:	30 e0       	ldi	r19, 0x00	; 0
    2050:	81 e0       	ldi	r24, 0x01	; 1
    2052:	90 e0       	ldi	r25, 0x00	; 0
    2054:	02 2e       	mov	r0, r18
    2056:	02 c0       	rjmp	.+4      	; 0x205c <GPIO_setupPinDirection+0x8c>
    2058:	88 0f       	add	r24, r24
    205a:	99 1f       	adc	r25, r25
    205c:	0a 94       	dec	r0
    205e:	e2 f7       	brpl	.-8      	; 0x2058 <GPIO_setupPinDirection+0x88>
    2060:	84 2b       	or	r24, r20
    2062:	8c 93       	st	X, r24
    2064:	98 c0       	rjmp	.+304    	; 0x2196 <GPIO_setupPinDirection+0x1c6>
			}
			else
			{
				CLEAR_BIT(DDRA,pin_num);
    2066:	aa e3       	ldi	r26, 0x3A	; 58
    2068:	b0 e0       	ldi	r27, 0x00	; 0
    206a:	ea e3       	ldi	r30, 0x3A	; 58
    206c:	f0 e0       	ldi	r31, 0x00	; 0
    206e:	80 81       	ld	r24, Z
    2070:	48 2f       	mov	r20, r24
    2072:	8a 81       	ldd	r24, Y+2	; 0x02
    2074:	28 2f       	mov	r18, r24
    2076:	30 e0       	ldi	r19, 0x00	; 0
    2078:	81 e0       	ldi	r24, 0x01	; 1
    207a:	90 e0       	ldi	r25, 0x00	; 0
    207c:	02 2e       	mov	r0, r18
    207e:	02 c0       	rjmp	.+4      	; 0x2084 <GPIO_setupPinDirection+0xb4>
    2080:	88 0f       	add	r24, r24
    2082:	99 1f       	adc	r25, r25
    2084:	0a 94       	dec	r0
    2086:	e2 f7       	brpl	.-8      	; 0x2080 <GPIO_setupPinDirection+0xb0>
    2088:	80 95       	com	r24
    208a:	84 23       	and	r24, r20
    208c:	8c 93       	st	X, r24
    208e:	83 c0       	rjmp	.+262    	; 0x2196 <GPIO_setupPinDirection+0x1c6>
			}
			break;
		case PORTB_ID:
			if(direction == PIN_OUTPUT)
    2090:	8b 81       	ldd	r24, Y+3	; 0x03
    2092:	81 30       	cpi	r24, 0x01	; 1
    2094:	a1 f4       	brne	.+40     	; 0x20be <GPIO_setupPinDirection+0xee>
			{
				SET_BIT(DDRB,pin_num);
    2096:	a7 e3       	ldi	r26, 0x37	; 55
    2098:	b0 e0       	ldi	r27, 0x00	; 0
    209a:	e7 e3       	ldi	r30, 0x37	; 55
    209c:	f0 e0       	ldi	r31, 0x00	; 0
    209e:	80 81       	ld	r24, Z
    20a0:	48 2f       	mov	r20, r24
    20a2:	8a 81       	ldd	r24, Y+2	; 0x02
    20a4:	28 2f       	mov	r18, r24
    20a6:	30 e0       	ldi	r19, 0x00	; 0
    20a8:	81 e0       	ldi	r24, 0x01	; 1
    20aa:	90 e0       	ldi	r25, 0x00	; 0
    20ac:	02 2e       	mov	r0, r18
    20ae:	02 c0       	rjmp	.+4      	; 0x20b4 <GPIO_setupPinDirection+0xe4>
    20b0:	88 0f       	add	r24, r24
    20b2:	99 1f       	adc	r25, r25
    20b4:	0a 94       	dec	r0
    20b6:	e2 f7       	brpl	.-8      	; 0x20b0 <GPIO_setupPinDirection+0xe0>
    20b8:	84 2b       	or	r24, r20
    20ba:	8c 93       	st	X, r24
    20bc:	6c c0       	rjmp	.+216    	; 0x2196 <GPIO_setupPinDirection+0x1c6>
			}
			else
			{
				CLEAR_BIT(DDRB,pin_num);
    20be:	a7 e3       	ldi	r26, 0x37	; 55
    20c0:	b0 e0       	ldi	r27, 0x00	; 0
    20c2:	e7 e3       	ldi	r30, 0x37	; 55
    20c4:	f0 e0       	ldi	r31, 0x00	; 0
    20c6:	80 81       	ld	r24, Z
    20c8:	48 2f       	mov	r20, r24
    20ca:	8a 81       	ldd	r24, Y+2	; 0x02
    20cc:	28 2f       	mov	r18, r24
    20ce:	30 e0       	ldi	r19, 0x00	; 0
    20d0:	81 e0       	ldi	r24, 0x01	; 1
    20d2:	90 e0       	ldi	r25, 0x00	; 0
    20d4:	02 2e       	mov	r0, r18
    20d6:	02 c0       	rjmp	.+4      	; 0x20dc <GPIO_setupPinDirection+0x10c>
    20d8:	88 0f       	add	r24, r24
    20da:	99 1f       	adc	r25, r25
    20dc:	0a 94       	dec	r0
    20de:	e2 f7       	brpl	.-8      	; 0x20d8 <GPIO_setupPinDirection+0x108>
    20e0:	80 95       	com	r24
    20e2:	84 23       	and	r24, r20
    20e4:	8c 93       	st	X, r24
    20e6:	57 c0       	rjmp	.+174    	; 0x2196 <GPIO_setupPinDirection+0x1c6>
			}
			break;
		case PORTC_ID:
			if(direction == PIN_OUTPUT)
    20e8:	8b 81       	ldd	r24, Y+3	; 0x03
    20ea:	81 30       	cpi	r24, 0x01	; 1
    20ec:	a1 f4       	brne	.+40     	; 0x2116 <GPIO_setupPinDirection+0x146>
			{
				SET_BIT(DDRC,pin_num);
    20ee:	a4 e3       	ldi	r26, 0x34	; 52
    20f0:	b0 e0       	ldi	r27, 0x00	; 0
    20f2:	e4 e3       	ldi	r30, 0x34	; 52
    20f4:	f0 e0       	ldi	r31, 0x00	; 0
    20f6:	80 81       	ld	r24, Z
    20f8:	48 2f       	mov	r20, r24
    20fa:	8a 81       	ldd	r24, Y+2	; 0x02
    20fc:	28 2f       	mov	r18, r24
    20fe:	30 e0       	ldi	r19, 0x00	; 0
    2100:	81 e0       	ldi	r24, 0x01	; 1
    2102:	90 e0       	ldi	r25, 0x00	; 0
    2104:	02 2e       	mov	r0, r18
    2106:	02 c0       	rjmp	.+4      	; 0x210c <GPIO_setupPinDirection+0x13c>
    2108:	88 0f       	add	r24, r24
    210a:	99 1f       	adc	r25, r25
    210c:	0a 94       	dec	r0
    210e:	e2 f7       	brpl	.-8      	; 0x2108 <GPIO_setupPinDirection+0x138>
    2110:	84 2b       	or	r24, r20
    2112:	8c 93       	st	X, r24
    2114:	40 c0       	rjmp	.+128    	; 0x2196 <GPIO_setupPinDirection+0x1c6>
			}
			else
			{
				CLEAR_BIT(DDRC,pin_num);
    2116:	a4 e3       	ldi	r26, 0x34	; 52
    2118:	b0 e0       	ldi	r27, 0x00	; 0
    211a:	e4 e3       	ldi	r30, 0x34	; 52
    211c:	f0 e0       	ldi	r31, 0x00	; 0
    211e:	80 81       	ld	r24, Z
    2120:	48 2f       	mov	r20, r24
    2122:	8a 81       	ldd	r24, Y+2	; 0x02
    2124:	28 2f       	mov	r18, r24
    2126:	30 e0       	ldi	r19, 0x00	; 0
    2128:	81 e0       	ldi	r24, 0x01	; 1
    212a:	90 e0       	ldi	r25, 0x00	; 0
    212c:	02 2e       	mov	r0, r18
    212e:	02 c0       	rjmp	.+4      	; 0x2134 <GPIO_setupPinDirection+0x164>
    2130:	88 0f       	add	r24, r24
    2132:	99 1f       	adc	r25, r25
    2134:	0a 94       	dec	r0
    2136:	e2 f7       	brpl	.-8      	; 0x2130 <GPIO_setupPinDirection+0x160>
    2138:	80 95       	com	r24
    213a:	84 23       	and	r24, r20
    213c:	8c 93       	st	X, r24
    213e:	2b c0       	rjmp	.+86     	; 0x2196 <GPIO_setupPinDirection+0x1c6>
			}
			break;
		case PORTD_ID:
			if(direction == PIN_OUTPUT)
    2140:	8b 81       	ldd	r24, Y+3	; 0x03
    2142:	81 30       	cpi	r24, 0x01	; 1
    2144:	a1 f4       	brne	.+40     	; 0x216e <GPIO_setupPinDirection+0x19e>
			{
				SET_BIT(DDRD,pin_num);
    2146:	a1 e3       	ldi	r26, 0x31	; 49
    2148:	b0 e0       	ldi	r27, 0x00	; 0
    214a:	e1 e3       	ldi	r30, 0x31	; 49
    214c:	f0 e0       	ldi	r31, 0x00	; 0
    214e:	80 81       	ld	r24, Z
    2150:	48 2f       	mov	r20, r24
    2152:	8a 81       	ldd	r24, Y+2	; 0x02
    2154:	28 2f       	mov	r18, r24
    2156:	30 e0       	ldi	r19, 0x00	; 0
    2158:	81 e0       	ldi	r24, 0x01	; 1
    215a:	90 e0       	ldi	r25, 0x00	; 0
    215c:	02 2e       	mov	r0, r18
    215e:	02 c0       	rjmp	.+4      	; 0x2164 <GPIO_setupPinDirection+0x194>
    2160:	88 0f       	add	r24, r24
    2162:	99 1f       	adc	r25, r25
    2164:	0a 94       	dec	r0
    2166:	e2 f7       	brpl	.-8      	; 0x2160 <GPIO_setupPinDirection+0x190>
    2168:	84 2b       	or	r24, r20
    216a:	8c 93       	st	X, r24
    216c:	14 c0       	rjmp	.+40     	; 0x2196 <GPIO_setupPinDirection+0x1c6>
			}
			else
			{
				CLEAR_BIT(DDRD,pin_num);
    216e:	a1 e3       	ldi	r26, 0x31	; 49
    2170:	b0 e0       	ldi	r27, 0x00	; 0
    2172:	e1 e3       	ldi	r30, 0x31	; 49
    2174:	f0 e0       	ldi	r31, 0x00	; 0
    2176:	80 81       	ld	r24, Z
    2178:	48 2f       	mov	r20, r24
    217a:	8a 81       	ldd	r24, Y+2	; 0x02
    217c:	28 2f       	mov	r18, r24
    217e:	30 e0       	ldi	r19, 0x00	; 0
    2180:	81 e0       	ldi	r24, 0x01	; 1
    2182:	90 e0       	ldi	r25, 0x00	; 0
    2184:	02 2e       	mov	r0, r18
    2186:	02 c0       	rjmp	.+4      	; 0x218c <GPIO_setupPinDirection+0x1bc>
    2188:	88 0f       	add	r24, r24
    218a:	99 1f       	adc	r25, r25
    218c:	0a 94       	dec	r0
    218e:	e2 f7       	brpl	.-8      	; 0x2188 <GPIO_setupPinDirection+0x1b8>
    2190:	80 95       	com	r24
    2192:	84 23       	and	r24, r20
    2194:	8c 93       	st	X, r24
			}
			break;
		}
	}
}
    2196:	0f 90       	pop	r0
    2198:	0f 90       	pop	r0
    219a:	0f 90       	pop	r0
    219c:	0f 90       	pop	r0
    219e:	0f 90       	pop	r0
    21a0:	cf 91       	pop	r28
    21a2:	df 91       	pop	r29
    21a4:	08 95       	ret

000021a6 <GPIO_writePin>:
 * Write the value Logic High or Logic Low on the required pin.
 * If the input port number or pin number are not correct, The function will not handle the request.
 * If the pin is input, this function will enable/disable the internal pull-up resistor.
 */
void GPIO_writePin(uint8 port_num, uint8 pin_num, uint8 value)
{
    21a6:	df 93       	push	r29
    21a8:	cf 93       	push	r28
    21aa:	00 d0       	rcall	.+0      	; 0x21ac <GPIO_writePin+0x6>
    21ac:	00 d0       	rcall	.+0      	; 0x21ae <GPIO_writePin+0x8>
    21ae:	0f 92       	push	r0
    21b0:	cd b7       	in	r28, 0x3d	; 61
    21b2:	de b7       	in	r29, 0x3e	; 62
    21b4:	89 83       	std	Y+1, r24	; 0x01
    21b6:	6a 83       	std	Y+2, r22	; 0x02
    21b8:	4b 83       	std	Y+3, r20	; 0x03
	/*
	 * Check if the input port number is greater than NUM_OF_PINS_PER_PORT value.
	 * Or if the input pin number is greater than NUM_OF_PINS_PER_PORT value.
	 * In this case the input is not valid port/pin number
	 */
	if((pin_num >= NUM_OF_PINS_PER_PORT) || (port_num >= NUM_OF_PORTS))
    21ba:	8a 81       	ldd	r24, Y+2	; 0x02
    21bc:	88 30       	cpi	r24, 0x08	; 8
    21be:	08 f0       	brcs	.+2      	; 0x21c2 <GPIO_writePin+0x1c>
    21c0:	d5 c0       	rjmp	.+426    	; 0x236c <GPIO_writePin+0x1c6>
    21c2:	89 81       	ldd	r24, Y+1	; 0x01
    21c4:	84 30       	cpi	r24, 0x04	; 4
    21c6:	08 f0       	brcs	.+2      	; 0x21ca <GPIO_writePin+0x24>
    21c8:	d1 c0       	rjmp	.+418    	; 0x236c <GPIO_writePin+0x1c6>
		/* Do Nothing */
	}
	else
	{
		/* Write the pin value as required */
		switch(port_num)
    21ca:	89 81       	ldd	r24, Y+1	; 0x01
    21cc:	28 2f       	mov	r18, r24
    21ce:	30 e0       	ldi	r19, 0x00	; 0
    21d0:	3d 83       	std	Y+5, r19	; 0x05
    21d2:	2c 83       	std	Y+4, r18	; 0x04
    21d4:	8c 81       	ldd	r24, Y+4	; 0x04
    21d6:	9d 81       	ldd	r25, Y+5	; 0x05
    21d8:	81 30       	cpi	r24, 0x01	; 1
    21da:	91 05       	cpc	r25, r1
    21dc:	09 f4       	brne	.+2      	; 0x21e0 <GPIO_writePin+0x3a>
    21de:	43 c0       	rjmp	.+134    	; 0x2266 <GPIO_writePin+0xc0>
    21e0:	2c 81       	ldd	r18, Y+4	; 0x04
    21e2:	3d 81       	ldd	r19, Y+5	; 0x05
    21e4:	22 30       	cpi	r18, 0x02	; 2
    21e6:	31 05       	cpc	r19, r1
    21e8:	2c f4       	brge	.+10     	; 0x21f4 <GPIO_writePin+0x4e>
    21ea:	8c 81       	ldd	r24, Y+4	; 0x04
    21ec:	9d 81       	ldd	r25, Y+5	; 0x05
    21ee:	00 97       	sbiw	r24, 0x00	; 0
    21f0:	71 f0       	breq	.+28     	; 0x220e <GPIO_writePin+0x68>
    21f2:	bc c0       	rjmp	.+376    	; 0x236c <GPIO_writePin+0x1c6>
    21f4:	2c 81       	ldd	r18, Y+4	; 0x04
    21f6:	3d 81       	ldd	r19, Y+5	; 0x05
    21f8:	22 30       	cpi	r18, 0x02	; 2
    21fa:	31 05       	cpc	r19, r1
    21fc:	09 f4       	brne	.+2      	; 0x2200 <GPIO_writePin+0x5a>
    21fe:	5f c0       	rjmp	.+190    	; 0x22be <GPIO_writePin+0x118>
    2200:	8c 81       	ldd	r24, Y+4	; 0x04
    2202:	9d 81       	ldd	r25, Y+5	; 0x05
    2204:	83 30       	cpi	r24, 0x03	; 3
    2206:	91 05       	cpc	r25, r1
    2208:	09 f4       	brne	.+2      	; 0x220c <GPIO_writePin+0x66>
    220a:	85 c0       	rjmp	.+266    	; 0x2316 <GPIO_writePin+0x170>
    220c:	af c0       	rjmp	.+350    	; 0x236c <GPIO_writePin+0x1c6>
		{
		case PORTA_ID:
			if(value == LOGIC_HIGH)
    220e:	8b 81       	ldd	r24, Y+3	; 0x03
    2210:	81 30       	cpi	r24, 0x01	; 1
    2212:	a1 f4       	brne	.+40     	; 0x223c <GPIO_writePin+0x96>
			{
				SET_BIT(PORTA,pin_num);
    2214:	ab e3       	ldi	r26, 0x3B	; 59
    2216:	b0 e0       	ldi	r27, 0x00	; 0
    2218:	eb e3       	ldi	r30, 0x3B	; 59
    221a:	f0 e0       	ldi	r31, 0x00	; 0
    221c:	80 81       	ld	r24, Z
    221e:	48 2f       	mov	r20, r24
    2220:	8a 81       	ldd	r24, Y+2	; 0x02
    2222:	28 2f       	mov	r18, r24
    2224:	30 e0       	ldi	r19, 0x00	; 0
    2226:	81 e0       	ldi	r24, 0x01	; 1
    2228:	90 e0       	ldi	r25, 0x00	; 0
    222a:	02 2e       	mov	r0, r18
    222c:	02 c0       	rjmp	.+4      	; 0x2232 <GPIO_writePin+0x8c>
    222e:	88 0f       	add	r24, r24
    2230:	99 1f       	adc	r25, r25
    2232:	0a 94       	dec	r0
    2234:	e2 f7       	brpl	.-8      	; 0x222e <GPIO_writePin+0x88>
    2236:	84 2b       	or	r24, r20
    2238:	8c 93       	st	X, r24
    223a:	98 c0       	rjmp	.+304    	; 0x236c <GPIO_writePin+0x1c6>
			}
			else
			{
				CLEAR_BIT(PORTA,pin_num);
    223c:	ab e3       	ldi	r26, 0x3B	; 59
    223e:	b0 e0       	ldi	r27, 0x00	; 0
    2240:	eb e3       	ldi	r30, 0x3B	; 59
    2242:	f0 e0       	ldi	r31, 0x00	; 0
    2244:	80 81       	ld	r24, Z
    2246:	48 2f       	mov	r20, r24
    2248:	8a 81       	ldd	r24, Y+2	; 0x02
    224a:	28 2f       	mov	r18, r24
    224c:	30 e0       	ldi	r19, 0x00	; 0
    224e:	81 e0       	ldi	r24, 0x01	; 1
    2250:	90 e0       	ldi	r25, 0x00	; 0
    2252:	02 2e       	mov	r0, r18
    2254:	02 c0       	rjmp	.+4      	; 0x225a <GPIO_writePin+0xb4>
    2256:	88 0f       	add	r24, r24
    2258:	99 1f       	adc	r25, r25
    225a:	0a 94       	dec	r0
    225c:	e2 f7       	brpl	.-8      	; 0x2256 <GPIO_writePin+0xb0>
    225e:	80 95       	com	r24
    2260:	84 23       	and	r24, r20
    2262:	8c 93       	st	X, r24
    2264:	83 c0       	rjmp	.+262    	; 0x236c <GPIO_writePin+0x1c6>
			}
			break;
		case PORTB_ID:
			if(value == LOGIC_HIGH)
    2266:	8b 81       	ldd	r24, Y+3	; 0x03
    2268:	81 30       	cpi	r24, 0x01	; 1
    226a:	a1 f4       	brne	.+40     	; 0x2294 <GPIO_writePin+0xee>
			{
				SET_BIT(PORTB,pin_num);
    226c:	a8 e3       	ldi	r26, 0x38	; 56
    226e:	b0 e0       	ldi	r27, 0x00	; 0
    2270:	e8 e3       	ldi	r30, 0x38	; 56
    2272:	f0 e0       	ldi	r31, 0x00	; 0
    2274:	80 81       	ld	r24, Z
    2276:	48 2f       	mov	r20, r24
    2278:	8a 81       	ldd	r24, Y+2	; 0x02
    227a:	28 2f       	mov	r18, r24
    227c:	30 e0       	ldi	r19, 0x00	; 0
    227e:	81 e0       	ldi	r24, 0x01	; 1
    2280:	90 e0       	ldi	r25, 0x00	; 0
    2282:	02 2e       	mov	r0, r18
    2284:	02 c0       	rjmp	.+4      	; 0x228a <GPIO_writePin+0xe4>
    2286:	88 0f       	add	r24, r24
    2288:	99 1f       	adc	r25, r25
    228a:	0a 94       	dec	r0
    228c:	e2 f7       	brpl	.-8      	; 0x2286 <GPIO_writePin+0xe0>
    228e:	84 2b       	or	r24, r20
    2290:	8c 93       	st	X, r24
    2292:	6c c0       	rjmp	.+216    	; 0x236c <GPIO_writePin+0x1c6>
			}
			else
			{
				CLEAR_BIT(PORTB,pin_num);
    2294:	a8 e3       	ldi	r26, 0x38	; 56
    2296:	b0 e0       	ldi	r27, 0x00	; 0
    2298:	e8 e3       	ldi	r30, 0x38	; 56
    229a:	f0 e0       	ldi	r31, 0x00	; 0
    229c:	80 81       	ld	r24, Z
    229e:	48 2f       	mov	r20, r24
    22a0:	8a 81       	ldd	r24, Y+2	; 0x02
    22a2:	28 2f       	mov	r18, r24
    22a4:	30 e0       	ldi	r19, 0x00	; 0
    22a6:	81 e0       	ldi	r24, 0x01	; 1
    22a8:	90 e0       	ldi	r25, 0x00	; 0
    22aa:	02 2e       	mov	r0, r18
    22ac:	02 c0       	rjmp	.+4      	; 0x22b2 <GPIO_writePin+0x10c>
    22ae:	88 0f       	add	r24, r24
    22b0:	99 1f       	adc	r25, r25
    22b2:	0a 94       	dec	r0
    22b4:	e2 f7       	brpl	.-8      	; 0x22ae <GPIO_writePin+0x108>
    22b6:	80 95       	com	r24
    22b8:	84 23       	and	r24, r20
    22ba:	8c 93       	st	X, r24
    22bc:	57 c0       	rjmp	.+174    	; 0x236c <GPIO_writePin+0x1c6>
			}
			break;
		case PORTC_ID:
			if(value == LOGIC_HIGH)
    22be:	8b 81       	ldd	r24, Y+3	; 0x03
    22c0:	81 30       	cpi	r24, 0x01	; 1
    22c2:	a1 f4       	brne	.+40     	; 0x22ec <GPIO_writePin+0x146>
			{
				SET_BIT(PORTC,pin_num);
    22c4:	a5 e3       	ldi	r26, 0x35	; 53
    22c6:	b0 e0       	ldi	r27, 0x00	; 0
    22c8:	e5 e3       	ldi	r30, 0x35	; 53
    22ca:	f0 e0       	ldi	r31, 0x00	; 0
    22cc:	80 81       	ld	r24, Z
    22ce:	48 2f       	mov	r20, r24
    22d0:	8a 81       	ldd	r24, Y+2	; 0x02
    22d2:	28 2f       	mov	r18, r24
    22d4:	30 e0       	ldi	r19, 0x00	; 0
    22d6:	81 e0       	ldi	r24, 0x01	; 1
    22d8:	90 e0       	ldi	r25, 0x00	; 0
    22da:	02 2e       	mov	r0, r18
    22dc:	02 c0       	rjmp	.+4      	; 0x22e2 <GPIO_writePin+0x13c>
    22de:	88 0f       	add	r24, r24
    22e0:	99 1f       	adc	r25, r25
    22e2:	0a 94       	dec	r0
    22e4:	e2 f7       	brpl	.-8      	; 0x22de <GPIO_writePin+0x138>
    22e6:	84 2b       	or	r24, r20
    22e8:	8c 93       	st	X, r24
    22ea:	40 c0       	rjmp	.+128    	; 0x236c <GPIO_writePin+0x1c6>
			}
			else
			{
				CLEAR_BIT(PORTC,pin_num);
    22ec:	a5 e3       	ldi	r26, 0x35	; 53
    22ee:	b0 e0       	ldi	r27, 0x00	; 0
    22f0:	e5 e3       	ldi	r30, 0x35	; 53
    22f2:	f0 e0       	ldi	r31, 0x00	; 0
    22f4:	80 81       	ld	r24, Z
    22f6:	48 2f       	mov	r20, r24
    22f8:	8a 81       	ldd	r24, Y+2	; 0x02
    22fa:	28 2f       	mov	r18, r24
    22fc:	30 e0       	ldi	r19, 0x00	; 0
    22fe:	81 e0       	ldi	r24, 0x01	; 1
    2300:	90 e0       	ldi	r25, 0x00	; 0
    2302:	02 2e       	mov	r0, r18
    2304:	02 c0       	rjmp	.+4      	; 0x230a <GPIO_writePin+0x164>
    2306:	88 0f       	add	r24, r24
    2308:	99 1f       	adc	r25, r25
    230a:	0a 94       	dec	r0
    230c:	e2 f7       	brpl	.-8      	; 0x2306 <GPIO_writePin+0x160>
    230e:	80 95       	com	r24
    2310:	84 23       	and	r24, r20
    2312:	8c 93       	st	X, r24
    2314:	2b c0       	rjmp	.+86     	; 0x236c <GPIO_writePin+0x1c6>
			}
			break;
		case PORTD_ID:
			if(value == LOGIC_HIGH)
    2316:	8b 81       	ldd	r24, Y+3	; 0x03
    2318:	81 30       	cpi	r24, 0x01	; 1
    231a:	a1 f4       	brne	.+40     	; 0x2344 <GPIO_writePin+0x19e>
			{
				SET_BIT(PORTD,pin_num);
    231c:	a2 e3       	ldi	r26, 0x32	; 50
    231e:	b0 e0       	ldi	r27, 0x00	; 0
    2320:	e2 e3       	ldi	r30, 0x32	; 50
    2322:	f0 e0       	ldi	r31, 0x00	; 0
    2324:	80 81       	ld	r24, Z
    2326:	48 2f       	mov	r20, r24
    2328:	8a 81       	ldd	r24, Y+2	; 0x02
    232a:	28 2f       	mov	r18, r24
    232c:	30 e0       	ldi	r19, 0x00	; 0
    232e:	81 e0       	ldi	r24, 0x01	; 1
    2330:	90 e0       	ldi	r25, 0x00	; 0
    2332:	02 2e       	mov	r0, r18
    2334:	02 c0       	rjmp	.+4      	; 0x233a <GPIO_writePin+0x194>
    2336:	88 0f       	add	r24, r24
    2338:	99 1f       	adc	r25, r25
    233a:	0a 94       	dec	r0
    233c:	e2 f7       	brpl	.-8      	; 0x2336 <GPIO_writePin+0x190>
    233e:	84 2b       	or	r24, r20
    2340:	8c 93       	st	X, r24
    2342:	14 c0       	rjmp	.+40     	; 0x236c <GPIO_writePin+0x1c6>
			}
			else
			{
				CLEAR_BIT(PORTD,pin_num);
    2344:	a2 e3       	ldi	r26, 0x32	; 50
    2346:	b0 e0       	ldi	r27, 0x00	; 0
    2348:	e2 e3       	ldi	r30, 0x32	; 50
    234a:	f0 e0       	ldi	r31, 0x00	; 0
    234c:	80 81       	ld	r24, Z
    234e:	48 2f       	mov	r20, r24
    2350:	8a 81       	ldd	r24, Y+2	; 0x02
    2352:	28 2f       	mov	r18, r24
    2354:	30 e0       	ldi	r19, 0x00	; 0
    2356:	81 e0       	ldi	r24, 0x01	; 1
    2358:	90 e0       	ldi	r25, 0x00	; 0
    235a:	02 2e       	mov	r0, r18
    235c:	02 c0       	rjmp	.+4      	; 0x2362 <GPIO_writePin+0x1bc>
    235e:	88 0f       	add	r24, r24
    2360:	99 1f       	adc	r25, r25
    2362:	0a 94       	dec	r0
    2364:	e2 f7       	brpl	.-8      	; 0x235e <GPIO_writePin+0x1b8>
    2366:	80 95       	com	r24
    2368:	84 23       	and	r24, r20
    236a:	8c 93       	st	X, r24
			}
			break;
		}
	}
}
    236c:	0f 90       	pop	r0
    236e:	0f 90       	pop	r0
    2370:	0f 90       	pop	r0
    2372:	0f 90       	pop	r0
    2374:	0f 90       	pop	r0
    2376:	cf 91       	pop	r28
    2378:	df 91       	pop	r29
    237a:	08 95       	ret

0000237c <GPIO_readPin>:
 * Description :
 * Read and return the value for the required pin, it should be Logic High or Logic Low.
 * If the input port number or pin number are not correct, The function will return Logic Low.
 */
uint8 GPIO_readPin(uint8 port_num, uint8 pin_num)
{
    237c:	df 93       	push	r29
    237e:	cf 93       	push	r28
    2380:	00 d0       	rcall	.+0      	; 0x2382 <GPIO_readPin+0x6>
    2382:	00 d0       	rcall	.+0      	; 0x2384 <GPIO_readPin+0x8>
    2384:	0f 92       	push	r0
    2386:	cd b7       	in	r28, 0x3d	; 61
    2388:	de b7       	in	r29, 0x3e	; 62
    238a:	8a 83       	std	Y+2, r24	; 0x02
    238c:	6b 83       	std	Y+3, r22	; 0x03
	uint8 pin_value = LOGIC_LOW;
    238e:	19 82       	std	Y+1, r1	; 0x01
	/*
	 * Check if the input port number is greater than NUM_OF_PINS_PER_PORT value.
	 * Or if the input pin number is greater than NUM_OF_PINS_PER_PORT value.
	 * In this case the input is not valid port/pin number
	 */
	if((pin_num >= NUM_OF_PINS_PER_PORT) || (port_num >= NUM_OF_PORTS))
    2390:	8b 81       	ldd	r24, Y+3	; 0x03
    2392:	88 30       	cpi	r24, 0x08	; 8
    2394:	08 f0       	brcs	.+2      	; 0x2398 <GPIO_readPin+0x1c>
    2396:	84 c0       	rjmp	.+264    	; 0x24a0 <GPIO_readPin+0x124>
    2398:	8a 81       	ldd	r24, Y+2	; 0x02
    239a:	84 30       	cpi	r24, 0x04	; 4
    239c:	08 f0       	brcs	.+2      	; 0x23a0 <GPIO_readPin+0x24>
    239e:	80 c0       	rjmp	.+256    	; 0x24a0 <GPIO_readPin+0x124>
		/* Do Nothing */
	}
	else
	{
		/* Read the pin value as required */
		switch(port_num)
    23a0:	8a 81       	ldd	r24, Y+2	; 0x02
    23a2:	28 2f       	mov	r18, r24
    23a4:	30 e0       	ldi	r19, 0x00	; 0
    23a6:	3d 83       	std	Y+5, r19	; 0x05
    23a8:	2c 83       	std	Y+4, r18	; 0x04
    23aa:	4c 81       	ldd	r20, Y+4	; 0x04
    23ac:	5d 81       	ldd	r21, Y+5	; 0x05
    23ae:	41 30       	cpi	r20, 0x01	; 1
    23b0:	51 05       	cpc	r21, r1
    23b2:	79 f1       	breq	.+94     	; 0x2412 <GPIO_readPin+0x96>
    23b4:	8c 81       	ldd	r24, Y+4	; 0x04
    23b6:	9d 81       	ldd	r25, Y+5	; 0x05
    23b8:	82 30       	cpi	r24, 0x02	; 2
    23ba:	91 05       	cpc	r25, r1
    23bc:	34 f4       	brge	.+12     	; 0x23ca <GPIO_readPin+0x4e>
    23be:	2c 81       	ldd	r18, Y+4	; 0x04
    23c0:	3d 81       	ldd	r19, Y+5	; 0x05
    23c2:	21 15       	cp	r18, r1
    23c4:	31 05       	cpc	r19, r1
    23c6:	69 f0       	breq	.+26     	; 0x23e2 <GPIO_readPin+0x66>
    23c8:	6b c0       	rjmp	.+214    	; 0x24a0 <GPIO_readPin+0x124>
    23ca:	4c 81       	ldd	r20, Y+4	; 0x04
    23cc:	5d 81       	ldd	r21, Y+5	; 0x05
    23ce:	42 30       	cpi	r20, 0x02	; 2
    23d0:	51 05       	cpc	r21, r1
    23d2:	b9 f1       	breq	.+110    	; 0x2442 <GPIO_readPin+0xc6>
    23d4:	8c 81       	ldd	r24, Y+4	; 0x04
    23d6:	9d 81       	ldd	r25, Y+5	; 0x05
    23d8:	83 30       	cpi	r24, 0x03	; 3
    23da:	91 05       	cpc	r25, r1
    23dc:	09 f4       	brne	.+2      	; 0x23e0 <GPIO_readPin+0x64>
    23de:	49 c0       	rjmp	.+146    	; 0x2472 <GPIO_readPin+0xf6>
    23e0:	5f c0       	rjmp	.+190    	; 0x24a0 <GPIO_readPin+0x124>
		{
		case PORTA_ID:
			if(BIT_IS_SET(PINA,pin_num))
    23e2:	e9 e3       	ldi	r30, 0x39	; 57
    23e4:	f0 e0       	ldi	r31, 0x00	; 0
    23e6:	80 81       	ld	r24, Z
    23e8:	28 2f       	mov	r18, r24
    23ea:	30 e0       	ldi	r19, 0x00	; 0
    23ec:	8b 81       	ldd	r24, Y+3	; 0x03
    23ee:	88 2f       	mov	r24, r24
    23f0:	90 e0       	ldi	r25, 0x00	; 0
    23f2:	a9 01       	movw	r20, r18
    23f4:	02 c0       	rjmp	.+4      	; 0x23fa <GPIO_readPin+0x7e>
    23f6:	55 95       	asr	r21
    23f8:	47 95       	ror	r20
    23fa:	8a 95       	dec	r24
    23fc:	e2 f7       	brpl	.-8      	; 0x23f6 <GPIO_readPin+0x7a>
    23fe:	ca 01       	movw	r24, r20
    2400:	81 70       	andi	r24, 0x01	; 1
    2402:	90 70       	andi	r25, 0x00	; 0
    2404:	88 23       	and	r24, r24
    2406:	19 f0       	breq	.+6      	; 0x240e <GPIO_readPin+0x92>
			{
				pin_value = LOGIC_HIGH;
    2408:	81 e0       	ldi	r24, 0x01	; 1
    240a:	89 83       	std	Y+1, r24	; 0x01
    240c:	49 c0       	rjmp	.+146    	; 0x24a0 <GPIO_readPin+0x124>
			}
			else
			{
				pin_value = LOGIC_LOW;
    240e:	19 82       	std	Y+1, r1	; 0x01
    2410:	47 c0       	rjmp	.+142    	; 0x24a0 <GPIO_readPin+0x124>
			}
			break;
		case PORTB_ID:
			if(BIT_IS_SET(PINB,pin_num))
    2412:	e6 e3       	ldi	r30, 0x36	; 54
    2414:	f0 e0       	ldi	r31, 0x00	; 0
    2416:	80 81       	ld	r24, Z
    2418:	28 2f       	mov	r18, r24
    241a:	30 e0       	ldi	r19, 0x00	; 0
    241c:	8b 81       	ldd	r24, Y+3	; 0x03
    241e:	88 2f       	mov	r24, r24
    2420:	90 e0       	ldi	r25, 0x00	; 0
    2422:	a9 01       	movw	r20, r18
    2424:	02 c0       	rjmp	.+4      	; 0x242a <GPIO_readPin+0xae>
    2426:	55 95       	asr	r21
    2428:	47 95       	ror	r20
    242a:	8a 95       	dec	r24
    242c:	e2 f7       	brpl	.-8      	; 0x2426 <GPIO_readPin+0xaa>
    242e:	ca 01       	movw	r24, r20
    2430:	81 70       	andi	r24, 0x01	; 1
    2432:	90 70       	andi	r25, 0x00	; 0
    2434:	88 23       	and	r24, r24
    2436:	19 f0       	breq	.+6      	; 0x243e <GPIO_readPin+0xc2>
			{
				pin_value = LOGIC_HIGH;
    2438:	81 e0       	ldi	r24, 0x01	; 1
    243a:	89 83       	std	Y+1, r24	; 0x01
    243c:	31 c0       	rjmp	.+98     	; 0x24a0 <GPIO_readPin+0x124>
			}
			else
			{
				pin_value = LOGIC_LOW;
    243e:	19 82       	std	Y+1, r1	; 0x01
    2440:	2f c0       	rjmp	.+94     	; 0x24a0 <GPIO_readPin+0x124>
			}
			break;
		case PORTC_ID:
			if(BIT_IS_SET(PINC,pin_num))
    2442:	e3 e3       	ldi	r30, 0x33	; 51
    2444:	f0 e0       	ldi	r31, 0x00	; 0
    2446:	80 81       	ld	r24, Z
    2448:	28 2f       	mov	r18, r24
    244a:	30 e0       	ldi	r19, 0x00	; 0
    244c:	8b 81       	ldd	r24, Y+3	; 0x03
    244e:	88 2f       	mov	r24, r24
    2450:	90 e0       	ldi	r25, 0x00	; 0
    2452:	a9 01       	movw	r20, r18
    2454:	02 c0       	rjmp	.+4      	; 0x245a <GPIO_readPin+0xde>
    2456:	55 95       	asr	r21
    2458:	47 95       	ror	r20
    245a:	8a 95       	dec	r24
    245c:	e2 f7       	brpl	.-8      	; 0x2456 <GPIO_readPin+0xda>
    245e:	ca 01       	movw	r24, r20
    2460:	81 70       	andi	r24, 0x01	; 1
    2462:	90 70       	andi	r25, 0x00	; 0
    2464:	88 23       	and	r24, r24
    2466:	19 f0       	breq	.+6      	; 0x246e <GPIO_readPin+0xf2>
			{
				pin_value = LOGIC_HIGH;
    2468:	81 e0       	ldi	r24, 0x01	; 1
    246a:	89 83       	std	Y+1, r24	; 0x01
    246c:	19 c0       	rjmp	.+50     	; 0x24a0 <GPIO_readPin+0x124>
			}
			else
			{
				pin_value = LOGIC_LOW;
    246e:	19 82       	std	Y+1, r1	; 0x01
    2470:	17 c0       	rjmp	.+46     	; 0x24a0 <GPIO_readPin+0x124>
			}
			break;
		case PORTD_ID:
			if(BIT_IS_SET(PIND,pin_num))
    2472:	e0 e3       	ldi	r30, 0x30	; 48
    2474:	f0 e0       	ldi	r31, 0x00	; 0
    2476:	80 81       	ld	r24, Z
    2478:	28 2f       	mov	r18, r24
    247a:	30 e0       	ldi	r19, 0x00	; 0
    247c:	8b 81       	ldd	r24, Y+3	; 0x03
    247e:	88 2f       	mov	r24, r24
    2480:	90 e0       	ldi	r25, 0x00	; 0
    2482:	a9 01       	movw	r20, r18
    2484:	02 c0       	rjmp	.+4      	; 0x248a <GPIO_readPin+0x10e>
    2486:	55 95       	asr	r21
    2488:	47 95       	ror	r20
    248a:	8a 95       	dec	r24
    248c:	e2 f7       	brpl	.-8      	; 0x2486 <GPIO_readPin+0x10a>
    248e:	ca 01       	movw	r24, r20
    2490:	81 70       	andi	r24, 0x01	; 1
    2492:	90 70       	andi	r25, 0x00	; 0
    2494:	88 23       	and	r24, r24
    2496:	19 f0       	breq	.+6      	; 0x249e <GPIO_readPin+0x122>
			{
				pin_value = LOGIC_HIGH;
    2498:	81 e0       	ldi	r24, 0x01	; 1
    249a:	89 83       	std	Y+1, r24	; 0x01
    249c:	01 c0       	rjmp	.+2      	; 0x24a0 <GPIO_readPin+0x124>
			}
			else
			{
				pin_value = LOGIC_LOW;
    249e:	19 82       	std	Y+1, r1	; 0x01
			}
			break;
		}
	}

	return pin_value;
    24a0:	89 81       	ldd	r24, Y+1	; 0x01
}
    24a2:	0f 90       	pop	r0
    24a4:	0f 90       	pop	r0
    24a6:	0f 90       	pop	r0
    24a8:	0f 90       	pop	r0
    24aa:	0f 90       	pop	r0
    24ac:	cf 91       	pop	r28
    24ae:	df 91       	pop	r29
    24b0:	08 95       	ret

000024b2 <GPIO_setupPortDirection>:
 * If the direction value is PORT_INPUT all pins in this port should be input pins.
 * If the direction value is PORT_OUTPUT all pins in this port should be output pins.
 * If the input port number is not correct, The function will not handle the request.
 */
void GPIO_setupPortDirection(uint8 port_num, GPIO_PortDirectionType direction)
{
    24b2:	df 93       	push	r29
    24b4:	cf 93       	push	r28
    24b6:	00 d0       	rcall	.+0      	; 0x24b8 <GPIO_setupPortDirection+0x6>
    24b8:	00 d0       	rcall	.+0      	; 0x24ba <GPIO_setupPortDirection+0x8>
    24ba:	cd b7       	in	r28, 0x3d	; 61
    24bc:	de b7       	in	r29, 0x3e	; 62
    24be:	89 83       	std	Y+1, r24	; 0x01
    24c0:	6a 83       	std	Y+2, r22	; 0x02
	/*
	 * Check if the input number is greater than NUM_OF_PORTS value.
	 * In this case the input is not valid port number
	 */
	if(port_num >= NUM_OF_PORTS)
    24c2:	89 81       	ldd	r24, Y+1	; 0x01
    24c4:	84 30       	cpi	r24, 0x04	; 4
    24c6:	90 f5       	brcc	.+100    	; 0x252c <GPIO_setupPortDirection+0x7a>
		/* Do Nothing */
	}
	else
	{
		/* Setup the port direction as required */
		switch(port_num)
    24c8:	89 81       	ldd	r24, Y+1	; 0x01
    24ca:	28 2f       	mov	r18, r24
    24cc:	30 e0       	ldi	r19, 0x00	; 0
    24ce:	3c 83       	std	Y+4, r19	; 0x04
    24d0:	2b 83       	std	Y+3, r18	; 0x03
    24d2:	8b 81       	ldd	r24, Y+3	; 0x03
    24d4:	9c 81       	ldd	r25, Y+4	; 0x04
    24d6:	81 30       	cpi	r24, 0x01	; 1
    24d8:	91 05       	cpc	r25, r1
    24da:	d1 f0       	breq	.+52     	; 0x2510 <GPIO_setupPortDirection+0x5e>
    24dc:	2b 81       	ldd	r18, Y+3	; 0x03
    24de:	3c 81       	ldd	r19, Y+4	; 0x04
    24e0:	22 30       	cpi	r18, 0x02	; 2
    24e2:	31 05       	cpc	r19, r1
    24e4:	2c f4       	brge	.+10     	; 0x24f0 <GPIO_setupPortDirection+0x3e>
    24e6:	8b 81       	ldd	r24, Y+3	; 0x03
    24e8:	9c 81       	ldd	r25, Y+4	; 0x04
    24ea:	00 97       	sbiw	r24, 0x00	; 0
    24ec:	61 f0       	breq	.+24     	; 0x2506 <GPIO_setupPortDirection+0x54>
    24ee:	1e c0       	rjmp	.+60     	; 0x252c <GPIO_setupPortDirection+0x7a>
    24f0:	2b 81       	ldd	r18, Y+3	; 0x03
    24f2:	3c 81       	ldd	r19, Y+4	; 0x04
    24f4:	22 30       	cpi	r18, 0x02	; 2
    24f6:	31 05       	cpc	r19, r1
    24f8:	81 f0       	breq	.+32     	; 0x251a <GPIO_setupPortDirection+0x68>
    24fa:	8b 81       	ldd	r24, Y+3	; 0x03
    24fc:	9c 81       	ldd	r25, Y+4	; 0x04
    24fe:	83 30       	cpi	r24, 0x03	; 3
    2500:	91 05       	cpc	r25, r1
    2502:	81 f0       	breq	.+32     	; 0x2524 <GPIO_setupPortDirection+0x72>
    2504:	13 c0       	rjmp	.+38     	; 0x252c <GPIO_setupPortDirection+0x7a>
		{
		case PORTA_ID:
			DDRA = direction;
    2506:	ea e3       	ldi	r30, 0x3A	; 58
    2508:	f0 e0       	ldi	r31, 0x00	; 0
    250a:	8a 81       	ldd	r24, Y+2	; 0x02
    250c:	80 83       	st	Z, r24
    250e:	0e c0       	rjmp	.+28     	; 0x252c <GPIO_setupPortDirection+0x7a>
			break;
		case PORTB_ID:
			DDRB = direction;
    2510:	e7 e3       	ldi	r30, 0x37	; 55
    2512:	f0 e0       	ldi	r31, 0x00	; 0
    2514:	8a 81       	ldd	r24, Y+2	; 0x02
    2516:	80 83       	st	Z, r24
    2518:	09 c0       	rjmp	.+18     	; 0x252c <GPIO_setupPortDirection+0x7a>
			break;
		case PORTC_ID:
			DDRC = direction;
    251a:	e4 e3       	ldi	r30, 0x34	; 52
    251c:	f0 e0       	ldi	r31, 0x00	; 0
    251e:	8a 81       	ldd	r24, Y+2	; 0x02
    2520:	80 83       	st	Z, r24
    2522:	04 c0       	rjmp	.+8      	; 0x252c <GPIO_setupPortDirection+0x7a>
			break;
		case PORTD_ID:
			DDRD = direction;
    2524:	e1 e3       	ldi	r30, 0x31	; 49
    2526:	f0 e0       	ldi	r31, 0x00	; 0
    2528:	8a 81       	ldd	r24, Y+2	; 0x02
    252a:	80 83       	st	Z, r24
			break;
		}
	}
}
    252c:	0f 90       	pop	r0
    252e:	0f 90       	pop	r0
    2530:	0f 90       	pop	r0
    2532:	0f 90       	pop	r0
    2534:	cf 91       	pop	r28
    2536:	df 91       	pop	r29
    2538:	08 95       	ret

0000253a <GPIO_writePort>:
 * If any pin in the port is output pin the value will be written.
 * If any pin in the port is input pin this will activate/deactivate the internal pull-up resistor.
 * If the input port number is not correct, The function will not handle the request.
 */
void GPIO_writePort(uint8 port_num, uint8 value)
{
    253a:	df 93       	push	r29
    253c:	cf 93       	push	r28
    253e:	00 d0       	rcall	.+0      	; 0x2540 <GPIO_writePort+0x6>
    2540:	00 d0       	rcall	.+0      	; 0x2542 <GPIO_writePort+0x8>
    2542:	cd b7       	in	r28, 0x3d	; 61
    2544:	de b7       	in	r29, 0x3e	; 62
    2546:	89 83       	std	Y+1, r24	; 0x01
    2548:	6a 83       	std	Y+2, r22	; 0x02
	/*
	 * Check if the input number is greater than NUM_OF_PORTS value.
	 * In this case the input is not valid port number
	 */
	if(port_num >= NUM_OF_PORTS)
    254a:	89 81       	ldd	r24, Y+1	; 0x01
    254c:	84 30       	cpi	r24, 0x04	; 4
    254e:	90 f5       	brcc	.+100    	; 0x25b4 <GPIO_writePort+0x7a>
		/* Do Nothing */
	}
	else
	{
		/* Write the port value as required */
		switch(port_num)
    2550:	89 81       	ldd	r24, Y+1	; 0x01
    2552:	28 2f       	mov	r18, r24
    2554:	30 e0       	ldi	r19, 0x00	; 0
    2556:	3c 83       	std	Y+4, r19	; 0x04
    2558:	2b 83       	std	Y+3, r18	; 0x03
    255a:	8b 81       	ldd	r24, Y+3	; 0x03
    255c:	9c 81       	ldd	r25, Y+4	; 0x04
    255e:	81 30       	cpi	r24, 0x01	; 1
    2560:	91 05       	cpc	r25, r1
    2562:	d1 f0       	breq	.+52     	; 0x2598 <GPIO_writePort+0x5e>
    2564:	2b 81       	ldd	r18, Y+3	; 0x03
    2566:	3c 81       	ldd	r19, Y+4	; 0x04
    2568:	22 30       	cpi	r18, 0x02	; 2
    256a:	31 05       	cpc	r19, r1
    256c:	2c f4       	brge	.+10     	; 0x2578 <GPIO_writePort+0x3e>
    256e:	8b 81       	ldd	r24, Y+3	; 0x03
    2570:	9c 81       	ldd	r25, Y+4	; 0x04
    2572:	00 97       	sbiw	r24, 0x00	; 0
    2574:	61 f0       	breq	.+24     	; 0x258e <GPIO_writePort+0x54>
    2576:	1e c0       	rjmp	.+60     	; 0x25b4 <GPIO_writePort+0x7a>
    2578:	2b 81       	ldd	r18, Y+3	; 0x03
    257a:	3c 81       	ldd	r19, Y+4	; 0x04
    257c:	22 30       	cpi	r18, 0x02	; 2
    257e:	31 05       	cpc	r19, r1
    2580:	81 f0       	breq	.+32     	; 0x25a2 <GPIO_writePort+0x68>
    2582:	8b 81       	ldd	r24, Y+3	; 0x03
    2584:	9c 81       	ldd	r25, Y+4	; 0x04
    2586:	83 30       	cpi	r24, 0x03	; 3
    2588:	91 05       	cpc	r25, r1
    258a:	81 f0       	breq	.+32     	; 0x25ac <GPIO_writePort+0x72>
    258c:	13 c0       	rjmp	.+38     	; 0x25b4 <GPIO_writePort+0x7a>
		{
		case PORTA_ID:
			PORTA = value;
    258e:	eb e3       	ldi	r30, 0x3B	; 59
    2590:	f0 e0       	ldi	r31, 0x00	; 0
    2592:	8a 81       	ldd	r24, Y+2	; 0x02
    2594:	80 83       	st	Z, r24
    2596:	0e c0       	rjmp	.+28     	; 0x25b4 <GPIO_writePort+0x7a>
			break;
		case PORTB_ID:
			PORTB = value;
    2598:	e8 e3       	ldi	r30, 0x38	; 56
    259a:	f0 e0       	ldi	r31, 0x00	; 0
    259c:	8a 81       	ldd	r24, Y+2	; 0x02
    259e:	80 83       	st	Z, r24
    25a0:	09 c0       	rjmp	.+18     	; 0x25b4 <GPIO_writePort+0x7a>
			break;
		case PORTC_ID:
			PORTC = value;
    25a2:	e5 e3       	ldi	r30, 0x35	; 53
    25a4:	f0 e0       	ldi	r31, 0x00	; 0
    25a6:	8a 81       	ldd	r24, Y+2	; 0x02
    25a8:	80 83       	st	Z, r24
    25aa:	04 c0       	rjmp	.+8      	; 0x25b4 <GPIO_writePort+0x7a>
			break;
		case PORTD_ID:
			PORTD = value;
    25ac:	e2 e3       	ldi	r30, 0x32	; 50
    25ae:	f0 e0       	ldi	r31, 0x00	; 0
    25b0:	8a 81       	ldd	r24, Y+2	; 0x02
    25b2:	80 83       	st	Z, r24
			break;
		}
	}
}
    25b4:	0f 90       	pop	r0
    25b6:	0f 90       	pop	r0
    25b8:	0f 90       	pop	r0
    25ba:	0f 90       	pop	r0
    25bc:	cf 91       	pop	r28
    25be:	df 91       	pop	r29
    25c0:	08 95       	ret

000025c2 <GPIO_readPort>:
 * Description :
 * Read and return the value of the required port.
 * If the input port number is not correct, The function will return ZERO value.
 */
uint8 GPIO_readPort(uint8 port_num)
{
    25c2:	df 93       	push	r29
    25c4:	cf 93       	push	r28
    25c6:	00 d0       	rcall	.+0      	; 0x25c8 <GPIO_readPort+0x6>
    25c8:	00 d0       	rcall	.+0      	; 0x25ca <GPIO_readPort+0x8>
    25ca:	cd b7       	in	r28, 0x3d	; 61
    25cc:	de b7       	in	r29, 0x3e	; 62
    25ce:	8a 83       	std	Y+2, r24	; 0x02
	uint8 value = LOGIC_LOW;
    25d0:	19 82       	std	Y+1, r1	; 0x01

	/*
	 * Check if the input number is greater than NUM_OF_PORTS value.
	 * In this case the input is not valid port number
	 */
	if(port_num >= NUM_OF_PORTS)
    25d2:	8a 81       	ldd	r24, Y+2	; 0x02
    25d4:	84 30       	cpi	r24, 0x04	; 4
    25d6:	90 f5       	brcc	.+100    	; 0x263c <GPIO_readPort+0x7a>
		/* Do Nothing */
	}
	else
	{
		/* Read the port value as required */
		switch(port_num)
    25d8:	8a 81       	ldd	r24, Y+2	; 0x02
    25da:	28 2f       	mov	r18, r24
    25dc:	30 e0       	ldi	r19, 0x00	; 0
    25de:	3c 83       	std	Y+4, r19	; 0x04
    25e0:	2b 83       	std	Y+3, r18	; 0x03
    25e2:	8b 81       	ldd	r24, Y+3	; 0x03
    25e4:	9c 81       	ldd	r25, Y+4	; 0x04
    25e6:	81 30       	cpi	r24, 0x01	; 1
    25e8:	91 05       	cpc	r25, r1
    25ea:	d1 f0       	breq	.+52     	; 0x2620 <GPIO_readPort+0x5e>
    25ec:	2b 81       	ldd	r18, Y+3	; 0x03
    25ee:	3c 81       	ldd	r19, Y+4	; 0x04
    25f0:	22 30       	cpi	r18, 0x02	; 2
    25f2:	31 05       	cpc	r19, r1
    25f4:	2c f4       	brge	.+10     	; 0x2600 <GPIO_readPort+0x3e>
    25f6:	8b 81       	ldd	r24, Y+3	; 0x03
    25f8:	9c 81       	ldd	r25, Y+4	; 0x04
    25fa:	00 97       	sbiw	r24, 0x00	; 0
    25fc:	61 f0       	breq	.+24     	; 0x2616 <GPIO_readPort+0x54>
    25fe:	1e c0       	rjmp	.+60     	; 0x263c <GPIO_readPort+0x7a>
    2600:	2b 81       	ldd	r18, Y+3	; 0x03
    2602:	3c 81       	ldd	r19, Y+4	; 0x04
    2604:	22 30       	cpi	r18, 0x02	; 2
    2606:	31 05       	cpc	r19, r1
    2608:	81 f0       	breq	.+32     	; 0x262a <GPIO_readPort+0x68>
    260a:	8b 81       	ldd	r24, Y+3	; 0x03
    260c:	9c 81       	ldd	r25, Y+4	; 0x04
    260e:	83 30       	cpi	r24, 0x03	; 3
    2610:	91 05       	cpc	r25, r1
    2612:	81 f0       	breq	.+32     	; 0x2634 <GPIO_readPort+0x72>
    2614:	13 c0       	rjmp	.+38     	; 0x263c <GPIO_readPort+0x7a>
		{
		case PORTA_ID:
			value = PINA;
    2616:	e9 e3       	ldi	r30, 0x39	; 57
    2618:	f0 e0       	ldi	r31, 0x00	; 0
    261a:	80 81       	ld	r24, Z
    261c:	89 83       	std	Y+1, r24	; 0x01
    261e:	0e c0       	rjmp	.+28     	; 0x263c <GPIO_readPort+0x7a>
			break;
		case PORTB_ID:
			value = PINB;
    2620:	e6 e3       	ldi	r30, 0x36	; 54
    2622:	f0 e0       	ldi	r31, 0x00	; 0
    2624:	80 81       	ld	r24, Z
    2626:	89 83       	std	Y+1, r24	; 0x01
    2628:	09 c0       	rjmp	.+18     	; 0x263c <GPIO_readPort+0x7a>
			break;
		case PORTC_ID:
			value = PINC;
    262a:	e3 e3       	ldi	r30, 0x33	; 51
    262c:	f0 e0       	ldi	r31, 0x00	; 0
    262e:	80 81       	ld	r24, Z
    2630:	89 83       	std	Y+1, r24	; 0x01
    2632:	04 c0       	rjmp	.+8      	; 0x263c <GPIO_readPort+0x7a>
			break;
		case PORTD_ID:
			value = PIND;
    2634:	e0 e3       	ldi	r30, 0x30	; 48
    2636:	f0 e0       	ldi	r31, 0x00	; 0
    2638:	80 81       	ld	r24, Z
    263a:	89 83       	std	Y+1, r24	; 0x01
			break;
		}
	}

	return value;
    263c:	89 81       	ldd	r24, Y+1	; 0x01
}
    263e:	0f 90       	pop	r0
    2640:	0f 90       	pop	r0
    2642:	0f 90       	pop	r0
    2644:	0f 90       	pop	r0
    2646:	cf 91       	pop	r28
    2648:	df 91       	pop	r29
    264a:	08 95       	ret

0000264c <KEYPAD_getPressedKey>:

/*******************************************************************************
 *                      Functions Definitions                                  *
 *******************************************************************************/
uint8 KEYPAD_getPressedKey(void)
{
    264c:	df 93       	push	r29
    264e:	cf 93       	push	r28
    2650:	00 d0       	rcall	.+0      	; 0x2652 <KEYPAD_getPressedKey+0x6>
    2652:	0f 92       	push	r0
    2654:	cd b7       	in	r28, 0x3d	; 61
    2656:	de b7       	in	r29, 0x3e	; 62
	uint8 col,row;
	uint8 keypad_port_value = 0;
    2658:	19 82       	std	Y+1, r1	; 0x01
	while(1)
	{
		for(col=0;col<KEYPAD_NUM_COLS;col++) /* loop for columns */
    265a:	1b 82       	std	Y+3, r1	; 0x03
    265c:	43 c0       	rjmp	.+134    	; 0x26e4 <KEYPAD_getPressedKey+0x98>
		{
			/* 
			 * Each time setup the direction for all keypad port as input pins,
			 * except this column will be output pin
			 */
			GPIO_setupPortDirection(KEYPAD_PORT_ID,PORT_INPUT);
    265e:	80 e0       	ldi	r24, 0x00	; 0
    2660:	60 e0       	ldi	r22, 0x00	; 0
    2662:	0e 94 59 12 	call	0x24b2	; 0x24b2 <GPIO_setupPortDirection>
			GPIO_setupPinDirection(KEYPAD_PORT_ID,KEYPAD_FIRST_COLUMN_PIN_ID+col,PIN_OUTPUT);
    2666:	8b 81       	ldd	r24, Y+3	; 0x03
    2668:	98 2f       	mov	r25, r24
    266a:	9c 5f       	subi	r25, 0xFC	; 252
    266c:	80 e0       	ldi	r24, 0x00	; 0
    266e:	69 2f       	mov	r22, r25
    2670:	41 e0       	ldi	r20, 0x01	; 1
    2672:	0e 94 e8 0f 	call	0x1fd0	; 0x1fd0 <GPIO_setupPinDirection>
			
#if(KEYPAD_BUTTON_PRESSED == LOGIC_LOW)
			/* Clear the column output pin and set the rest pins value */
			keypad_port_value = ~(1<<(KEYPAD_FIRST_COLUMN_PIN_ID+col));
    2676:	8b 81       	ldd	r24, Y+3	; 0x03
    2678:	88 2f       	mov	r24, r24
    267a:	90 e0       	ldi	r25, 0x00	; 0
    267c:	9c 01       	movw	r18, r24
    267e:	2c 5f       	subi	r18, 0xFC	; 252
    2680:	3f 4f       	sbci	r19, 0xFF	; 255
    2682:	81 e0       	ldi	r24, 0x01	; 1
    2684:	90 e0       	ldi	r25, 0x00	; 0
    2686:	02 c0       	rjmp	.+4      	; 0x268c <KEYPAD_getPressedKey+0x40>
    2688:	88 0f       	add	r24, r24
    268a:	99 1f       	adc	r25, r25
    268c:	2a 95       	dec	r18
    268e:	e2 f7       	brpl	.-8      	; 0x2688 <KEYPAD_getPressedKey+0x3c>
    2690:	80 95       	com	r24
    2692:	89 83       	std	Y+1, r24	; 0x01
#else
			/* Set the column output pin and clear the rest pins value */
			keypad_port_value = (1<<(KEYPAD_FIRST_COLUMN_PIN_ID+col));
#endif
			GPIO_writePort(KEYPAD_PORT_ID,keypad_port_value);
    2694:	80 e0       	ldi	r24, 0x00	; 0
    2696:	69 81       	ldd	r22, Y+1	; 0x01
    2698:	0e 94 9d 12 	call	0x253a	; 0x253a <GPIO_writePort>

			for(row=0;row<KEYPAD_NUM_ROWS;row++) /* loop for rows */
    269c:	1a 82       	std	Y+2, r1	; 0x02
    269e:	1c c0       	rjmp	.+56     	; 0x26d8 <KEYPAD_getPressedKey+0x8c>
			{
				/* Check if the switch is pressed in this row */
				if(GPIO_readPin(KEYPAD_PORT_ID,row+KEYPAD_FIRST_ROW_PIN_ID) == KEYPAD_BUTTON_PRESSED)
    26a0:	80 e0       	ldi	r24, 0x00	; 0
    26a2:	6a 81       	ldd	r22, Y+2	; 0x02
    26a4:	0e 94 be 11 	call	0x237c	; 0x237c <GPIO_readPin>
    26a8:	88 23       	and	r24, r24
    26aa:	99 f4       	brne	.+38     	; 0x26d2 <KEYPAD_getPressedKey+0x86>
				{
					#if (KEYPAD_NUM_COLS == 3)
						return KEYPAD_4x3_adjustKeyNumber((row*KEYPAD_NUM_COLS)+col+1);
					#elif (KEYPAD_NUM_COLS == 4)
						return KEYPAD_4x4_adjustKeyNumber((row*KEYPAD_NUM_COLS)+col+1);
    26ac:	8a 81       	ldd	r24, Y+2	; 0x02
    26ae:	88 2f       	mov	r24, r24
    26b0:	90 e0       	ldi	r25, 0x00	; 0
    26b2:	88 0f       	add	r24, r24
    26b4:	99 1f       	adc	r25, r25
    26b6:	88 0f       	add	r24, r24
    26b8:	99 1f       	adc	r25, r25
    26ba:	98 2f       	mov	r25, r24
    26bc:	8b 81       	ldd	r24, Y+3	; 0x03
    26be:	89 0f       	add	r24, r25
    26c0:	8f 5f       	subi	r24, 0xFF	; 255
    26c2:	0e 94 77 13 	call	0x26ee	; 0x26ee <KEYPAD_4x4_adjustKeyNumber>
					#endif
				}
			}
		}
	}	
}
    26c6:	0f 90       	pop	r0
    26c8:	0f 90       	pop	r0
    26ca:	0f 90       	pop	r0
    26cc:	cf 91       	pop	r28
    26ce:	df 91       	pop	r29
    26d0:	08 95       	ret
			/* Set the column output pin and clear the rest pins value */
			keypad_port_value = (1<<(KEYPAD_FIRST_COLUMN_PIN_ID+col));
#endif
			GPIO_writePort(KEYPAD_PORT_ID,keypad_port_value);

			for(row=0;row<KEYPAD_NUM_ROWS;row++) /* loop for rows */
    26d2:	8a 81       	ldd	r24, Y+2	; 0x02
    26d4:	8f 5f       	subi	r24, 0xFF	; 255
    26d6:	8a 83       	std	Y+2, r24	; 0x02
    26d8:	8a 81       	ldd	r24, Y+2	; 0x02
    26da:	84 30       	cpi	r24, 0x04	; 4
    26dc:	08 f3       	brcs	.-62     	; 0x26a0 <KEYPAD_getPressedKey+0x54>
{
	uint8 col,row;
	uint8 keypad_port_value = 0;
	while(1)
	{
		for(col=0;col<KEYPAD_NUM_COLS;col++) /* loop for columns */
    26de:	8b 81       	ldd	r24, Y+3	; 0x03
    26e0:	8f 5f       	subi	r24, 0xFF	; 255
    26e2:	8b 83       	std	Y+3, r24	; 0x03
    26e4:	8b 81       	ldd	r24, Y+3	; 0x03
    26e6:	84 30       	cpi	r24, 0x04	; 4
    26e8:	08 f4       	brcc	.+2      	; 0x26ec <KEYPAD_getPressedKey+0xa0>
    26ea:	b9 cf       	rjmp	.-142    	; 0x265e <KEYPAD_getPressedKey+0x12>
    26ec:	b6 cf       	rjmp	.-148    	; 0x265a <KEYPAD_getPressedKey+0xe>

000026ee <KEYPAD_4x4_adjustKeyNumber>:
/*
 * Description :
 * Update the keypad pressed button value with the correct one in keypad 4x4 shape
 */
static uint8 KEYPAD_4x4_adjustKeyNumber(uint8 button_number)
{
    26ee:	df 93       	push	r29
    26f0:	cf 93       	push	r28
    26f2:	00 d0       	rcall	.+0      	; 0x26f4 <KEYPAD_4x4_adjustKeyNumber+0x6>
    26f4:	00 d0       	rcall	.+0      	; 0x26f6 <KEYPAD_4x4_adjustKeyNumber+0x8>
    26f6:	cd b7       	in	r28, 0x3d	; 61
    26f8:	de b7       	in	r29, 0x3e	; 62
    26fa:	8a 83       	std	Y+2, r24	; 0x02
	uint8 keypad_button = 0;
    26fc:	19 82       	std	Y+1, r1	; 0x01
	switch(button_number)
    26fe:	8a 81       	ldd	r24, Y+2	; 0x02
    2700:	28 2f       	mov	r18, r24
    2702:	30 e0       	ldi	r19, 0x00	; 0
    2704:	3c 83       	std	Y+4, r19	; 0x04
    2706:	2b 83       	std	Y+3, r18	; 0x03
    2708:	8b 81       	ldd	r24, Y+3	; 0x03
    270a:	9c 81       	ldd	r25, Y+4	; 0x04
    270c:	88 30       	cpi	r24, 0x08	; 8
    270e:	91 05       	cpc	r25, r1
    2710:	09 f4       	brne	.+2      	; 0x2714 <KEYPAD_4x4_adjustKeyNumber+0x26>
    2712:	70 c0       	rjmp	.+224    	; 0x27f4 <KEYPAD_4x4_adjustKeyNumber+0x106>
    2714:	2b 81       	ldd	r18, Y+3	; 0x03
    2716:	3c 81       	ldd	r19, Y+4	; 0x04
    2718:	29 30       	cpi	r18, 0x09	; 9
    271a:	31 05       	cpc	r19, r1
    271c:	5c f5       	brge	.+86     	; 0x2774 <KEYPAD_4x4_adjustKeyNumber+0x86>
    271e:	8b 81       	ldd	r24, Y+3	; 0x03
    2720:	9c 81       	ldd	r25, Y+4	; 0x04
    2722:	84 30       	cpi	r24, 0x04	; 4
    2724:	91 05       	cpc	r25, r1
    2726:	09 f4       	brne	.+2      	; 0x272a <KEYPAD_4x4_adjustKeyNumber+0x3c>
    2728:	59 c0       	rjmp	.+178    	; 0x27dc <KEYPAD_4x4_adjustKeyNumber+0xee>
    272a:	2b 81       	ldd	r18, Y+3	; 0x03
    272c:	3c 81       	ldd	r19, Y+4	; 0x04
    272e:	25 30       	cpi	r18, 0x05	; 5
    2730:	31 05       	cpc	r19, r1
    2732:	9c f4       	brge	.+38     	; 0x275a <KEYPAD_4x4_adjustKeyNumber+0x6c>
    2734:	8b 81       	ldd	r24, Y+3	; 0x03
    2736:	9c 81       	ldd	r25, Y+4	; 0x04
    2738:	82 30       	cpi	r24, 0x02	; 2
    273a:	91 05       	cpc	r25, r1
    273c:	09 f4       	brne	.+2      	; 0x2740 <KEYPAD_4x4_adjustKeyNumber+0x52>
    273e:	48 c0       	rjmp	.+144    	; 0x27d0 <KEYPAD_4x4_adjustKeyNumber+0xe2>
    2740:	2b 81       	ldd	r18, Y+3	; 0x03
    2742:	3c 81       	ldd	r19, Y+4	; 0x04
    2744:	23 30       	cpi	r18, 0x03	; 3
    2746:	31 05       	cpc	r19, r1
    2748:	0c f0       	brlt	.+2      	; 0x274c <KEYPAD_4x4_adjustKeyNumber+0x5e>
    274a:	45 c0       	rjmp	.+138    	; 0x27d6 <KEYPAD_4x4_adjustKeyNumber+0xe8>
    274c:	8b 81       	ldd	r24, Y+3	; 0x03
    274e:	9c 81       	ldd	r25, Y+4	; 0x04
    2750:	81 30       	cpi	r24, 0x01	; 1
    2752:	91 05       	cpc	r25, r1
    2754:	09 f4       	brne	.+2      	; 0x2758 <KEYPAD_4x4_adjustKeyNumber+0x6a>
    2756:	39 c0       	rjmp	.+114    	; 0x27ca <KEYPAD_4x4_adjustKeyNumber+0xdc>
    2758:	67 c0       	rjmp	.+206    	; 0x2828 <KEYPAD_4x4_adjustKeyNumber+0x13a>
    275a:	2b 81       	ldd	r18, Y+3	; 0x03
    275c:	3c 81       	ldd	r19, Y+4	; 0x04
    275e:	26 30       	cpi	r18, 0x06	; 6
    2760:	31 05       	cpc	r19, r1
    2762:	09 f4       	brne	.+2      	; 0x2766 <KEYPAD_4x4_adjustKeyNumber+0x78>
    2764:	41 c0       	rjmp	.+130    	; 0x27e8 <KEYPAD_4x4_adjustKeyNumber+0xfa>
    2766:	8b 81       	ldd	r24, Y+3	; 0x03
    2768:	9c 81       	ldd	r25, Y+4	; 0x04
    276a:	87 30       	cpi	r24, 0x07	; 7
    276c:	91 05       	cpc	r25, r1
    276e:	0c f0       	brlt	.+2      	; 0x2772 <KEYPAD_4x4_adjustKeyNumber+0x84>
    2770:	3e c0       	rjmp	.+124    	; 0x27ee <KEYPAD_4x4_adjustKeyNumber+0x100>
    2772:	37 c0       	rjmp	.+110    	; 0x27e2 <KEYPAD_4x4_adjustKeyNumber+0xf4>
    2774:	2b 81       	ldd	r18, Y+3	; 0x03
    2776:	3c 81       	ldd	r19, Y+4	; 0x04
    2778:	2c 30       	cpi	r18, 0x0C	; 12
    277a:	31 05       	cpc	r19, r1
    277c:	09 f4       	brne	.+2      	; 0x2780 <KEYPAD_4x4_adjustKeyNumber+0x92>
    277e:	46 c0       	rjmp	.+140    	; 0x280c <KEYPAD_4x4_adjustKeyNumber+0x11e>
    2780:	8b 81       	ldd	r24, Y+3	; 0x03
    2782:	9c 81       	ldd	r25, Y+4	; 0x04
    2784:	8d 30       	cpi	r24, 0x0D	; 13
    2786:	91 05       	cpc	r25, r1
    2788:	5c f4       	brge	.+22     	; 0x27a0 <KEYPAD_4x4_adjustKeyNumber+0xb2>
    278a:	2b 81       	ldd	r18, Y+3	; 0x03
    278c:	3c 81       	ldd	r19, Y+4	; 0x04
    278e:	2a 30       	cpi	r18, 0x0A	; 10
    2790:	31 05       	cpc	r19, r1
    2792:	b1 f1       	breq	.+108    	; 0x2800 <KEYPAD_4x4_adjustKeyNumber+0x112>
    2794:	8b 81       	ldd	r24, Y+3	; 0x03
    2796:	9c 81       	ldd	r25, Y+4	; 0x04
    2798:	8b 30       	cpi	r24, 0x0B	; 11
    279a:	91 05       	cpc	r25, r1
    279c:	a4 f5       	brge	.+104    	; 0x2806 <KEYPAD_4x4_adjustKeyNumber+0x118>
    279e:	2d c0       	rjmp	.+90     	; 0x27fa <KEYPAD_4x4_adjustKeyNumber+0x10c>
    27a0:	2b 81       	ldd	r18, Y+3	; 0x03
    27a2:	3c 81       	ldd	r19, Y+4	; 0x04
    27a4:	2e 30       	cpi	r18, 0x0E	; 14
    27a6:	31 05       	cpc	r19, r1
    27a8:	b9 f1       	breq	.+110    	; 0x2818 <KEYPAD_4x4_adjustKeyNumber+0x12a>
    27aa:	8b 81       	ldd	r24, Y+3	; 0x03
    27ac:	9c 81       	ldd	r25, Y+4	; 0x04
    27ae:	8e 30       	cpi	r24, 0x0E	; 14
    27b0:	91 05       	cpc	r25, r1
    27b2:	7c f1       	brlt	.+94     	; 0x2812 <KEYPAD_4x4_adjustKeyNumber+0x124>
    27b4:	2b 81       	ldd	r18, Y+3	; 0x03
    27b6:	3c 81       	ldd	r19, Y+4	; 0x04
    27b8:	2f 30       	cpi	r18, 0x0F	; 15
    27ba:	31 05       	cpc	r19, r1
    27bc:	79 f1       	breq	.+94     	; 0x281c <KEYPAD_4x4_adjustKeyNumber+0x12e>
    27be:	8b 81       	ldd	r24, Y+3	; 0x03
    27c0:	9c 81       	ldd	r25, Y+4	; 0x04
    27c2:	80 31       	cpi	r24, 0x10	; 16
    27c4:	91 05       	cpc	r25, r1
    27c6:	69 f1       	breq	.+90     	; 0x2822 <KEYPAD_4x4_adjustKeyNumber+0x134>
    27c8:	2f c0       	rjmp	.+94     	; 0x2828 <KEYPAD_4x4_adjustKeyNumber+0x13a>
	{
		case 1: keypad_button = 7;
    27ca:	87 e0       	ldi	r24, 0x07	; 7
    27cc:	89 83       	std	Y+1, r24	; 0x01
    27ce:	2e c0       	rjmp	.+92     	; 0x282c <KEYPAD_4x4_adjustKeyNumber+0x13e>
				break;
		case 2: keypad_button = 8;
    27d0:	88 e0       	ldi	r24, 0x08	; 8
    27d2:	89 83       	std	Y+1, r24	; 0x01
    27d4:	2b c0       	rjmp	.+86     	; 0x282c <KEYPAD_4x4_adjustKeyNumber+0x13e>
				break;
		case 3: keypad_button = 9;
    27d6:	89 e0       	ldi	r24, 0x09	; 9
    27d8:	89 83       	std	Y+1, r24	; 0x01
    27da:	28 c0       	rjmp	.+80     	; 0x282c <KEYPAD_4x4_adjustKeyNumber+0x13e>
				break;
		case 4: keypad_button = '%'; // ASCII Code of %
    27dc:	85 e2       	ldi	r24, 0x25	; 37
    27de:	89 83       	std	Y+1, r24	; 0x01
    27e0:	25 c0       	rjmp	.+74     	; 0x282c <KEYPAD_4x4_adjustKeyNumber+0x13e>
				break;
		case 5: keypad_button = 4;
    27e2:	84 e0       	ldi	r24, 0x04	; 4
    27e4:	89 83       	std	Y+1, r24	; 0x01
    27e6:	22 c0       	rjmp	.+68     	; 0x282c <KEYPAD_4x4_adjustKeyNumber+0x13e>
				break;
		case 6: keypad_button = 5;
    27e8:	85 e0       	ldi	r24, 0x05	; 5
    27ea:	89 83       	std	Y+1, r24	; 0x01
    27ec:	1f c0       	rjmp	.+62     	; 0x282c <KEYPAD_4x4_adjustKeyNumber+0x13e>
				break;
		case 7: keypad_button = 6;
    27ee:	86 e0       	ldi	r24, 0x06	; 6
    27f0:	89 83       	std	Y+1, r24	; 0x01
    27f2:	1c c0       	rjmp	.+56     	; 0x282c <KEYPAD_4x4_adjustKeyNumber+0x13e>
				break;
		case 8: keypad_button = '*'; /* ASCII Code of '*' */
    27f4:	8a e2       	ldi	r24, 0x2A	; 42
    27f6:	89 83       	std	Y+1, r24	; 0x01
    27f8:	19 c0       	rjmp	.+50     	; 0x282c <KEYPAD_4x4_adjustKeyNumber+0x13e>
				break;		
		case 9: keypad_button = 1;
    27fa:	81 e0       	ldi	r24, 0x01	; 1
    27fc:	89 83       	std	Y+1, r24	; 0x01
    27fe:	16 c0       	rjmp	.+44     	; 0x282c <KEYPAD_4x4_adjustKeyNumber+0x13e>
				break;
		case 10: keypad_button = 2;
    2800:	82 e0       	ldi	r24, 0x02	; 2
    2802:	89 83       	std	Y+1, r24	; 0x01
    2804:	13 c0       	rjmp	.+38     	; 0x282c <KEYPAD_4x4_adjustKeyNumber+0x13e>
				break;
		case 11: keypad_button = 3;
    2806:	83 e0       	ldi	r24, 0x03	; 3
    2808:	89 83       	std	Y+1, r24	; 0x01
    280a:	10 c0       	rjmp	.+32     	; 0x282c <KEYPAD_4x4_adjustKeyNumber+0x13e>
				break;
		case 12: keypad_button = '-'; /* ASCII Code of '-' */
    280c:	8d e2       	ldi	r24, 0x2D	; 45
    280e:	89 83       	std	Y+1, r24	; 0x01
    2810:	0d c0       	rjmp	.+26     	; 0x282c <KEYPAD_4x4_adjustKeyNumber+0x13e>
				break;
		case 13: keypad_button = 13;  /* ASCII of Enter */
    2812:	8d e0       	ldi	r24, 0x0D	; 13
    2814:	89 83       	std	Y+1, r24	; 0x01
    2816:	0a c0       	rjmp	.+20     	; 0x282c <KEYPAD_4x4_adjustKeyNumber+0x13e>
				break;			
		case 14: keypad_button = 0;
    2818:	19 82       	std	Y+1, r1	; 0x01
    281a:	08 c0       	rjmp	.+16     	; 0x282c <KEYPAD_4x4_adjustKeyNumber+0x13e>
				break;
		case 15: keypad_button = '='; /* ASCII Code of '=' */
    281c:	8d e3       	ldi	r24, 0x3D	; 61
    281e:	89 83       	std	Y+1, r24	; 0x01
    2820:	05 c0       	rjmp	.+10     	; 0x282c <KEYPAD_4x4_adjustKeyNumber+0x13e>
				break;
		case 16: keypad_button = '+'; /* ASCII Code of '+' */
    2822:	8b e2       	ldi	r24, 0x2B	; 43
    2824:	89 83       	std	Y+1, r24	; 0x01
    2826:	02 c0       	rjmp	.+4      	; 0x282c <KEYPAD_4x4_adjustKeyNumber+0x13e>
				break;
		default: keypad_button = button_number;
    2828:	8a 81       	ldd	r24, Y+2	; 0x02
    282a:	89 83       	std	Y+1, r24	; 0x01
				break;
	}
	return keypad_button;
    282c:	89 81       	ldd	r24, Y+1	; 0x01
} 
    282e:	0f 90       	pop	r0
    2830:	0f 90       	pop	r0
    2832:	0f 90       	pop	r0
    2834:	0f 90       	pop	r0
    2836:	cf 91       	pop	r28
    2838:	df 91       	pop	r29
    283a:	08 95       	ret

0000283c <LCD_init>:
 * Initialize the LCD:
 * 1. Setup the LCD pins directions by use the GPIO driver.
 * 2. Setup the LCD Data Mode 4-bits or 8-bits.
 */
void LCD_init(void)
{
    283c:	df 93       	push	r29
    283e:	cf 93       	push	r28
    2840:	cd b7       	in	r28, 0x3d	; 61
    2842:	de b7       	in	r29, 0x3e	; 62
	/* Configure the direction for RS, RW and E pins as output pins */
	GPIO_setupPinDirection(LCD_RS_PORT_ID,LCD_RS_PIN_ID,PIN_OUTPUT);
    2844:	81 e0       	ldi	r24, 0x01	; 1
    2846:	60 e0       	ldi	r22, 0x00	; 0
    2848:	41 e0       	ldi	r20, 0x01	; 1
    284a:	0e 94 e8 0f 	call	0x1fd0	; 0x1fd0 <GPIO_setupPinDirection>
	GPIO_setupPinDirection(LCD_RW_PORT_ID,LCD_RW_PIN_ID,PIN_OUTPUT);
    284e:	81 e0       	ldi	r24, 0x01	; 1
    2850:	61 e0       	ldi	r22, 0x01	; 1
    2852:	41 e0       	ldi	r20, 0x01	; 1
    2854:	0e 94 e8 0f 	call	0x1fd0	; 0x1fd0 <GPIO_setupPinDirection>
	GPIO_setupPinDirection(LCD_E_PORT_ID,LCD_E_PIN_ID,PIN_OUTPUT);
    2858:	81 e0       	ldi	r24, 0x01	; 1
    285a:	62 e0       	ldi	r22, 0x02	; 2
    285c:	41 e0       	ldi	r20, 0x01	; 1
    285e:	0e 94 e8 0f 	call	0x1fd0	; 0x1fd0 <GPIO_setupPinDirection>

	/* Configure the data port as output port */
	GPIO_setupPortDirection(LCD_DATA_PORT_ID,PORT_OUTPUT);
    2862:	82 e0       	ldi	r24, 0x02	; 2
    2864:	6f ef       	ldi	r22, 0xFF	; 255
    2866:	0e 94 59 12 	call	0x24b2	; 0x24b2 <GPIO_setupPortDirection>

	LCD_sendCommand(LCD_TWO_LINES_EIGHT_BITS_MODE); /* use 2-line lcd + 8-bit Data Mode + 5*7 dot display Mode */
    286a:	88 e3       	ldi	r24, 0x38	; 56
    286c:	0e 94 41 14 	call	0x2882	; 0x2882 <LCD_sendCommand>
	
	LCD_sendCommand(LCD_CURSOR_OFF); /* cursor off */
    2870:	8c e0       	ldi	r24, 0x0C	; 12
    2872:	0e 94 41 14 	call	0x2882	; 0x2882 <LCD_sendCommand>
	
	LCD_sendCommand(LCD_CLEAR_COMMAND); /* clear LCD at the beginning */
    2876:	81 e0       	ldi	r24, 0x01	; 1
    2878:	0e 94 41 14 	call	0x2882	; 0x2882 <LCD_sendCommand>
}
    287c:	cf 91       	pop	r28
    287e:	df 91       	pop	r29
    2880:	08 95       	ret

00002882 <LCD_sendCommand>:
/*
 * Description :
 * Send the required command to the screen
 */
void LCD_sendCommand(uint8 command)
{
    2882:	df 93       	push	r29
    2884:	cf 93       	push	r28
    2886:	cd b7       	in	r28, 0x3d	; 61
    2888:	de b7       	in	r29, 0x3e	; 62
    288a:	e9 97       	sbiw	r28, 0x39	; 57
    288c:	0f b6       	in	r0, 0x3f	; 63
    288e:	f8 94       	cli
    2890:	de bf       	out	0x3e, r29	; 62
    2892:	0f be       	out	0x3f, r0	; 63
    2894:	cd bf       	out	0x3d, r28	; 61
    2896:	89 af       	std	Y+57, r24	; 0x39
	GPIO_writePin(LCD_RS_PORT_ID,LCD_RS_PIN_ID,LOGIC_LOW); /* Instruction Mode RS=0 */
    2898:	81 e0       	ldi	r24, 0x01	; 1
    289a:	60 e0       	ldi	r22, 0x00	; 0
    289c:	40 e0       	ldi	r20, 0x00	; 0
    289e:	0e 94 d3 10 	call	0x21a6	; 0x21a6 <GPIO_writePin>
	GPIO_writePin(LCD_RW_PORT_ID,LCD_RW_PIN_ID,LOGIC_LOW); /* write data to LCD so RW=0 */
    28a2:	81 e0       	ldi	r24, 0x01	; 1
    28a4:	61 e0       	ldi	r22, 0x01	; 1
    28a6:	40 e0       	ldi	r20, 0x00	; 0
    28a8:	0e 94 d3 10 	call	0x21a6	; 0x21a6 <GPIO_writePin>
    28ac:	80 e0       	ldi	r24, 0x00	; 0
    28ae:	90 e0       	ldi	r25, 0x00	; 0
    28b0:	a0 e8       	ldi	r26, 0x80	; 128
    28b2:	bf e3       	ldi	r27, 0x3F	; 63
    28b4:	8d ab       	std	Y+53, r24	; 0x35
    28b6:	9e ab       	std	Y+54, r25	; 0x36
    28b8:	af ab       	std	Y+55, r26	; 0x37
    28ba:	b8 af       	std	Y+56, r27	; 0x38
 */
void
_delay_ms(double __ms)
{
	uint16_t __ticks;
	double __tmp = ((F_CPU) / 4e3) * __ms;
    28bc:	6d a9       	ldd	r22, Y+53	; 0x35
    28be:	7e a9       	ldd	r23, Y+54	; 0x36
    28c0:	8f a9       	ldd	r24, Y+55	; 0x37
    28c2:	98 ad       	ldd	r25, Y+56	; 0x38
    28c4:	20 e0       	ldi	r18, 0x00	; 0
    28c6:	30 e0       	ldi	r19, 0x00	; 0
    28c8:	4a e7       	ldi	r20, 0x7A	; 122
    28ca:	53 e4       	ldi	r21, 0x43	; 67
    28cc:	0e 94 1f 02 	call	0x43e	; 0x43e <__mulsf3>
    28d0:	dc 01       	movw	r26, r24
    28d2:	cb 01       	movw	r24, r22
    28d4:	89 ab       	std	Y+49, r24	; 0x31
    28d6:	9a ab       	std	Y+50, r25	; 0x32
    28d8:	ab ab       	std	Y+51, r26	; 0x33
    28da:	bc ab       	std	Y+52, r27	; 0x34
	if (__tmp < 1.0)
    28dc:	69 a9       	ldd	r22, Y+49	; 0x31
    28de:	7a a9       	ldd	r23, Y+50	; 0x32
    28e0:	8b a9       	ldd	r24, Y+51	; 0x33
    28e2:	9c a9       	ldd	r25, Y+52	; 0x34
    28e4:	20 e0       	ldi	r18, 0x00	; 0
    28e6:	30 e0       	ldi	r19, 0x00	; 0
    28e8:	40 e8       	ldi	r20, 0x80	; 128
    28ea:	5f e3       	ldi	r21, 0x3F	; 63
    28ec:	0e 94 79 03 	call	0x6f2	; 0x6f2 <__ltsf2>
    28f0:	88 23       	and	r24, r24
    28f2:	2c f4       	brge	.+10     	; 0x28fe <LCD_sendCommand+0x7c>
		__ticks = 1;
    28f4:	81 e0       	ldi	r24, 0x01	; 1
    28f6:	90 e0       	ldi	r25, 0x00	; 0
    28f8:	98 ab       	std	Y+48, r25	; 0x30
    28fa:	8f a7       	std	Y+47, r24	; 0x2f
    28fc:	3f c0       	rjmp	.+126    	; 0x297c <LCD_sendCommand+0xfa>
	else if (__tmp > 65535)
    28fe:	69 a9       	ldd	r22, Y+49	; 0x31
    2900:	7a a9       	ldd	r23, Y+50	; 0x32
    2902:	8b a9       	ldd	r24, Y+51	; 0x33
    2904:	9c a9       	ldd	r25, Y+52	; 0x34
    2906:	20 e0       	ldi	r18, 0x00	; 0
    2908:	3f ef       	ldi	r19, 0xFF	; 255
    290a:	4f e7       	ldi	r20, 0x7F	; 127
    290c:	57 e4       	ldi	r21, 0x47	; 71
    290e:	0e 94 19 03 	call	0x632	; 0x632 <__gtsf2>
    2912:	18 16       	cp	r1, r24
    2914:	4c f5       	brge	.+82     	; 0x2968 <LCD_sendCommand+0xe6>
	{
		//	__ticks = requested delay in 1/10 ms
		__ticks = (uint16_t) (__ms * 10.0);
    2916:	6d a9       	ldd	r22, Y+53	; 0x35
    2918:	7e a9       	ldd	r23, Y+54	; 0x36
    291a:	8f a9       	ldd	r24, Y+55	; 0x37
    291c:	98 ad       	ldd	r25, Y+56	; 0x38
    291e:	20 e0       	ldi	r18, 0x00	; 0
    2920:	30 e0       	ldi	r19, 0x00	; 0
    2922:	40 e2       	ldi	r20, 0x20	; 32
    2924:	51 e4       	ldi	r21, 0x41	; 65
    2926:	0e 94 1f 02 	call	0x43e	; 0x43e <__mulsf3>
    292a:	dc 01       	movw	r26, r24
    292c:	cb 01       	movw	r24, r22
    292e:	bc 01       	movw	r22, r24
    2930:	cd 01       	movw	r24, r26
    2932:	0e 94 49 00 	call	0x92	; 0x92 <__fixunssfsi>
    2936:	dc 01       	movw	r26, r24
    2938:	cb 01       	movw	r24, r22
    293a:	98 ab       	std	Y+48, r25	; 0x30
    293c:	8f a7       	std	Y+47, r24	; 0x2f
    293e:	0f c0       	rjmp	.+30     	; 0x295e <LCD_sendCommand+0xdc>
    2940:	89 e1       	ldi	r24, 0x19	; 25
    2942:	90 e0       	ldi	r25, 0x00	; 0
    2944:	9e a7       	std	Y+46, r25	; 0x2e
    2946:	8d a7       	std	Y+45, r24	; 0x2d
    2948:	8d a5       	ldd	r24, Y+45	; 0x2d
    294a:	9e a5       	ldd	r25, Y+46	; 0x2e
    294c:	01 97       	sbiw	r24, 0x01	; 1
    294e:	f1 f7       	brne	.-4      	; 0x294c <LCD_sendCommand+0xca>
    2950:	9e a7       	std	Y+46, r25	; 0x2e
    2952:	8d a7       	std	Y+45, r24	; 0x2d
		while(__ticks)
		{
			// wait 1/10 ms
			_delay_loop_2(((F_CPU) / 4e3) / 10);
			__ticks --;
    2954:	8f a5       	ldd	r24, Y+47	; 0x2f
    2956:	98 a9       	ldd	r25, Y+48	; 0x30
    2958:	01 97       	sbiw	r24, 0x01	; 1
    295a:	98 ab       	std	Y+48, r25	; 0x30
    295c:	8f a7       	std	Y+47, r24	; 0x2f
		__ticks = 1;
	else if (__tmp > 65535)
	{
		//	__ticks = requested delay in 1/10 ms
		__ticks = (uint16_t) (__ms * 10.0);
		while(__ticks)
    295e:	8f a5       	ldd	r24, Y+47	; 0x2f
    2960:	98 a9       	ldd	r25, Y+48	; 0x30
    2962:	00 97       	sbiw	r24, 0x00	; 0
    2964:	69 f7       	brne	.-38     	; 0x2940 <LCD_sendCommand+0xbe>
    2966:	14 c0       	rjmp	.+40     	; 0x2990 <LCD_sendCommand+0x10e>
			__ticks --;
		}
		return;
	}
	else
		__ticks = (uint16_t)__tmp;
    2968:	69 a9       	ldd	r22, Y+49	; 0x31
    296a:	7a a9       	ldd	r23, Y+50	; 0x32
    296c:	8b a9       	ldd	r24, Y+51	; 0x33
    296e:	9c a9       	ldd	r25, Y+52	; 0x34
    2970:	0e 94 49 00 	call	0x92	; 0x92 <__fixunssfsi>
    2974:	dc 01       	movw	r26, r24
    2976:	cb 01       	movw	r24, r22
    2978:	98 ab       	std	Y+48, r25	; 0x30
    297a:	8f a7       	std	Y+47, r24	; 0x2f
    297c:	8f a5       	ldd	r24, Y+47	; 0x2f
    297e:	98 a9       	ldd	r25, Y+48	; 0x30
    2980:	9c a7       	std	Y+44, r25	; 0x2c
    2982:	8b a7       	std	Y+43, r24	; 0x2b
    2984:	8b a5       	ldd	r24, Y+43	; 0x2b
    2986:	9c a5       	ldd	r25, Y+44	; 0x2c
    2988:	01 97       	sbiw	r24, 0x01	; 1
    298a:	f1 f7       	brne	.-4      	; 0x2988 <LCD_sendCommand+0x106>
    298c:	9c a7       	std	Y+44, r25	; 0x2c
    298e:	8b a7       	std	Y+43, r24	; 0x2b
	_delay_ms(1); /* delay for processing Tas = 50ns */
	GPIO_writePin(LCD_E_PORT_ID,LCD_E_PIN_ID,LOGIC_HIGH); /* Enable LCD E=1 */
    2990:	81 e0       	ldi	r24, 0x01	; 1
    2992:	62 e0       	ldi	r22, 0x02	; 2
    2994:	41 e0       	ldi	r20, 0x01	; 1
    2996:	0e 94 d3 10 	call	0x21a6	; 0x21a6 <GPIO_writePin>
    299a:	80 e0       	ldi	r24, 0x00	; 0
    299c:	90 e0       	ldi	r25, 0x00	; 0
    299e:	a0 e8       	ldi	r26, 0x80	; 128
    29a0:	bf e3       	ldi	r27, 0x3F	; 63
    29a2:	8f a3       	std	Y+39, r24	; 0x27
    29a4:	98 a7       	std	Y+40, r25	; 0x28
    29a6:	a9 a7       	std	Y+41, r26	; 0x29
    29a8:	ba a7       	std	Y+42, r27	; 0x2a
 */
void
_delay_ms(double __ms)
{
	uint16_t __ticks;
	double __tmp = ((F_CPU) / 4e3) * __ms;
    29aa:	6f a1       	ldd	r22, Y+39	; 0x27
    29ac:	78 a5       	ldd	r23, Y+40	; 0x28
    29ae:	89 a5       	ldd	r24, Y+41	; 0x29
    29b0:	9a a5       	ldd	r25, Y+42	; 0x2a
    29b2:	20 e0       	ldi	r18, 0x00	; 0
    29b4:	30 e0       	ldi	r19, 0x00	; 0
    29b6:	4a e7       	ldi	r20, 0x7A	; 122
    29b8:	53 e4       	ldi	r21, 0x43	; 67
    29ba:	0e 94 1f 02 	call	0x43e	; 0x43e <__mulsf3>
    29be:	dc 01       	movw	r26, r24
    29c0:	cb 01       	movw	r24, r22
    29c2:	8b a3       	std	Y+35, r24	; 0x23
    29c4:	9c a3       	std	Y+36, r25	; 0x24
    29c6:	ad a3       	std	Y+37, r26	; 0x25
    29c8:	be a3       	std	Y+38, r27	; 0x26
	if (__tmp < 1.0)
    29ca:	6b a1       	ldd	r22, Y+35	; 0x23
    29cc:	7c a1       	ldd	r23, Y+36	; 0x24
    29ce:	8d a1       	ldd	r24, Y+37	; 0x25
    29d0:	9e a1       	ldd	r25, Y+38	; 0x26
    29d2:	20 e0       	ldi	r18, 0x00	; 0
    29d4:	30 e0       	ldi	r19, 0x00	; 0
    29d6:	40 e8       	ldi	r20, 0x80	; 128
    29d8:	5f e3       	ldi	r21, 0x3F	; 63
    29da:	0e 94 79 03 	call	0x6f2	; 0x6f2 <__ltsf2>
    29de:	88 23       	and	r24, r24
    29e0:	2c f4       	brge	.+10     	; 0x29ec <LCD_sendCommand+0x16a>
		__ticks = 1;
    29e2:	81 e0       	ldi	r24, 0x01	; 1
    29e4:	90 e0       	ldi	r25, 0x00	; 0
    29e6:	9a a3       	std	Y+34, r25	; 0x22
    29e8:	89 a3       	std	Y+33, r24	; 0x21
    29ea:	3f c0       	rjmp	.+126    	; 0x2a6a <LCD_sendCommand+0x1e8>
	else if (__tmp > 65535)
    29ec:	6b a1       	ldd	r22, Y+35	; 0x23
    29ee:	7c a1       	ldd	r23, Y+36	; 0x24
    29f0:	8d a1       	ldd	r24, Y+37	; 0x25
    29f2:	9e a1       	ldd	r25, Y+38	; 0x26
    29f4:	20 e0       	ldi	r18, 0x00	; 0
    29f6:	3f ef       	ldi	r19, 0xFF	; 255
    29f8:	4f e7       	ldi	r20, 0x7F	; 127
    29fa:	57 e4       	ldi	r21, 0x47	; 71
    29fc:	0e 94 19 03 	call	0x632	; 0x632 <__gtsf2>
    2a00:	18 16       	cp	r1, r24
    2a02:	4c f5       	brge	.+82     	; 0x2a56 <LCD_sendCommand+0x1d4>
	{
		//	__ticks = requested delay in 1/10 ms
		__ticks = (uint16_t) (__ms * 10.0);
    2a04:	6f a1       	ldd	r22, Y+39	; 0x27
    2a06:	78 a5       	ldd	r23, Y+40	; 0x28
    2a08:	89 a5       	ldd	r24, Y+41	; 0x29
    2a0a:	9a a5       	ldd	r25, Y+42	; 0x2a
    2a0c:	20 e0       	ldi	r18, 0x00	; 0
    2a0e:	30 e0       	ldi	r19, 0x00	; 0
    2a10:	40 e2       	ldi	r20, 0x20	; 32
    2a12:	51 e4       	ldi	r21, 0x41	; 65
    2a14:	0e 94 1f 02 	call	0x43e	; 0x43e <__mulsf3>
    2a18:	dc 01       	movw	r26, r24
    2a1a:	cb 01       	movw	r24, r22
    2a1c:	bc 01       	movw	r22, r24
    2a1e:	cd 01       	movw	r24, r26
    2a20:	0e 94 49 00 	call	0x92	; 0x92 <__fixunssfsi>
    2a24:	dc 01       	movw	r26, r24
    2a26:	cb 01       	movw	r24, r22
    2a28:	9a a3       	std	Y+34, r25	; 0x22
    2a2a:	89 a3       	std	Y+33, r24	; 0x21
    2a2c:	0f c0       	rjmp	.+30     	; 0x2a4c <LCD_sendCommand+0x1ca>
    2a2e:	89 e1       	ldi	r24, 0x19	; 25
    2a30:	90 e0       	ldi	r25, 0x00	; 0
    2a32:	98 a3       	std	Y+32, r25	; 0x20
    2a34:	8f 8f       	std	Y+31, r24	; 0x1f
    2a36:	8f 8d       	ldd	r24, Y+31	; 0x1f
    2a38:	98 a1       	ldd	r25, Y+32	; 0x20
    2a3a:	01 97       	sbiw	r24, 0x01	; 1
    2a3c:	f1 f7       	brne	.-4      	; 0x2a3a <LCD_sendCommand+0x1b8>
    2a3e:	98 a3       	std	Y+32, r25	; 0x20
    2a40:	8f 8f       	std	Y+31, r24	; 0x1f
		while(__ticks)
		{
			// wait 1/10 ms
			_delay_loop_2(((F_CPU) / 4e3) / 10);
			__ticks --;
    2a42:	89 a1       	ldd	r24, Y+33	; 0x21
    2a44:	9a a1       	ldd	r25, Y+34	; 0x22
    2a46:	01 97       	sbiw	r24, 0x01	; 1
    2a48:	9a a3       	std	Y+34, r25	; 0x22
    2a4a:	89 a3       	std	Y+33, r24	; 0x21
		__ticks = 1;
	else if (__tmp > 65535)
	{
		//	__ticks = requested delay in 1/10 ms
		__ticks = (uint16_t) (__ms * 10.0);
		while(__ticks)
    2a4c:	89 a1       	ldd	r24, Y+33	; 0x21
    2a4e:	9a a1       	ldd	r25, Y+34	; 0x22
    2a50:	00 97       	sbiw	r24, 0x00	; 0
    2a52:	69 f7       	brne	.-38     	; 0x2a2e <LCD_sendCommand+0x1ac>
    2a54:	14 c0       	rjmp	.+40     	; 0x2a7e <LCD_sendCommand+0x1fc>
			__ticks --;
		}
		return;
	}
	else
		__ticks = (uint16_t)__tmp;
    2a56:	6b a1       	ldd	r22, Y+35	; 0x23
    2a58:	7c a1       	ldd	r23, Y+36	; 0x24
    2a5a:	8d a1       	ldd	r24, Y+37	; 0x25
    2a5c:	9e a1       	ldd	r25, Y+38	; 0x26
    2a5e:	0e 94 49 00 	call	0x92	; 0x92 <__fixunssfsi>
    2a62:	dc 01       	movw	r26, r24
    2a64:	cb 01       	movw	r24, r22
    2a66:	9a a3       	std	Y+34, r25	; 0x22
    2a68:	89 a3       	std	Y+33, r24	; 0x21
    2a6a:	89 a1       	ldd	r24, Y+33	; 0x21
    2a6c:	9a a1       	ldd	r25, Y+34	; 0x22
    2a6e:	9e 8f       	std	Y+30, r25	; 0x1e
    2a70:	8d 8f       	std	Y+29, r24	; 0x1d
    2a72:	8d 8d       	ldd	r24, Y+29	; 0x1d
    2a74:	9e 8d       	ldd	r25, Y+30	; 0x1e
    2a76:	01 97       	sbiw	r24, 0x01	; 1
    2a78:	f1 f7       	brne	.-4      	; 0x2a76 <LCD_sendCommand+0x1f4>
    2a7a:	9e 8f       	std	Y+30, r25	; 0x1e
    2a7c:	8d 8f       	std	Y+29, r24	; 0x1d
	_delay_ms(1); /* delay for processing Tpw - Tdws = 190ns */
	GPIO_writePort(LCD_DATA_PORT_ID,command); /* out the required command to the data bus D0 --> D7 */
    2a7e:	82 e0       	ldi	r24, 0x02	; 2
    2a80:	69 ad       	ldd	r22, Y+57	; 0x39
    2a82:	0e 94 9d 12 	call	0x253a	; 0x253a <GPIO_writePort>
    2a86:	80 e0       	ldi	r24, 0x00	; 0
    2a88:	90 e0       	ldi	r25, 0x00	; 0
    2a8a:	a0 e8       	ldi	r26, 0x80	; 128
    2a8c:	bf e3       	ldi	r27, 0x3F	; 63
    2a8e:	89 8f       	std	Y+25, r24	; 0x19
    2a90:	9a 8f       	std	Y+26, r25	; 0x1a
    2a92:	ab 8f       	std	Y+27, r26	; 0x1b
    2a94:	bc 8f       	std	Y+28, r27	; 0x1c
 */
void
_delay_ms(double __ms)
{
	uint16_t __ticks;
	double __tmp = ((F_CPU) / 4e3) * __ms;
    2a96:	69 8d       	ldd	r22, Y+25	; 0x19
    2a98:	7a 8d       	ldd	r23, Y+26	; 0x1a
    2a9a:	8b 8d       	ldd	r24, Y+27	; 0x1b
    2a9c:	9c 8d       	ldd	r25, Y+28	; 0x1c
    2a9e:	20 e0       	ldi	r18, 0x00	; 0
    2aa0:	30 e0       	ldi	r19, 0x00	; 0
    2aa2:	4a e7       	ldi	r20, 0x7A	; 122
    2aa4:	53 e4       	ldi	r21, 0x43	; 67
    2aa6:	0e 94 1f 02 	call	0x43e	; 0x43e <__mulsf3>
    2aaa:	dc 01       	movw	r26, r24
    2aac:	cb 01       	movw	r24, r22
    2aae:	8d 8b       	std	Y+21, r24	; 0x15
    2ab0:	9e 8b       	std	Y+22, r25	; 0x16
    2ab2:	af 8b       	std	Y+23, r26	; 0x17
    2ab4:	b8 8f       	std	Y+24, r27	; 0x18
	if (__tmp < 1.0)
    2ab6:	6d 89       	ldd	r22, Y+21	; 0x15
    2ab8:	7e 89       	ldd	r23, Y+22	; 0x16
    2aba:	8f 89       	ldd	r24, Y+23	; 0x17
    2abc:	98 8d       	ldd	r25, Y+24	; 0x18
    2abe:	20 e0       	ldi	r18, 0x00	; 0
    2ac0:	30 e0       	ldi	r19, 0x00	; 0
    2ac2:	40 e8       	ldi	r20, 0x80	; 128
    2ac4:	5f e3       	ldi	r21, 0x3F	; 63
    2ac6:	0e 94 79 03 	call	0x6f2	; 0x6f2 <__ltsf2>
    2aca:	88 23       	and	r24, r24
    2acc:	2c f4       	brge	.+10     	; 0x2ad8 <LCD_sendCommand+0x256>
		__ticks = 1;
    2ace:	81 e0       	ldi	r24, 0x01	; 1
    2ad0:	90 e0       	ldi	r25, 0x00	; 0
    2ad2:	9c 8b       	std	Y+20, r25	; 0x14
    2ad4:	8b 8b       	std	Y+19, r24	; 0x13
    2ad6:	3f c0       	rjmp	.+126    	; 0x2b56 <LCD_sendCommand+0x2d4>
	else if (__tmp > 65535)
    2ad8:	6d 89       	ldd	r22, Y+21	; 0x15
    2ada:	7e 89       	ldd	r23, Y+22	; 0x16
    2adc:	8f 89       	ldd	r24, Y+23	; 0x17
    2ade:	98 8d       	ldd	r25, Y+24	; 0x18
    2ae0:	20 e0       	ldi	r18, 0x00	; 0
    2ae2:	3f ef       	ldi	r19, 0xFF	; 255
    2ae4:	4f e7       	ldi	r20, 0x7F	; 127
    2ae6:	57 e4       	ldi	r21, 0x47	; 71
    2ae8:	0e 94 19 03 	call	0x632	; 0x632 <__gtsf2>
    2aec:	18 16       	cp	r1, r24
    2aee:	4c f5       	brge	.+82     	; 0x2b42 <LCD_sendCommand+0x2c0>
	{
		//	__ticks = requested delay in 1/10 ms
		__ticks = (uint16_t) (__ms * 10.0);
    2af0:	69 8d       	ldd	r22, Y+25	; 0x19
    2af2:	7a 8d       	ldd	r23, Y+26	; 0x1a
    2af4:	8b 8d       	ldd	r24, Y+27	; 0x1b
    2af6:	9c 8d       	ldd	r25, Y+28	; 0x1c
    2af8:	20 e0       	ldi	r18, 0x00	; 0
    2afa:	30 e0       	ldi	r19, 0x00	; 0
    2afc:	40 e2       	ldi	r20, 0x20	; 32
    2afe:	51 e4       	ldi	r21, 0x41	; 65
    2b00:	0e 94 1f 02 	call	0x43e	; 0x43e <__mulsf3>
    2b04:	dc 01       	movw	r26, r24
    2b06:	cb 01       	movw	r24, r22
    2b08:	bc 01       	movw	r22, r24
    2b0a:	cd 01       	movw	r24, r26
    2b0c:	0e 94 49 00 	call	0x92	; 0x92 <__fixunssfsi>
    2b10:	dc 01       	movw	r26, r24
    2b12:	cb 01       	movw	r24, r22
    2b14:	9c 8b       	std	Y+20, r25	; 0x14
    2b16:	8b 8b       	std	Y+19, r24	; 0x13
    2b18:	0f c0       	rjmp	.+30     	; 0x2b38 <LCD_sendCommand+0x2b6>
    2b1a:	89 e1       	ldi	r24, 0x19	; 25
    2b1c:	90 e0       	ldi	r25, 0x00	; 0
    2b1e:	9a 8b       	std	Y+18, r25	; 0x12
    2b20:	89 8b       	std	Y+17, r24	; 0x11
    2b22:	89 89       	ldd	r24, Y+17	; 0x11
    2b24:	9a 89       	ldd	r25, Y+18	; 0x12
    2b26:	01 97       	sbiw	r24, 0x01	; 1
    2b28:	f1 f7       	brne	.-4      	; 0x2b26 <LCD_sendCommand+0x2a4>
    2b2a:	9a 8b       	std	Y+18, r25	; 0x12
    2b2c:	89 8b       	std	Y+17, r24	; 0x11
		while(__ticks)
		{
			// wait 1/10 ms
			_delay_loop_2(((F_CPU) / 4e3) / 10);
			__ticks --;
    2b2e:	8b 89       	ldd	r24, Y+19	; 0x13
    2b30:	9c 89       	ldd	r25, Y+20	; 0x14
    2b32:	01 97       	sbiw	r24, 0x01	; 1
    2b34:	9c 8b       	std	Y+20, r25	; 0x14
    2b36:	8b 8b       	std	Y+19, r24	; 0x13
		__ticks = 1;
	else if (__tmp > 65535)
	{
		//	__ticks = requested delay in 1/10 ms
		__ticks = (uint16_t) (__ms * 10.0);
		while(__ticks)
    2b38:	8b 89       	ldd	r24, Y+19	; 0x13
    2b3a:	9c 89       	ldd	r25, Y+20	; 0x14
    2b3c:	00 97       	sbiw	r24, 0x00	; 0
    2b3e:	69 f7       	brne	.-38     	; 0x2b1a <LCD_sendCommand+0x298>
    2b40:	14 c0       	rjmp	.+40     	; 0x2b6a <LCD_sendCommand+0x2e8>
			__ticks --;
		}
		return;
	}
	else
		__ticks = (uint16_t)__tmp;
    2b42:	6d 89       	ldd	r22, Y+21	; 0x15
    2b44:	7e 89       	ldd	r23, Y+22	; 0x16
    2b46:	8f 89       	ldd	r24, Y+23	; 0x17
    2b48:	98 8d       	ldd	r25, Y+24	; 0x18
    2b4a:	0e 94 49 00 	call	0x92	; 0x92 <__fixunssfsi>
    2b4e:	dc 01       	movw	r26, r24
    2b50:	cb 01       	movw	r24, r22
    2b52:	9c 8b       	std	Y+20, r25	; 0x14
    2b54:	8b 8b       	std	Y+19, r24	; 0x13
    2b56:	8b 89       	ldd	r24, Y+19	; 0x13
    2b58:	9c 89       	ldd	r25, Y+20	; 0x14
    2b5a:	98 8b       	std	Y+16, r25	; 0x10
    2b5c:	8f 87       	std	Y+15, r24	; 0x0f
    2b5e:	8f 85       	ldd	r24, Y+15	; 0x0f
    2b60:	98 89       	ldd	r25, Y+16	; 0x10
    2b62:	01 97       	sbiw	r24, 0x01	; 1
    2b64:	f1 f7       	brne	.-4      	; 0x2b62 <LCD_sendCommand+0x2e0>
    2b66:	98 8b       	std	Y+16, r25	; 0x10
    2b68:	8f 87       	std	Y+15, r24	; 0x0f
	_delay_ms(1); /* delay for processing Tdsw = 100ns */
	GPIO_writePin(LCD_E_PORT_ID,LCD_E_PIN_ID,LOGIC_LOW); /* Disable LCD E=0 */
    2b6a:	81 e0       	ldi	r24, 0x01	; 1
    2b6c:	62 e0       	ldi	r22, 0x02	; 2
    2b6e:	40 e0       	ldi	r20, 0x00	; 0
    2b70:	0e 94 d3 10 	call	0x21a6	; 0x21a6 <GPIO_writePin>
    2b74:	80 e0       	ldi	r24, 0x00	; 0
    2b76:	90 e0       	ldi	r25, 0x00	; 0
    2b78:	a0 e8       	ldi	r26, 0x80	; 128
    2b7a:	bf e3       	ldi	r27, 0x3F	; 63
    2b7c:	8b 87       	std	Y+11, r24	; 0x0b
    2b7e:	9c 87       	std	Y+12, r25	; 0x0c
    2b80:	ad 87       	std	Y+13, r26	; 0x0d
    2b82:	be 87       	std	Y+14, r27	; 0x0e
 */
void
_delay_ms(double __ms)
{
	uint16_t __ticks;
	double __tmp = ((F_CPU) / 4e3) * __ms;
    2b84:	6b 85       	ldd	r22, Y+11	; 0x0b
    2b86:	7c 85       	ldd	r23, Y+12	; 0x0c
    2b88:	8d 85       	ldd	r24, Y+13	; 0x0d
    2b8a:	9e 85       	ldd	r25, Y+14	; 0x0e
    2b8c:	20 e0       	ldi	r18, 0x00	; 0
    2b8e:	30 e0       	ldi	r19, 0x00	; 0
    2b90:	4a e7       	ldi	r20, 0x7A	; 122
    2b92:	53 e4       	ldi	r21, 0x43	; 67
    2b94:	0e 94 1f 02 	call	0x43e	; 0x43e <__mulsf3>
    2b98:	dc 01       	movw	r26, r24
    2b9a:	cb 01       	movw	r24, r22
    2b9c:	8f 83       	std	Y+7, r24	; 0x07
    2b9e:	98 87       	std	Y+8, r25	; 0x08
    2ba0:	a9 87       	std	Y+9, r26	; 0x09
    2ba2:	ba 87       	std	Y+10, r27	; 0x0a
	if (__tmp < 1.0)
    2ba4:	6f 81       	ldd	r22, Y+7	; 0x07
    2ba6:	78 85       	ldd	r23, Y+8	; 0x08
    2ba8:	89 85       	ldd	r24, Y+9	; 0x09
    2baa:	9a 85       	ldd	r25, Y+10	; 0x0a
    2bac:	20 e0       	ldi	r18, 0x00	; 0
    2bae:	30 e0       	ldi	r19, 0x00	; 0
    2bb0:	40 e8       	ldi	r20, 0x80	; 128
    2bb2:	5f e3       	ldi	r21, 0x3F	; 63
    2bb4:	0e 94 79 03 	call	0x6f2	; 0x6f2 <__ltsf2>
    2bb8:	88 23       	and	r24, r24
    2bba:	2c f4       	brge	.+10     	; 0x2bc6 <LCD_sendCommand+0x344>
		__ticks = 1;
    2bbc:	81 e0       	ldi	r24, 0x01	; 1
    2bbe:	90 e0       	ldi	r25, 0x00	; 0
    2bc0:	9e 83       	std	Y+6, r25	; 0x06
    2bc2:	8d 83       	std	Y+5, r24	; 0x05
    2bc4:	3f c0       	rjmp	.+126    	; 0x2c44 <LCD_sendCommand+0x3c2>
	else if (__tmp > 65535)
    2bc6:	6f 81       	ldd	r22, Y+7	; 0x07
    2bc8:	78 85       	ldd	r23, Y+8	; 0x08
    2bca:	89 85       	ldd	r24, Y+9	; 0x09
    2bcc:	9a 85       	ldd	r25, Y+10	; 0x0a
    2bce:	20 e0       	ldi	r18, 0x00	; 0
    2bd0:	3f ef       	ldi	r19, 0xFF	; 255
    2bd2:	4f e7       	ldi	r20, 0x7F	; 127
    2bd4:	57 e4       	ldi	r21, 0x47	; 71
    2bd6:	0e 94 19 03 	call	0x632	; 0x632 <__gtsf2>
    2bda:	18 16       	cp	r1, r24
    2bdc:	4c f5       	brge	.+82     	; 0x2c30 <LCD_sendCommand+0x3ae>
	{
		//	__ticks = requested delay in 1/10 ms
		__ticks = (uint16_t) (__ms * 10.0);
    2bde:	6b 85       	ldd	r22, Y+11	; 0x0b
    2be0:	7c 85       	ldd	r23, Y+12	; 0x0c
    2be2:	8d 85       	ldd	r24, Y+13	; 0x0d
    2be4:	9e 85       	ldd	r25, Y+14	; 0x0e
    2be6:	20 e0       	ldi	r18, 0x00	; 0
    2be8:	30 e0       	ldi	r19, 0x00	; 0
    2bea:	40 e2       	ldi	r20, 0x20	; 32
    2bec:	51 e4       	ldi	r21, 0x41	; 65
    2bee:	0e 94 1f 02 	call	0x43e	; 0x43e <__mulsf3>
    2bf2:	dc 01       	movw	r26, r24
    2bf4:	cb 01       	movw	r24, r22
    2bf6:	bc 01       	movw	r22, r24
    2bf8:	cd 01       	movw	r24, r26
    2bfa:	0e 94 49 00 	call	0x92	; 0x92 <__fixunssfsi>
    2bfe:	dc 01       	movw	r26, r24
    2c00:	cb 01       	movw	r24, r22
    2c02:	9e 83       	std	Y+6, r25	; 0x06
    2c04:	8d 83       	std	Y+5, r24	; 0x05
    2c06:	0f c0       	rjmp	.+30     	; 0x2c26 <LCD_sendCommand+0x3a4>
    2c08:	89 e1       	ldi	r24, 0x19	; 25
    2c0a:	90 e0       	ldi	r25, 0x00	; 0
    2c0c:	9c 83       	std	Y+4, r25	; 0x04
    2c0e:	8b 83       	std	Y+3, r24	; 0x03
    2c10:	8b 81       	ldd	r24, Y+3	; 0x03
    2c12:	9c 81       	ldd	r25, Y+4	; 0x04
    2c14:	01 97       	sbiw	r24, 0x01	; 1
    2c16:	f1 f7       	brne	.-4      	; 0x2c14 <LCD_sendCommand+0x392>
    2c18:	9c 83       	std	Y+4, r25	; 0x04
    2c1a:	8b 83       	std	Y+3, r24	; 0x03
		while(__ticks)
		{
			// wait 1/10 ms
			_delay_loop_2(((F_CPU) / 4e3) / 10);
			__ticks --;
    2c1c:	8d 81       	ldd	r24, Y+5	; 0x05
    2c1e:	9e 81       	ldd	r25, Y+6	; 0x06
    2c20:	01 97       	sbiw	r24, 0x01	; 1
    2c22:	9e 83       	std	Y+6, r25	; 0x06
    2c24:	8d 83       	std	Y+5, r24	; 0x05
		__ticks = 1;
	else if (__tmp > 65535)
	{
		//	__ticks = requested delay in 1/10 ms
		__ticks = (uint16_t) (__ms * 10.0);
		while(__ticks)
    2c26:	8d 81       	ldd	r24, Y+5	; 0x05
    2c28:	9e 81       	ldd	r25, Y+6	; 0x06
    2c2a:	00 97       	sbiw	r24, 0x00	; 0
    2c2c:	69 f7       	brne	.-38     	; 0x2c08 <LCD_sendCommand+0x386>
    2c2e:	14 c0       	rjmp	.+40     	; 0x2c58 <LCD_sendCommand+0x3d6>
			__ticks --;
		}
		return;
	}
	else
		__ticks = (uint16_t)__tmp;
    2c30:	6f 81       	ldd	r22, Y+7	; 0x07
    2c32:	78 85       	ldd	r23, Y+8	; 0x08
    2c34:	89 85       	ldd	r24, Y+9	; 0x09
    2c36:	9a 85       	ldd	r25, Y+10	; 0x0a
    2c38:	0e 94 49 00 	call	0x92	; 0x92 <__fixunssfsi>
    2c3c:	dc 01       	movw	r26, r24
    2c3e:	cb 01       	movw	r24, r22
    2c40:	9e 83       	std	Y+6, r25	; 0x06
    2c42:	8d 83       	std	Y+5, r24	; 0x05
    2c44:	8d 81       	ldd	r24, Y+5	; 0x05
    2c46:	9e 81       	ldd	r25, Y+6	; 0x06
    2c48:	9a 83       	std	Y+2, r25	; 0x02
    2c4a:	89 83       	std	Y+1, r24	; 0x01
    2c4c:	89 81       	ldd	r24, Y+1	; 0x01
    2c4e:	9a 81       	ldd	r25, Y+2	; 0x02
    2c50:	01 97       	sbiw	r24, 0x01	; 1
    2c52:	f1 f7       	brne	.-4      	; 0x2c50 <LCD_sendCommand+0x3ce>
    2c54:	9a 83       	std	Y+2, r25	; 0x02
    2c56:	89 83       	std	Y+1, r24	; 0x01
	_delay_ms(1); /* delay for processing Th = 13ns */
}
    2c58:	e9 96       	adiw	r28, 0x39	; 57
    2c5a:	0f b6       	in	r0, 0x3f	; 63
    2c5c:	f8 94       	cli
    2c5e:	de bf       	out	0x3e, r29	; 62
    2c60:	0f be       	out	0x3f, r0	; 63
    2c62:	cd bf       	out	0x3d, r28	; 61
    2c64:	cf 91       	pop	r28
    2c66:	df 91       	pop	r29
    2c68:	08 95       	ret

00002c6a <LCD_displayCharacter>:
/*
 * Description :
 * Display the required character on the screen
 */
void LCD_displayCharacter(uint8 data)
{
    2c6a:	df 93       	push	r29
    2c6c:	cf 93       	push	r28
    2c6e:	cd b7       	in	r28, 0x3d	; 61
    2c70:	de b7       	in	r29, 0x3e	; 62
    2c72:	e9 97       	sbiw	r28, 0x39	; 57
    2c74:	0f b6       	in	r0, 0x3f	; 63
    2c76:	f8 94       	cli
    2c78:	de bf       	out	0x3e, r29	; 62
    2c7a:	0f be       	out	0x3f, r0	; 63
    2c7c:	cd bf       	out	0x3d, r28	; 61
    2c7e:	89 af       	std	Y+57, r24	; 0x39
	GPIO_writePin(LCD_RS_PORT_ID,LCD_RS_PIN_ID,LOGIC_HIGH); /* Data Mode RS=1 */
    2c80:	81 e0       	ldi	r24, 0x01	; 1
    2c82:	60 e0       	ldi	r22, 0x00	; 0
    2c84:	41 e0       	ldi	r20, 0x01	; 1
    2c86:	0e 94 d3 10 	call	0x21a6	; 0x21a6 <GPIO_writePin>
	GPIO_writePin(LCD_RW_PORT_ID,LCD_RW_PIN_ID,LOGIC_LOW); /* write data to LCD so RW=0 */
    2c8a:	81 e0       	ldi	r24, 0x01	; 1
    2c8c:	61 e0       	ldi	r22, 0x01	; 1
    2c8e:	40 e0       	ldi	r20, 0x00	; 0
    2c90:	0e 94 d3 10 	call	0x21a6	; 0x21a6 <GPIO_writePin>
    2c94:	80 e0       	ldi	r24, 0x00	; 0
    2c96:	90 e0       	ldi	r25, 0x00	; 0
    2c98:	a0 e8       	ldi	r26, 0x80	; 128
    2c9a:	bf e3       	ldi	r27, 0x3F	; 63
    2c9c:	8d ab       	std	Y+53, r24	; 0x35
    2c9e:	9e ab       	std	Y+54, r25	; 0x36
    2ca0:	af ab       	std	Y+55, r26	; 0x37
    2ca2:	b8 af       	std	Y+56, r27	; 0x38
 */
void
_delay_ms(double __ms)
{
	uint16_t __ticks;
	double __tmp = ((F_CPU) / 4e3) * __ms;
    2ca4:	6d a9       	ldd	r22, Y+53	; 0x35
    2ca6:	7e a9       	ldd	r23, Y+54	; 0x36
    2ca8:	8f a9       	ldd	r24, Y+55	; 0x37
    2caa:	98 ad       	ldd	r25, Y+56	; 0x38
    2cac:	20 e0       	ldi	r18, 0x00	; 0
    2cae:	30 e0       	ldi	r19, 0x00	; 0
    2cb0:	4a e7       	ldi	r20, 0x7A	; 122
    2cb2:	53 e4       	ldi	r21, 0x43	; 67
    2cb4:	0e 94 1f 02 	call	0x43e	; 0x43e <__mulsf3>
    2cb8:	dc 01       	movw	r26, r24
    2cba:	cb 01       	movw	r24, r22
    2cbc:	89 ab       	std	Y+49, r24	; 0x31
    2cbe:	9a ab       	std	Y+50, r25	; 0x32
    2cc0:	ab ab       	std	Y+51, r26	; 0x33
    2cc2:	bc ab       	std	Y+52, r27	; 0x34
	if (__tmp < 1.0)
    2cc4:	69 a9       	ldd	r22, Y+49	; 0x31
    2cc6:	7a a9       	ldd	r23, Y+50	; 0x32
    2cc8:	8b a9       	ldd	r24, Y+51	; 0x33
    2cca:	9c a9       	ldd	r25, Y+52	; 0x34
    2ccc:	20 e0       	ldi	r18, 0x00	; 0
    2cce:	30 e0       	ldi	r19, 0x00	; 0
    2cd0:	40 e8       	ldi	r20, 0x80	; 128
    2cd2:	5f e3       	ldi	r21, 0x3F	; 63
    2cd4:	0e 94 79 03 	call	0x6f2	; 0x6f2 <__ltsf2>
    2cd8:	88 23       	and	r24, r24
    2cda:	2c f4       	brge	.+10     	; 0x2ce6 <LCD_displayCharacter+0x7c>
		__ticks = 1;
    2cdc:	81 e0       	ldi	r24, 0x01	; 1
    2cde:	90 e0       	ldi	r25, 0x00	; 0
    2ce0:	98 ab       	std	Y+48, r25	; 0x30
    2ce2:	8f a7       	std	Y+47, r24	; 0x2f
    2ce4:	3f c0       	rjmp	.+126    	; 0x2d64 <LCD_displayCharacter+0xfa>
	else if (__tmp > 65535)
    2ce6:	69 a9       	ldd	r22, Y+49	; 0x31
    2ce8:	7a a9       	ldd	r23, Y+50	; 0x32
    2cea:	8b a9       	ldd	r24, Y+51	; 0x33
    2cec:	9c a9       	ldd	r25, Y+52	; 0x34
    2cee:	20 e0       	ldi	r18, 0x00	; 0
    2cf0:	3f ef       	ldi	r19, 0xFF	; 255
    2cf2:	4f e7       	ldi	r20, 0x7F	; 127
    2cf4:	57 e4       	ldi	r21, 0x47	; 71
    2cf6:	0e 94 19 03 	call	0x632	; 0x632 <__gtsf2>
    2cfa:	18 16       	cp	r1, r24
    2cfc:	4c f5       	brge	.+82     	; 0x2d50 <LCD_displayCharacter+0xe6>
	{
		//	__ticks = requested delay in 1/10 ms
		__ticks = (uint16_t) (__ms * 10.0);
    2cfe:	6d a9       	ldd	r22, Y+53	; 0x35
    2d00:	7e a9       	ldd	r23, Y+54	; 0x36
    2d02:	8f a9       	ldd	r24, Y+55	; 0x37
    2d04:	98 ad       	ldd	r25, Y+56	; 0x38
    2d06:	20 e0       	ldi	r18, 0x00	; 0
    2d08:	30 e0       	ldi	r19, 0x00	; 0
    2d0a:	40 e2       	ldi	r20, 0x20	; 32
    2d0c:	51 e4       	ldi	r21, 0x41	; 65
    2d0e:	0e 94 1f 02 	call	0x43e	; 0x43e <__mulsf3>
    2d12:	dc 01       	movw	r26, r24
    2d14:	cb 01       	movw	r24, r22
    2d16:	bc 01       	movw	r22, r24
    2d18:	cd 01       	movw	r24, r26
    2d1a:	0e 94 49 00 	call	0x92	; 0x92 <__fixunssfsi>
    2d1e:	dc 01       	movw	r26, r24
    2d20:	cb 01       	movw	r24, r22
    2d22:	98 ab       	std	Y+48, r25	; 0x30
    2d24:	8f a7       	std	Y+47, r24	; 0x2f
    2d26:	0f c0       	rjmp	.+30     	; 0x2d46 <LCD_displayCharacter+0xdc>
    2d28:	89 e1       	ldi	r24, 0x19	; 25
    2d2a:	90 e0       	ldi	r25, 0x00	; 0
    2d2c:	9e a7       	std	Y+46, r25	; 0x2e
    2d2e:	8d a7       	std	Y+45, r24	; 0x2d
    2d30:	8d a5       	ldd	r24, Y+45	; 0x2d
    2d32:	9e a5       	ldd	r25, Y+46	; 0x2e
    2d34:	01 97       	sbiw	r24, 0x01	; 1
    2d36:	f1 f7       	brne	.-4      	; 0x2d34 <LCD_displayCharacter+0xca>
    2d38:	9e a7       	std	Y+46, r25	; 0x2e
    2d3a:	8d a7       	std	Y+45, r24	; 0x2d
		while(__ticks)
		{
			// wait 1/10 ms
			_delay_loop_2(((F_CPU) / 4e3) / 10);
			__ticks --;
    2d3c:	8f a5       	ldd	r24, Y+47	; 0x2f
    2d3e:	98 a9       	ldd	r25, Y+48	; 0x30
    2d40:	01 97       	sbiw	r24, 0x01	; 1
    2d42:	98 ab       	std	Y+48, r25	; 0x30
    2d44:	8f a7       	std	Y+47, r24	; 0x2f
		__ticks = 1;
	else if (__tmp > 65535)
	{
		//	__ticks = requested delay in 1/10 ms
		__ticks = (uint16_t) (__ms * 10.0);
		while(__ticks)
    2d46:	8f a5       	ldd	r24, Y+47	; 0x2f
    2d48:	98 a9       	ldd	r25, Y+48	; 0x30
    2d4a:	00 97       	sbiw	r24, 0x00	; 0
    2d4c:	69 f7       	brne	.-38     	; 0x2d28 <LCD_displayCharacter+0xbe>
    2d4e:	14 c0       	rjmp	.+40     	; 0x2d78 <LCD_displayCharacter+0x10e>
			__ticks --;
		}
		return;
	}
	else
		__ticks = (uint16_t)__tmp;
    2d50:	69 a9       	ldd	r22, Y+49	; 0x31
    2d52:	7a a9       	ldd	r23, Y+50	; 0x32
    2d54:	8b a9       	ldd	r24, Y+51	; 0x33
    2d56:	9c a9       	ldd	r25, Y+52	; 0x34
    2d58:	0e 94 49 00 	call	0x92	; 0x92 <__fixunssfsi>
    2d5c:	dc 01       	movw	r26, r24
    2d5e:	cb 01       	movw	r24, r22
    2d60:	98 ab       	std	Y+48, r25	; 0x30
    2d62:	8f a7       	std	Y+47, r24	; 0x2f
    2d64:	8f a5       	ldd	r24, Y+47	; 0x2f
    2d66:	98 a9       	ldd	r25, Y+48	; 0x30
    2d68:	9c a7       	std	Y+44, r25	; 0x2c
    2d6a:	8b a7       	std	Y+43, r24	; 0x2b
    2d6c:	8b a5       	ldd	r24, Y+43	; 0x2b
    2d6e:	9c a5       	ldd	r25, Y+44	; 0x2c
    2d70:	01 97       	sbiw	r24, 0x01	; 1
    2d72:	f1 f7       	brne	.-4      	; 0x2d70 <LCD_displayCharacter+0x106>
    2d74:	9c a7       	std	Y+44, r25	; 0x2c
    2d76:	8b a7       	std	Y+43, r24	; 0x2b
	_delay_ms(1); /* delay for processing Tas = 50ns */
	GPIO_writePin(LCD_E_PORT_ID,LCD_E_PIN_ID,LOGIC_HIGH); /* Enable LCD E=1 */
    2d78:	81 e0       	ldi	r24, 0x01	; 1
    2d7a:	62 e0       	ldi	r22, 0x02	; 2
    2d7c:	41 e0       	ldi	r20, 0x01	; 1
    2d7e:	0e 94 d3 10 	call	0x21a6	; 0x21a6 <GPIO_writePin>
    2d82:	80 e0       	ldi	r24, 0x00	; 0
    2d84:	90 e0       	ldi	r25, 0x00	; 0
    2d86:	a0 e8       	ldi	r26, 0x80	; 128
    2d88:	bf e3       	ldi	r27, 0x3F	; 63
    2d8a:	8f a3       	std	Y+39, r24	; 0x27
    2d8c:	98 a7       	std	Y+40, r25	; 0x28
    2d8e:	a9 a7       	std	Y+41, r26	; 0x29
    2d90:	ba a7       	std	Y+42, r27	; 0x2a
 */
void
_delay_ms(double __ms)
{
	uint16_t __ticks;
	double __tmp = ((F_CPU) / 4e3) * __ms;
    2d92:	6f a1       	ldd	r22, Y+39	; 0x27
    2d94:	78 a5       	ldd	r23, Y+40	; 0x28
    2d96:	89 a5       	ldd	r24, Y+41	; 0x29
    2d98:	9a a5       	ldd	r25, Y+42	; 0x2a
    2d9a:	20 e0       	ldi	r18, 0x00	; 0
    2d9c:	30 e0       	ldi	r19, 0x00	; 0
    2d9e:	4a e7       	ldi	r20, 0x7A	; 122
    2da0:	53 e4       	ldi	r21, 0x43	; 67
    2da2:	0e 94 1f 02 	call	0x43e	; 0x43e <__mulsf3>
    2da6:	dc 01       	movw	r26, r24
    2da8:	cb 01       	movw	r24, r22
    2daa:	8b a3       	std	Y+35, r24	; 0x23
    2dac:	9c a3       	std	Y+36, r25	; 0x24
    2dae:	ad a3       	std	Y+37, r26	; 0x25
    2db0:	be a3       	std	Y+38, r27	; 0x26
	if (__tmp < 1.0)
    2db2:	6b a1       	ldd	r22, Y+35	; 0x23
    2db4:	7c a1       	ldd	r23, Y+36	; 0x24
    2db6:	8d a1       	ldd	r24, Y+37	; 0x25
    2db8:	9e a1       	ldd	r25, Y+38	; 0x26
    2dba:	20 e0       	ldi	r18, 0x00	; 0
    2dbc:	30 e0       	ldi	r19, 0x00	; 0
    2dbe:	40 e8       	ldi	r20, 0x80	; 128
    2dc0:	5f e3       	ldi	r21, 0x3F	; 63
    2dc2:	0e 94 79 03 	call	0x6f2	; 0x6f2 <__ltsf2>
    2dc6:	88 23       	and	r24, r24
    2dc8:	2c f4       	brge	.+10     	; 0x2dd4 <LCD_displayCharacter+0x16a>
		__ticks = 1;
    2dca:	81 e0       	ldi	r24, 0x01	; 1
    2dcc:	90 e0       	ldi	r25, 0x00	; 0
    2dce:	9a a3       	std	Y+34, r25	; 0x22
    2dd0:	89 a3       	std	Y+33, r24	; 0x21
    2dd2:	3f c0       	rjmp	.+126    	; 0x2e52 <LCD_displayCharacter+0x1e8>
	else if (__tmp > 65535)
    2dd4:	6b a1       	ldd	r22, Y+35	; 0x23
    2dd6:	7c a1       	ldd	r23, Y+36	; 0x24
    2dd8:	8d a1       	ldd	r24, Y+37	; 0x25
    2dda:	9e a1       	ldd	r25, Y+38	; 0x26
    2ddc:	20 e0       	ldi	r18, 0x00	; 0
    2dde:	3f ef       	ldi	r19, 0xFF	; 255
    2de0:	4f e7       	ldi	r20, 0x7F	; 127
    2de2:	57 e4       	ldi	r21, 0x47	; 71
    2de4:	0e 94 19 03 	call	0x632	; 0x632 <__gtsf2>
    2de8:	18 16       	cp	r1, r24
    2dea:	4c f5       	brge	.+82     	; 0x2e3e <LCD_displayCharacter+0x1d4>
	{
		//	__ticks = requested delay in 1/10 ms
		__ticks = (uint16_t) (__ms * 10.0);
    2dec:	6f a1       	ldd	r22, Y+39	; 0x27
    2dee:	78 a5       	ldd	r23, Y+40	; 0x28
    2df0:	89 a5       	ldd	r24, Y+41	; 0x29
    2df2:	9a a5       	ldd	r25, Y+42	; 0x2a
    2df4:	20 e0       	ldi	r18, 0x00	; 0
    2df6:	30 e0       	ldi	r19, 0x00	; 0
    2df8:	40 e2       	ldi	r20, 0x20	; 32
    2dfa:	51 e4       	ldi	r21, 0x41	; 65
    2dfc:	0e 94 1f 02 	call	0x43e	; 0x43e <__mulsf3>
    2e00:	dc 01       	movw	r26, r24
    2e02:	cb 01       	movw	r24, r22
    2e04:	bc 01       	movw	r22, r24
    2e06:	cd 01       	movw	r24, r26
    2e08:	0e 94 49 00 	call	0x92	; 0x92 <__fixunssfsi>
    2e0c:	dc 01       	movw	r26, r24
    2e0e:	cb 01       	movw	r24, r22
    2e10:	9a a3       	std	Y+34, r25	; 0x22
    2e12:	89 a3       	std	Y+33, r24	; 0x21
    2e14:	0f c0       	rjmp	.+30     	; 0x2e34 <LCD_displayCharacter+0x1ca>
    2e16:	89 e1       	ldi	r24, 0x19	; 25
    2e18:	90 e0       	ldi	r25, 0x00	; 0
    2e1a:	98 a3       	std	Y+32, r25	; 0x20
    2e1c:	8f 8f       	std	Y+31, r24	; 0x1f
    2e1e:	8f 8d       	ldd	r24, Y+31	; 0x1f
    2e20:	98 a1       	ldd	r25, Y+32	; 0x20
    2e22:	01 97       	sbiw	r24, 0x01	; 1
    2e24:	f1 f7       	brne	.-4      	; 0x2e22 <LCD_displayCharacter+0x1b8>
    2e26:	98 a3       	std	Y+32, r25	; 0x20
    2e28:	8f 8f       	std	Y+31, r24	; 0x1f
		while(__ticks)
		{
			// wait 1/10 ms
			_delay_loop_2(((F_CPU) / 4e3) / 10);
			__ticks --;
    2e2a:	89 a1       	ldd	r24, Y+33	; 0x21
    2e2c:	9a a1       	ldd	r25, Y+34	; 0x22
    2e2e:	01 97       	sbiw	r24, 0x01	; 1
    2e30:	9a a3       	std	Y+34, r25	; 0x22
    2e32:	89 a3       	std	Y+33, r24	; 0x21
		__ticks = 1;
	else if (__tmp > 65535)
	{
		//	__ticks = requested delay in 1/10 ms
		__ticks = (uint16_t) (__ms * 10.0);
		while(__ticks)
    2e34:	89 a1       	ldd	r24, Y+33	; 0x21
    2e36:	9a a1       	ldd	r25, Y+34	; 0x22
    2e38:	00 97       	sbiw	r24, 0x00	; 0
    2e3a:	69 f7       	brne	.-38     	; 0x2e16 <LCD_displayCharacter+0x1ac>
    2e3c:	14 c0       	rjmp	.+40     	; 0x2e66 <LCD_displayCharacter+0x1fc>
			__ticks --;
		}
		return;
	}
	else
		__ticks = (uint16_t)__tmp;
    2e3e:	6b a1       	ldd	r22, Y+35	; 0x23
    2e40:	7c a1       	ldd	r23, Y+36	; 0x24
    2e42:	8d a1       	ldd	r24, Y+37	; 0x25
    2e44:	9e a1       	ldd	r25, Y+38	; 0x26
    2e46:	0e 94 49 00 	call	0x92	; 0x92 <__fixunssfsi>
    2e4a:	dc 01       	movw	r26, r24
    2e4c:	cb 01       	movw	r24, r22
    2e4e:	9a a3       	std	Y+34, r25	; 0x22
    2e50:	89 a3       	std	Y+33, r24	; 0x21
    2e52:	89 a1       	ldd	r24, Y+33	; 0x21
    2e54:	9a a1       	ldd	r25, Y+34	; 0x22
    2e56:	9e 8f       	std	Y+30, r25	; 0x1e
    2e58:	8d 8f       	std	Y+29, r24	; 0x1d
    2e5a:	8d 8d       	ldd	r24, Y+29	; 0x1d
    2e5c:	9e 8d       	ldd	r25, Y+30	; 0x1e
    2e5e:	01 97       	sbiw	r24, 0x01	; 1
    2e60:	f1 f7       	brne	.-4      	; 0x2e5e <LCD_displayCharacter+0x1f4>
    2e62:	9e 8f       	std	Y+30, r25	; 0x1e
    2e64:	8d 8f       	std	Y+29, r24	; 0x1d
	_delay_ms(1); /* delay for processing Tpw - Tdws = 190ns */
	GPIO_writePort(LCD_DATA_PORT_ID,data); /* out the required command to the data bus D0 --> D7 */
    2e66:	82 e0       	ldi	r24, 0x02	; 2
    2e68:	69 ad       	ldd	r22, Y+57	; 0x39
    2e6a:	0e 94 9d 12 	call	0x253a	; 0x253a <GPIO_writePort>
    2e6e:	80 e0       	ldi	r24, 0x00	; 0
    2e70:	90 e0       	ldi	r25, 0x00	; 0
    2e72:	a0 e8       	ldi	r26, 0x80	; 128
    2e74:	bf e3       	ldi	r27, 0x3F	; 63
    2e76:	89 8f       	std	Y+25, r24	; 0x19
    2e78:	9a 8f       	std	Y+26, r25	; 0x1a
    2e7a:	ab 8f       	std	Y+27, r26	; 0x1b
    2e7c:	bc 8f       	std	Y+28, r27	; 0x1c
 */
void
_delay_ms(double __ms)
{
	uint16_t __ticks;
	double __tmp = ((F_CPU) / 4e3) * __ms;
    2e7e:	69 8d       	ldd	r22, Y+25	; 0x19
    2e80:	7a 8d       	ldd	r23, Y+26	; 0x1a
    2e82:	8b 8d       	ldd	r24, Y+27	; 0x1b
    2e84:	9c 8d       	ldd	r25, Y+28	; 0x1c
    2e86:	20 e0       	ldi	r18, 0x00	; 0
    2e88:	30 e0       	ldi	r19, 0x00	; 0
    2e8a:	4a e7       	ldi	r20, 0x7A	; 122
    2e8c:	53 e4       	ldi	r21, 0x43	; 67
    2e8e:	0e 94 1f 02 	call	0x43e	; 0x43e <__mulsf3>
    2e92:	dc 01       	movw	r26, r24
    2e94:	cb 01       	movw	r24, r22
    2e96:	8d 8b       	std	Y+21, r24	; 0x15
    2e98:	9e 8b       	std	Y+22, r25	; 0x16
    2e9a:	af 8b       	std	Y+23, r26	; 0x17
    2e9c:	b8 8f       	std	Y+24, r27	; 0x18
	if (__tmp < 1.0)
    2e9e:	6d 89       	ldd	r22, Y+21	; 0x15
    2ea0:	7e 89       	ldd	r23, Y+22	; 0x16
    2ea2:	8f 89       	ldd	r24, Y+23	; 0x17
    2ea4:	98 8d       	ldd	r25, Y+24	; 0x18
    2ea6:	20 e0       	ldi	r18, 0x00	; 0
    2ea8:	30 e0       	ldi	r19, 0x00	; 0
    2eaa:	40 e8       	ldi	r20, 0x80	; 128
    2eac:	5f e3       	ldi	r21, 0x3F	; 63
    2eae:	0e 94 79 03 	call	0x6f2	; 0x6f2 <__ltsf2>
    2eb2:	88 23       	and	r24, r24
    2eb4:	2c f4       	brge	.+10     	; 0x2ec0 <LCD_displayCharacter+0x256>
		__ticks = 1;
    2eb6:	81 e0       	ldi	r24, 0x01	; 1
    2eb8:	90 e0       	ldi	r25, 0x00	; 0
    2eba:	9c 8b       	std	Y+20, r25	; 0x14
    2ebc:	8b 8b       	std	Y+19, r24	; 0x13
    2ebe:	3f c0       	rjmp	.+126    	; 0x2f3e <LCD_displayCharacter+0x2d4>
	else if (__tmp > 65535)
    2ec0:	6d 89       	ldd	r22, Y+21	; 0x15
    2ec2:	7e 89       	ldd	r23, Y+22	; 0x16
    2ec4:	8f 89       	ldd	r24, Y+23	; 0x17
    2ec6:	98 8d       	ldd	r25, Y+24	; 0x18
    2ec8:	20 e0       	ldi	r18, 0x00	; 0
    2eca:	3f ef       	ldi	r19, 0xFF	; 255
    2ecc:	4f e7       	ldi	r20, 0x7F	; 127
    2ece:	57 e4       	ldi	r21, 0x47	; 71
    2ed0:	0e 94 19 03 	call	0x632	; 0x632 <__gtsf2>
    2ed4:	18 16       	cp	r1, r24
    2ed6:	4c f5       	brge	.+82     	; 0x2f2a <LCD_displayCharacter+0x2c0>
	{
		//	__ticks = requested delay in 1/10 ms
		__ticks = (uint16_t) (__ms * 10.0);
    2ed8:	69 8d       	ldd	r22, Y+25	; 0x19
    2eda:	7a 8d       	ldd	r23, Y+26	; 0x1a
    2edc:	8b 8d       	ldd	r24, Y+27	; 0x1b
    2ede:	9c 8d       	ldd	r25, Y+28	; 0x1c
    2ee0:	20 e0       	ldi	r18, 0x00	; 0
    2ee2:	30 e0       	ldi	r19, 0x00	; 0
    2ee4:	40 e2       	ldi	r20, 0x20	; 32
    2ee6:	51 e4       	ldi	r21, 0x41	; 65
    2ee8:	0e 94 1f 02 	call	0x43e	; 0x43e <__mulsf3>
    2eec:	dc 01       	movw	r26, r24
    2eee:	cb 01       	movw	r24, r22
    2ef0:	bc 01       	movw	r22, r24
    2ef2:	cd 01       	movw	r24, r26
    2ef4:	0e 94 49 00 	call	0x92	; 0x92 <__fixunssfsi>
    2ef8:	dc 01       	movw	r26, r24
    2efa:	cb 01       	movw	r24, r22
    2efc:	9c 8b       	std	Y+20, r25	; 0x14
    2efe:	8b 8b       	std	Y+19, r24	; 0x13
    2f00:	0f c0       	rjmp	.+30     	; 0x2f20 <LCD_displayCharacter+0x2b6>
    2f02:	89 e1       	ldi	r24, 0x19	; 25
    2f04:	90 e0       	ldi	r25, 0x00	; 0
    2f06:	9a 8b       	std	Y+18, r25	; 0x12
    2f08:	89 8b       	std	Y+17, r24	; 0x11
    2f0a:	89 89       	ldd	r24, Y+17	; 0x11
    2f0c:	9a 89       	ldd	r25, Y+18	; 0x12
    2f0e:	01 97       	sbiw	r24, 0x01	; 1
    2f10:	f1 f7       	brne	.-4      	; 0x2f0e <LCD_displayCharacter+0x2a4>
    2f12:	9a 8b       	std	Y+18, r25	; 0x12
    2f14:	89 8b       	std	Y+17, r24	; 0x11
		while(__ticks)
		{
			// wait 1/10 ms
			_delay_loop_2(((F_CPU) / 4e3) / 10);
			__ticks --;
    2f16:	8b 89       	ldd	r24, Y+19	; 0x13
    2f18:	9c 89       	ldd	r25, Y+20	; 0x14
    2f1a:	01 97       	sbiw	r24, 0x01	; 1
    2f1c:	9c 8b       	std	Y+20, r25	; 0x14
    2f1e:	8b 8b       	std	Y+19, r24	; 0x13
		__ticks = 1;
	else if (__tmp > 65535)
	{
		//	__ticks = requested delay in 1/10 ms
		__ticks = (uint16_t) (__ms * 10.0);
		while(__ticks)
    2f20:	8b 89       	ldd	r24, Y+19	; 0x13
    2f22:	9c 89       	ldd	r25, Y+20	; 0x14
    2f24:	00 97       	sbiw	r24, 0x00	; 0
    2f26:	69 f7       	brne	.-38     	; 0x2f02 <LCD_displayCharacter+0x298>
    2f28:	14 c0       	rjmp	.+40     	; 0x2f52 <LCD_displayCharacter+0x2e8>
			__ticks --;
		}
		return;
	}
	else
		__ticks = (uint16_t)__tmp;
    2f2a:	6d 89       	ldd	r22, Y+21	; 0x15
    2f2c:	7e 89       	ldd	r23, Y+22	; 0x16
    2f2e:	8f 89       	ldd	r24, Y+23	; 0x17
    2f30:	98 8d       	ldd	r25, Y+24	; 0x18
    2f32:	0e 94 49 00 	call	0x92	; 0x92 <__fixunssfsi>
    2f36:	dc 01       	movw	r26, r24
    2f38:	cb 01       	movw	r24, r22
    2f3a:	9c 8b       	std	Y+20, r25	; 0x14
    2f3c:	8b 8b       	std	Y+19, r24	; 0x13
    2f3e:	8b 89       	ldd	r24, Y+19	; 0x13
    2f40:	9c 89       	ldd	r25, Y+20	; 0x14
    2f42:	98 8b       	std	Y+16, r25	; 0x10
    2f44:	8f 87       	std	Y+15, r24	; 0x0f
    2f46:	8f 85       	ldd	r24, Y+15	; 0x0f
    2f48:	98 89       	ldd	r25, Y+16	; 0x10
    2f4a:	01 97       	sbiw	r24, 0x01	; 1
    2f4c:	f1 f7       	brne	.-4      	; 0x2f4a <LCD_displayCharacter+0x2e0>
    2f4e:	98 8b       	std	Y+16, r25	; 0x10
    2f50:	8f 87       	std	Y+15, r24	; 0x0f
	_delay_ms(1); /* delay for processing Tdsw = 100ns */
	GPIO_writePin(LCD_E_PORT_ID,LCD_E_PIN_ID,LOGIC_LOW); /* Disable LCD E=0 */
    2f52:	81 e0       	ldi	r24, 0x01	; 1
    2f54:	62 e0       	ldi	r22, 0x02	; 2
    2f56:	40 e0       	ldi	r20, 0x00	; 0
    2f58:	0e 94 d3 10 	call	0x21a6	; 0x21a6 <GPIO_writePin>
    2f5c:	80 e0       	ldi	r24, 0x00	; 0
    2f5e:	90 e0       	ldi	r25, 0x00	; 0
    2f60:	a0 e8       	ldi	r26, 0x80	; 128
    2f62:	bf e3       	ldi	r27, 0x3F	; 63
    2f64:	8b 87       	std	Y+11, r24	; 0x0b
    2f66:	9c 87       	std	Y+12, r25	; 0x0c
    2f68:	ad 87       	std	Y+13, r26	; 0x0d
    2f6a:	be 87       	std	Y+14, r27	; 0x0e
 */
void
_delay_ms(double __ms)
{
	uint16_t __ticks;
	double __tmp = ((F_CPU) / 4e3) * __ms;
    2f6c:	6b 85       	ldd	r22, Y+11	; 0x0b
    2f6e:	7c 85       	ldd	r23, Y+12	; 0x0c
    2f70:	8d 85       	ldd	r24, Y+13	; 0x0d
    2f72:	9e 85       	ldd	r25, Y+14	; 0x0e
    2f74:	20 e0       	ldi	r18, 0x00	; 0
    2f76:	30 e0       	ldi	r19, 0x00	; 0
    2f78:	4a e7       	ldi	r20, 0x7A	; 122
    2f7a:	53 e4       	ldi	r21, 0x43	; 67
    2f7c:	0e 94 1f 02 	call	0x43e	; 0x43e <__mulsf3>
    2f80:	dc 01       	movw	r26, r24
    2f82:	cb 01       	movw	r24, r22
    2f84:	8f 83       	std	Y+7, r24	; 0x07
    2f86:	98 87       	std	Y+8, r25	; 0x08
    2f88:	a9 87       	std	Y+9, r26	; 0x09
    2f8a:	ba 87       	std	Y+10, r27	; 0x0a
	if (__tmp < 1.0)
    2f8c:	6f 81       	ldd	r22, Y+7	; 0x07
    2f8e:	78 85       	ldd	r23, Y+8	; 0x08
    2f90:	89 85       	ldd	r24, Y+9	; 0x09
    2f92:	9a 85       	ldd	r25, Y+10	; 0x0a
    2f94:	20 e0       	ldi	r18, 0x00	; 0
    2f96:	30 e0       	ldi	r19, 0x00	; 0
    2f98:	40 e8       	ldi	r20, 0x80	; 128
    2f9a:	5f e3       	ldi	r21, 0x3F	; 63
    2f9c:	0e 94 79 03 	call	0x6f2	; 0x6f2 <__ltsf2>
    2fa0:	88 23       	and	r24, r24
    2fa2:	2c f4       	brge	.+10     	; 0x2fae <LCD_displayCharacter+0x344>
		__ticks = 1;
    2fa4:	81 e0       	ldi	r24, 0x01	; 1
    2fa6:	90 e0       	ldi	r25, 0x00	; 0
    2fa8:	9e 83       	std	Y+6, r25	; 0x06
    2faa:	8d 83       	std	Y+5, r24	; 0x05
    2fac:	3f c0       	rjmp	.+126    	; 0x302c <LCD_displayCharacter+0x3c2>
	else if (__tmp > 65535)
    2fae:	6f 81       	ldd	r22, Y+7	; 0x07
    2fb0:	78 85       	ldd	r23, Y+8	; 0x08
    2fb2:	89 85       	ldd	r24, Y+9	; 0x09
    2fb4:	9a 85       	ldd	r25, Y+10	; 0x0a
    2fb6:	20 e0       	ldi	r18, 0x00	; 0
    2fb8:	3f ef       	ldi	r19, 0xFF	; 255
    2fba:	4f e7       	ldi	r20, 0x7F	; 127
    2fbc:	57 e4       	ldi	r21, 0x47	; 71
    2fbe:	0e 94 19 03 	call	0x632	; 0x632 <__gtsf2>
    2fc2:	18 16       	cp	r1, r24
    2fc4:	4c f5       	brge	.+82     	; 0x3018 <LCD_displayCharacter+0x3ae>
	{
		//	__ticks = requested delay in 1/10 ms
		__ticks = (uint16_t) (__ms * 10.0);
    2fc6:	6b 85       	ldd	r22, Y+11	; 0x0b
    2fc8:	7c 85       	ldd	r23, Y+12	; 0x0c
    2fca:	8d 85       	ldd	r24, Y+13	; 0x0d
    2fcc:	9e 85       	ldd	r25, Y+14	; 0x0e
    2fce:	20 e0       	ldi	r18, 0x00	; 0
    2fd0:	30 e0       	ldi	r19, 0x00	; 0
    2fd2:	40 e2       	ldi	r20, 0x20	; 32
    2fd4:	51 e4       	ldi	r21, 0x41	; 65
    2fd6:	0e 94 1f 02 	call	0x43e	; 0x43e <__mulsf3>
    2fda:	dc 01       	movw	r26, r24
    2fdc:	cb 01       	movw	r24, r22
    2fde:	bc 01       	movw	r22, r24
    2fe0:	cd 01       	movw	r24, r26
    2fe2:	0e 94 49 00 	call	0x92	; 0x92 <__fixunssfsi>
    2fe6:	dc 01       	movw	r26, r24
    2fe8:	cb 01       	movw	r24, r22
    2fea:	9e 83       	std	Y+6, r25	; 0x06
    2fec:	8d 83       	std	Y+5, r24	; 0x05
    2fee:	0f c0       	rjmp	.+30     	; 0x300e <LCD_displayCharacter+0x3a4>
    2ff0:	89 e1       	ldi	r24, 0x19	; 25
    2ff2:	90 e0       	ldi	r25, 0x00	; 0
    2ff4:	9c 83       	std	Y+4, r25	; 0x04
    2ff6:	8b 83       	std	Y+3, r24	; 0x03
    2ff8:	8b 81       	ldd	r24, Y+3	; 0x03
    2ffa:	9c 81       	ldd	r25, Y+4	; 0x04
    2ffc:	01 97       	sbiw	r24, 0x01	; 1
    2ffe:	f1 f7       	brne	.-4      	; 0x2ffc <LCD_displayCharacter+0x392>
    3000:	9c 83       	std	Y+4, r25	; 0x04
    3002:	8b 83       	std	Y+3, r24	; 0x03
		while(__ticks)
		{
			// wait 1/10 ms
			_delay_loop_2(((F_CPU) / 4e3) / 10);
			__ticks --;
    3004:	8d 81       	ldd	r24, Y+5	; 0x05
    3006:	9e 81       	ldd	r25, Y+6	; 0x06
    3008:	01 97       	sbiw	r24, 0x01	; 1
    300a:	9e 83       	std	Y+6, r25	; 0x06
    300c:	8d 83       	std	Y+5, r24	; 0x05
		__ticks = 1;
	else if (__tmp > 65535)
	{
		//	__ticks = requested delay in 1/10 ms
		__ticks = (uint16_t) (__ms * 10.0);
		while(__ticks)
    300e:	8d 81       	ldd	r24, Y+5	; 0x05
    3010:	9e 81       	ldd	r25, Y+6	; 0x06
    3012:	00 97       	sbiw	r24, 0x00	; 0
    3014:	69 f7       	brne	.-38     	; 0x2ff0 <LCD_displayCharacter+0x386>
    3016:	14 c0       	rjmp	.+40     	; 0x3040 <LCD_displayCharacter+0x3d6>
			__ticks --;
		}
		return;
	}
	else
		__ticks = (uint16_t)__tmp;
    3018:	6f 81       	ldd	r22, Y+7	; 0x07
    301a:	78 85       	ldd	r23, Y+8	; 0x08
    301c:	89 85       	ldd	r24, Y+9	; 0x09
    301e:	9a 85       	ldd	r25, Y+10	; 0x0a
    3020:	0e 94 49 00 	call	0x92	; 0x92 <__fixunssfsi>
    3024:	dc 01       	movw	r26, r24
    3026:	cb 01       	movw	r24, r22
    3028:	9e 83       	std	Y+6, r25	; 0x06
    302a:	8d 83       	std	Y+5, r24	; 0x05
    302c:	8d 81       	ldd	r24, Y+5	; 0x05
    302e:	9e 81       	ldd	r25, Y+6	; 0x06
    3030:	9a 83       	std	Y+2, r25	; 0x02
    3032:	89 83       	std	Y+1, r24	; 0x01
    3034:	89 81       	ldd	r24, Y+1	; 0x01
    3036:	9a 81       	ldd	r25, Y+2	; 0x02
    3038:	01 97       	sbiw	r24, 0x01	; 1
    303a:	f1 f7       	brne	.-4      	; 0x3038 <LCD_displayCharacter+0x3ce>
    303c:	9a 83       	std	Y+2, r25	; 0x02
    303e:	89 83       	std	Y+1, r24	; 0x01
	_delay_ms(1); /* delay for processing Th = 13ns */
}
    3040:	e9 96       	adiw	r28, 0x39	; 57
    3042:	0f b6       	in	r0, 0x3f	; 63
    3044:	f8 94       	cli
    3046:	de bf       	out	0x3e, r29	; 62
    3048:	0f be       	out	0x3f, r0	; 63
    304a:	cd bf       	out	0x3d, r28	; 61
    304c:	cf 91       	pop	r28
    304e:	df 91       	pop	r29
    3050:	08 95       	ret

00003052 <LCD_displayString>:
/*
 * Description :
 * Display the required string on the screen
 */
void LCD_displayString(const char *Str)
{
    3052:	df 93       	push	r29
    3054:	cf 93       	push	r28
    3056:	00 d0       	rcall	.+0      	; 0x3058 <LCD_displayString+0x6>
    3058:	0f 92       	push	r0
    305a:	cd b7       	in	r28, 0x3d	; 61
    305c:	de b7       	in	r29, 0x3e	; 62
    305e:	9b 83       	std	Y+3, r25	; 0x03
    3060:	8a 83       	std	Y+2, r24	; 0x02
	uint8 i = 0;
    3062:	19 82       	std	Y+1, r1	; 0x01
    3064:	0e c0       	rjmp	.+28     	; 0x3082 <LCD_displayString+0x30>
	while(Str[i] != '\0')
	{
		LCD_displayCharacter(Str[i]);
    3066:	89 81       	ldd	r24, Y+1	; 0x01
    3068:	28 2f       	mov	r18, r24
    306a:	30 e0       	ldi	r19, 0x00	; 0
    306c:	8a 81       	ldd	r24, Y+2	; 0x02
    306e:	9b 81       	ldd	r25, Y+3	; 0x03
    3070:	fc 01       	movw	r30, r24
    3072:	e2 0f       	add	r30, r18
    3074:	f3 1f       	adc	r31, r19
    3076:	80 81       	ld	r24, Z
    3078:	0e 94 35 16 	call	0x2c6a	; 0x2c6a <LCD_displayCharacter>
		i++;
    307c:	89 81       	ldd	r24, Y+1	; 0x01
    307e:	8f 5f       	subi	r24, 0xFF	; 255
    3080:	89 83       	std	Y+1, r24	; 0x01
 * Display the required string on the screen
 */
void LCD_displayString(const char *Str)
{
	uint8 i = 0;
	while(Str[i] != '\0')
    3082:	89 81       	ldd	r24, Y+1	; 0x01
    3084:	28 2f       	mov	r18, r24
    3086:	30 e0       	ldi	r19, 0x00	; 0
    3088:	8a 81       	ldd	r24, Y+2	; 0x02
    308a:	9b 81       	ldd	r25, Y+3	; 0x03
    308c:	fc 01       	movw	r30, r24
    308e:	e2 0f       	add	r30, r18
    3090:	f3 1f       	adc	r31, r19
    3092:	80 81       	ld	r24, Z
    3094:	88 23       	and	r24, r24
    3096:	39 f7       	brne	.-50     	; 0x3066 <LCD_displayString+0x14>
	{
		LCD_displayCharacter(*Str);
		Str++;
	}		
	*********************************************************/
}
    3098:	0f 90       	pop	r0
    309a:	0f 90       	pop	r0
    309c:	0f 90       	pop	r0
    309e:	cf 91       	pop	r28
    30a0:	df 91       	pop	r29
    30a2:	08 95       	ret

000030a4 <LCD_moveCursor>:
/*
 * Description :
 * Move the cursor to a specified row and column index on the screen
 */
void LCD_moveCursor(uint8 row,uint8 col)
{
    30a4:	df 93       	push	r29
    30a6:	cf 93       	push	r28
    30a8:	00 d0       	rcall	.+0      	; 0x30aa <LCD_moveCursor+0x6>
    30aa:	00 d0       	rcall	.+0      	; 0x30ac <LCD_moveCursor+0x8>
    30ac:	0f 92       	push	r0
    30ae:	cd b7       	in	r28, 0x3d	; 61
    30b0:	de b7       	in	r29, 0x3e	; 62
    30b2:	8a 83       	std	Y+2, r24	; 0x02
    30b4:	6b 83       	std	Y+3, r22	; 0x03
	uint8 lcd_memory_address;
	
	/* Calculate the required address in the LCD DDRAM */
	switch(row)
    30b6:	8a 81       	ldd	r24, Y+2	; 0x02
    30b8:	28 2f       	mov	r18, r24
    30ba:	30 e0       	ldi	r19, 0x00	; 0
    30bc:	3d 83       	std	Y+5, r19	; 0x05
    30be:	2c 83       	std	Y+4, r18	; 0x04
    30c0:	8c 81       	ldd	r24, Y+4	; 0x04
    30c2:	9d 81       	ldd	r25, Y+5	; 0x05
    30c4:	81 30       	cpi	r24, 0x01	; 1
    30c6:	91 05       	cpc	r25, r1
    30c8:	c1 f0       	breq	.+48     	; 0x30fa <LCD_moveCursor+0x56>
    30ca:	2c 81       	ldd	r18, Y+4	; 0x04
    30cc:	3d 81       	ldd	r19, Y+5	; 0x05
    30ce:	22 30       	cpi	r18, 0x02	; 2
    30d0:	31 05       	cpc	r19, r1
    30d2:	2c f4       	brge	.+10     	; 0x30de <LCD_moveCursor+0x3a>
    30d4:	8c 81       	ldd	r24, Y+4	; 0x04
    30d6:	9d 81       	ldd	r25, Y+5	; 0x05
    30d8:	00 97       	sbiw	r24, 0x00	; 0
    30da:	61 f0       	breq	.+24     	; 0x30f4 <LCD_moveCursor+0x50>
    30dc:	19 c0       	rjmp	.+50     	; 0x3110 <LCD_moveCursor+0x6c>
    30de:	2c 81       	ldd	r18, Y+4	; 0x04
    30e0:	3d 81       	ldd	r19, Y+5	; 0x05
    30e2:	22 30       	cpi	r18, 0x02	; 2
    30e4:	31 05       	cpc	r19, r1
    30e6:	69 f0       	breq	.+26     	; 0x3102 <LCD_moveCursor+0x5e>
    30e8:	8c 81       	ldd	r24, Y+4	; 0x04
    30ea:	9d 81       	ldd	r25, Y+5	; 0x05
    30ec:	83 30       	cpi	r24, 0x03	; 3
    30ee:	91 05       	cpc	r25, r1
    30f0:	61 f0       	breq	.+24     	; 0x310a <LCD_moveCursor+0x66>
    30f2:	0e c0       	rjmp	.+28     	; 0x3110 <LCD_moveCursor+0x6c>
	{
		case 0:
			lcd_memory_address=col;
    30f4:	8b 81       	ldd	r24, Y+3	; 0x03
    30f6:	89 83       	std	Y+1, r24	; 0x01
    30f8:	0b c0       	rjmp	.+22     	; 0x3110 <LCD_moveCursor+0x6c>
				break;
		case 1:
			lcd_memory_address=col+0x40;
    30fa:	8b 81       	ldd	r24, Y+3	; 0x03
    30fc:	80 5c       	subi	r24, 0xC0	; 192
    30fe:	89 83       	std	Y+1, r24	; 0x01
    3100:	07 c0       	rjmp	.+14     	; 0x3110 <LCD_moveCursor+0x6c>
				break;
		case 2:
			lcd_memory_address=col+0x10;
    3102:	8b 81       	ldd	r24, Y+3	; 0x03
    3104:	80 5f       	subi	r24, 0xF0	; 240
    3106:	89 83       	std	Y+1, r24	; 0x01
    3108:	03 c0       	rjmp	.+6      	; 0x3110 <LCD_moveCursor+0x6c>
				break;
		case 3:
			lcd_memory_address=col+0x50;
    310a:	8b 81       	ldd	r24, Y+3	; 0x03
    310c:	80 5b       	subi	r24, 0xB0	; 176
    310e:	89 83       	std	Y+1, r24	; 0x01
				break;
	}					
	/* Move the LCD cursor to this specific address */
	LCD_sendCommand(lcd_memory_address | LCD_SET_CURSOR_LOCATION);
    3110:	89 81       	ldd	r24, Y+1	; 0x01
    3112:	80 68       	ori	r24, 0x80	; 128
    3114:	0e 94 41 14 	call	0x2882	; 0x2882 <LCD_sendCommand>
}
    3118:	0f 90       	pop	r0
    311a:	0f 90       	pop	r0
    311c:	0f 90       	pop	r0
    311e:	0f 90       	pop	r0
    3120:	0f 90       	pop	r0
    3122:	cf 91       	pop	r28
    3124:	df 91       	pop	r29
    3126:	08 95       	ret

00003128 <LCD_displayStringRowColumn>:
/*
 * Description :
 * Display the required string in a specified row and column index on the screen
 */
void LCD_displayStringRowColumn(uint8 row,uint8 col,const char *Str)
{
    3128:	df 93       	push	r29
    312a:	cf 93       	push	r28
    312c:	00 d0       	rcall	.+0      	; 0x312e <LCD_displayStringRowColumn+0x6>
    312e:	00 d0       	rcall	.+0      	; 0x3130 <LCD_displayStringRowColumn+0x8>
    3130:	cd b7       	in	r28, 0x3d	; 61
    3132:	de b7       	in	r29, 0x3e	; 62
    3134:	89 83       	std	Y+1, r24	; 0x01
    3136:	6a 83       	std	Y+2, r22	; 0x02
    3138:	5c 83       	std	Y+4, r21	; 0x04
    313a:	4b 83       	std	Y+3, r20	; 0x03
	LCD_moveCursor(row,col); /* go to to the required LCD position */
    313c:	89 81       	ldd	r24, Y+1	; 0x01
    313e:	6a 81       	ldd	r22, Y+2	; 0x02
    3140:	0e 94 52 18 	call	0x30a4	; 0x30a4 <LCD_moveCursor>
	LCD_displayString(Str); /* display the string */
    3144:	8b 81       	ldd	r24, Y+3	; 0x03
    3146:	9c 81       	ldd	r25, Y+4	; 0x04
    3148:	0e 94 29 18 	call	0x3052	; 0x3052 <LCD_displayString>
}
    314c:	0f 90       	pop	r0
    314e:	0f 90       	pop	r0
    3150:	0f 90       	pop	r0
    3152:	0f 90       	pop	r0
    3154:	cf 91       	pop	r28
    3156:	df 91       	pop	r29
    3158:	08 95       	ret

0000315a <LCD_intgerToString>:
/*
 * Description :
 * Display the required decimal value on the screen
 */
void LCD_intgerToString(int data)
{
    315a:	df 93       	push	r29
    315c:	cf 93       	push	r28
    315e:	cd b7       	in	r28, 0x3d	; 61
    3160:	de b7       	in	r29, 0x3e	; 62
    3162:	62 97       	sbiw	r28, 0x12	; 18
    3164:	0f b6       	in	r0, 0x3f	; 63
    3166:	f8 94       	cli
    3168:	de bf       	out	0x3e, r29	; 62
    316a:	0f be       	out	0x3f, r0	; 63
    316c:	cd bf       	out	0x3d, r28	; 61
    316e:	9a 8b       	std	Y+18, r25	; 0x12
    3170:	89 8b       	std	Y+17, r24	; 0x11
   char buff[16]; /* String to hold the ascii result */
   itoa(data,buff,10); /* Use itoa C function to convert the data to its corresponding ASCII value, 10 for decimal */
    3172:	89 89       	ldd	r24, Y+17	; 0x11
    3174:	9a 89       	ldd	r25, Y+18	; 0x12
    3176:	9e 01       	movw	r18, r28
    3178:	2f 5f       	subi	r18, 0xFF	; 255
    317a:	3f 4f       	sbci	r19, 0xFF	; 255
    317c:	b9 01       	movw	r22, r18
    317e:	4a e0       	ldi	r20, 0x0A	; 10
    3180:	50 e0       	ldi	r21, 0x00	; 0
    3182:	0e 94 60 1b 	call	0x36c0	; 0x36c0 <itoa>
   LCD_displayString(buff); /* Display the string */
    3186:	ce 01       	movw	r24, r28
    3188:	01 96       	adiw	r24, 0x01	; 1
    318a:	0e 94 29 18 	call	0x3052	; 0x3052 <LCD_displayString>
}
    318e:	62 96       	adiw	r28, 0x12	; 18
    3190:	0f b6       	in	r0, 0x3f	; 63
    3192:	f8 94       	cli
    3194:	de bf       	out	0x3e, r29	; 62
    3196:	0f be       	out	0x3f, r0	; 63
    3198:	cd bf       	out	0x3d, r28	; 61
    319a:	cf 91       	pop	r28
    319c:	df 91       	pop	r29
    319e:	08 95       	ret

000031a0 <LCD_clearScreen>:
/*
 * Description :
 * Send the clear screen command
 */
void LCD_clearScreen(void)
{
    31a0:	df 93       	push	r29
    31a2:	cf 93       	push	r28
    31a4:	cd b7       	in	r28, 0x3d	; 61
    31a6:	de b7       	in	r29, 0x3e	; 62
	LCD_sendCommand(LCD_CLEAR_COMMAND); /* Send clear display command */
    31a8:	81 e0       	ldi	r24, 0x01	; 1
    31aa:	0e 94 41 14 	call	0x2882	; 0x2882 <LCD_sendCommand>
}
    31ae:	cf 91       	pop	r28
    31b0:	df 91       	pop	r29
    31b2:	08 95       	ret

000031b4 <__vector_9>:
                             FUNCTIONS DEFINATION
 -_-_-_-_-_-_-_-_-_-_-_-_-_-_-_-_-_-_-_-_-_-_-_-_-_-_-_-_-_-_-_-_-_--_-_-_-__-_-_*/
/*
 * This ISR function is used in case of overflow mode
 */
ISR(TIMER0_OVF_vect){
    31b4:	1f 92       	push	r1
    31b6:	0f 92       	push	r0
    31b8:	0f b6       	in	r0, 0x3f	; 63
    31ba:	0f 92       	push	r0
    31bc:	11 24       	eor	r1, r1
    31be:	2f 93       	push	r18
    31c0:	3f 93       	push	r19
    31c2:	4f 93       	push	r20
    31c4:	5f 93       	push	r21
    31c6:	6f 93       	push	r22
    31c8:	7f 93       	push	r23
    31ca:	8f 93       	push	r24
    31cc:	9f 93       	push	r25
    31ce:	af 93       	push	r26
    31d0:	bf 93       	push	r27
    31d2:	ef 93       	push	r30
    31d4:	ff 93       	push	r31
    31d6:	df 93       	push	r29
    31d8:	cf 93       	push	r28
    31da:	cd b7       	in	r28, 0x3d	; 61
    31dc:	de b7       	in	r29, 0x3e	; 62
	if(g_callBackPtr != NULL_PTR)
    31de:	80 91 12 01 	lds	r24, 0x0112
    31e2:	90 91 13 01 	lds	r25, 0x0113
    31e6:	00 97       	sbiw	r24, 0x00	; 0
    31e8:	29 f0       	breq	.+10     	; 0x31f4 <__vector_9+0x40>
	{
		/* Call the Call Back function in the application after the edge is detected */
		(*g_callBackPtr)(); /* another method to call the function using pointer to function g_callBackPtr(); */
    31ea:	e0 91 12 01 	lds	r30, 0x0112
    31ee:	f0 91 13 01 	lds	r31, 0x0113
    31f2:	09 95       	icall
	}
}
    31f4:	cf 91       	pop	r28
    31f6:	df 91       	pop	r29
    31f8:	ff 91       	pop	r31
    31fa:	ef 91       	pop	r30
    31fc:	bf 91       	pop	r27
    31fe:	af 91       	pop	r26
    3200:	9f 91       	pop	r25
    3202:	8f 91       	pop	r24
    3204:	7f 91       	pop	r23
    3206:	6f 91       	pop	r22
    3208:	5f 91       	pop	r21
    320a:	4f 91       	pop	r20
    320c:	3f 91       	pop	r19
    320e:	2f 91       	pop	r18
    3210:	0f 90       	pop	r0
    3212:	0f be       	out	0x3f, r0	; 63
    3214:	0f 90       	pop	r0
    3216:	1f 90       	pop	r1
    3218:	18 95       	reti

0000321a <__vector_19>:
/*
 * This ISR function is used in case of CTC  mode , That is been called each time it reaches the compare value
 */
ISR(TIMER0_COMP_vect){
    321a:	1f 92       	push	r1
    321c:	0f 92       	push	r0
    321e:	0f b6       	in	r0, 0x3f	; 63
    3220:	0f 92       	push	r0
    3222:	11 24       	eor	r1, r1
    3224:	2f 93       	push	r18
    3226:	3f 93       	push	r19
    3228:	4f 93       	push	r20
    322a:	5f 93       	push	r21
    322c:	6f 93       	push	r22
    322e:	7f 93       	push	r23
    3230:	8f 93       	push	r24
    3232:	9f 93       	push	r25
    3234:	af 93       	push	r26
    3236:	bf 93       	push	r27
    3238:	ef 93       	push	r30
    323a:	ff 93       	push	r31
    323c:	df 93       	push	r29
    323e:	cf 93       	push	r28
    3240:	cd b7       	in	r28, 0x3d	; 61
    3242:	de b7       	in	r29, 0x3e	; 62
	if(g_callBackPtr != NULL_PTR)
    3244:	80 91 12 01 	lds	r24, 0x0112
    3248:	90 91 13 01 	lds	r25, 0x0113
    324c:	00 97       	sbiw	r24, 0x00	; 0
    324e:	29 f0       	breq	.+10     	; 0x325a <__vector_19+0x40>
	{
		/* Call the Call Back function in the application after the edge is detected */
		(*g_callBackPtr)(); /* another method to call the function using pointer to function g_callBackPtr(); */
    3250:	e0 91 12 01 	lds	r30, 0x0112
    3254:	f0 91 13 01 	lds	r31, 0x0113
    3258:	09 95       	icall
	}
}
    325a:	cf 91       	pop	r28
    325c:	df 91       	pop	r29
    325e:	ff 91       	pop	r31
    3260:	ef 91       	pop	r30
    3262:	bf 91       	pop	r27
    3264:	af 91       	pop	r26
    3266:	9f 91       	pop	r25
    3268:	8f 91       	pop	r24
    326a:	7f 91       	pop	r23
    326c:	6f 91       	pop	r22
    326e:	5f 91       	pop	r21
    3270:	4f 91       	pop	r20
    3272:	3f 91       	pop	r19
    3274:	2f 91       	pop	r18
    3276:	0f 90       	pop	r0
    3278:	0f be       	out	0x3f, r0	; 63
    327a:	0f 90       	pop	r0
    327c:	1f 90       	pop	r1
    327e:	18 95       	reti

00003280 <Timer0_init>:
/*
 * Timer0_init is a function that used to set some Bits in Timer0 Registers For
 *  Starting the timer to count till the desired value
 */
void Timer0_init(const Timer0_config *ptr){
    3280:	df 93       	push	r29
    3282:	cf 93       	push	r28
    3284:	00 d0       	rcall	.+0      	; 0x3286 <Timer0_init+0x6>
    3286:	00 d0       	rcall	.+0      	; 0x3288 <Timer0_init+0x8>
    3288:	cd b7       	in	r28, 0x3d	; 61
    328a:	de b7       	in	r29, 0x3e	; 62
    328c:	9a 83       	std	Y+2, r25	; 0x02
    328e:	89 83       	std	Y+1, r24	; 0x01
	TCNT0 = ptr->init_value ; // Set The initial value in TCNT0
    3290:	a2 e5       	ldi	r26, 0x52	; 82
    3292:	b0 e0       	ldi	r27, 0x00	; 0
    3294:	e9 81       	ldd	r30, Y+1	; 0x01
    3296:	fa 81       	ldd	r31, Y+2	; 0x02
    3298:	82 81       	ldd	r24, Z+2	; 0x02
    329a:	93 81       	ldd	r25, Z+3	; 0x03
    329c:	8c 93       	st	X, r24
	TCCR0 = ptr->clock ;    // Set the prescaler selected
    329e:	a3 e5       	ldi	r26, 0x53	; 83
    32a0:	b0 e0       	ldi	r27, 0x00	; 0
    32a2:	e9 81       	ldd	r30, Y+1	; 0x01
    32a4:	fa 81       	ldd	r31, Y+2	; 0x02
    32a6:	80 81       	ld	r24, Z
    32a8:	8c 93       	st	X, r24
	OCR0 = ptr->comp_value ; // Set the compare value in OCR0 register that will be automatically used in case of selection of CTC mode
    32aa:	ac e5       	ldi	r26, 0x5C	; 92
    32ac:	b0 e0       	ldi	r27, 0x00	; 0
    32ae:	e9 81       	ldd	r30, Y+1	; 0x01
    32b0:	fa 81       	ldd	r31, Y+2	; 0x02
    32b2:	84 81       	ldd	r24, Z+4	; 0x04
    32b4:	95 81       	ldd	r25, Z+5	; 0x05
    32b6:	8c 93       	st	X, r24
	/*
	 * This switch case used to differentiate between wish mode of 4 will be used
	 */
	switch (ptr->mode){
    32b8:	e9 81       	ldd	r30, Y+1	; 0x01
    32ba:	fa 81       	ldd	r31, Y+2	; 0x02
    32bc:	81 81       	ldd	r24, Z+1	; 0x01
    32be:	28 2f       	mov	r18, r24
    32c0:	30 e0       	ldi	r19, 0x00	; 0
    32c2:	3c 83       	std	Y+4, r19	; 0x04
    32c4:	2b 83       	std	Y+3, r18	; 0x03
    32c6:	8b 81       	ldd	r24, Y+3	; 0x03
    32c8:	9c 81       	ldd	r25, Y+4	; 0x04
    32ca:	81 30       	cpi	r24, 0x01	; 1
    32cc:	91 05       	cpc	r25, r1
    32ce:	e1 f0       	breq	.+56     	; 0x3308 <Timer0_init+0x88>
    32d0:	2b 81       	ldd	r18, Y+3	; 0x03
    32d2:	3c 81       	ldd	r19, Y+4	; 0x04
    32d4:	22 30       	cpi	r18, 0x02	; 2
    32d6:	31 05       	cpc	r19, r1
    32d8:	2c f4       	brge	.+10     	; 0x32e4 <Timer0_init+0x64>
    32da:	8b 81       	ldd	r24, Y+3	; 0x03
    32dc:	9c 81       	ldd	r25, Y+4	; 0x04
    32de:	00 97       	sbiw	r24, 0x00	; 0
    32e0:	61 f0       	breq	.+24     	; 0x32fa <Timer0_init+0x7a>
    32e2:	21 c0       	rjmp	.+66     	; 0x3326 <Timer0_init+0xa6>
    32e4:	2b 81       	ldd	r18, Y+3	; 0x03
    32e6:	3c 81       	ldd	r19, Y+4	; 0x04
    32e8:	22 30       	cpi	r18, 0x02	; 2
    32ea:	31 05       	cpc	r19, r1
    32ec:	89 f0       	breq	.+34     	; 0x3310 <Timer0_init+0x90>
    32ee:	8b 81       	ldd	r24, Y+3	; 0x03
    32f0:	9c 81       	ldd	r25, Y+4	; 0x04
    32f2:	83 30       	cpi	r24, 0x03	; 3
    32f4:	91 05       	cpc	r25, r1
    32f6:	a1 f0       	breq	.+40     	; 0x3320 <Timer0_init+0xa0>
    32f8:	16 c0       	rjmp	.+44     	; 0x3326 <Timer0_init+0xa6>
	case 0 : // Case 0 : Normal Mode
		WGM = 0x00 ; //  set bits -> WGM00 = 0 , WGM01 = 0
    32fa:	10 92 29 01 	sts	0x0129, r1
		TIMSK = 1; // Enable TOIE0 BIT =1 , That enable The overflow mode interrupt
    32fe:	e9 e5       	ldi	r30, 0x59	; 89
    3300:	f0 e0       	ldi	r31, 0x00	; 0
    3302:	81 e0       	ldi	r24, 0x01	; 1
    3304:	80 83       	st	Z, r24
    3306:	0f c0       	rjmp	.+30     	; 0x3326 <Timer0_init+0xa6>
		break ;
	case 1 :// Case 1 : PWM Mode which is Not going to be used in this project
		WGM = 0x40 ; // set bits -> WGM00 = 1 , WGM01 = 0
    3308:	80 e4       	ldi	r24, 0x40	; 64
    330a:	80 93 29 01 	sts	0x0129, r24
    330e:	0b c0       	rjmp	.+22     	; 0x3326 <Timer0_init+0xa6>

		break ;
	case 2 :// Case 2 : CTC Mode
		WGM = 0x08  ; // set bits -> WGM00 = 0 , WGM01 = 1
    3310:	88 e0       	ldi	r24, 0x08	; 8
    3312:	80 93 29 01 	sts	0x0129, r24
		TIMSK = 2; // Enable OCIE0  BIT = 1 , That enable The CTC mode interrupt
    3316:	e9 e5       	ldi	r30, 0x59	; 89
    3318:	f0 e0       	ldi	r31, 0x00	; 0
    331a:	82 e0       	ldi	r24, 0x02	; 2
    331c:	80 83       	st	Z, r24
    331e:	03 c0       	rjmp	.+6      	; 0x3326 <Timer0_init+0xa6>

		break ;
	case 3 :// Case 3 : Fast_PWM Mode
		WGM = 0x48 ; //set bits -> WGM00 = 1 , WGM01 = 1
    3320:	88 e4       	ldi	r24, 0x48	; 72
    3322:	80 93 29 01 	sts	0x0129, r24
		break ;
	default :
		break ;
	}
	TCCR0 |= WGM ; // Use this Variable WGM to set the requirements in TCCR0 According to the switch case
    3326:	a3 e5       	ldi	r26, 0x53	; 83
    3328:	b0 e0       	ldi	r27, 0x00	; 0
    332a:	e3 e5       	ldi	r30, 0x53	; 83
    332c:	f0 e0       	ldi	r31, 0x00	; 0
    332e:	90 81       	ld	r25, Z
    3330:	80 91 29 01 	lds	r24, 0x0129
    3334:	89 2b       	or	r24, r25
    3336:	8c 93       	st	X, r24
}
    3338:	0f 90       	pop	r0
    333a:	0f 90       	pop	r0
    333c:	0f 90       	pop	r0
    333e:	0f 90       	pop	r0
    3340:	cf 91       	pop	r28
    3342:	df 91       	pop	r29
    3344:	08 95       	ret

00003346 <Timer0_SetcallBack>:
/*
 * This Function "Timer0_SetcallBack" Used to set the name of the function
 *  needed to behave every interrupt during running the Application
 */
void Timer0_SetcallBack(void(*a_ptr)(void)){
    3346:	df 93       	push	r29
    3348:	cf 93       	push	r28
    334a:	00 d0       	rcall	.+0      	; 0x334c <Timer0_SetcallBack+0x6>
    334c:	cd b7       	in	r28, 0x3d	; 61
    334e:	de b7       	in	r29, 0x3e	; 62
    3350:	9a 83       	std	Y+2, r25	; 0x02
    3352:	89 83       	std	Y+1, r24	; 0x01
	g_callBackPtr = a_ptr;
    3354:	89 81       	ldd	r24, Y+1	; 0x01
    3356:	9a 81       	ldd	r25, Y+2	; 0x02
    3358:	90 93 13 01 	sts	0x0113, r25
    335c:	80 93 12 01 	sts	0x0112, r24
}
    3360:	0f 90       	pop	r0
    3362:	0f 90       	pop	r0
    3364:	cf 91       	pop	r28
    3366:	df 91       	pop	r29
    3368:	08 95       	ret

0000336a <Time0_deinit>:
/*
 * This Function "Time0_deinit" Used to disable Timer0 and reset it , To be used again
 */
void Time0_deinit(void){
    336a:	df 93       	push	r29
    336c:	cf 93       	push	r28
    336e:	cd b7       	in	r28, 0x3d	; 61
    3370:	de b7       	in	r29, 0x3e	; 62
TCCR0 = 0 ;
    3372:	e3 e5       	ldi	r30, 0x53	; 83
    3374:	f0 e0       	ldi	r31, 0x00	; 0
    3376:	10 82       	st	Z, r1
TCNT0 = 0 ;
    3378:	e2 e5       	ldi	r30, 0x52	; 82
    337a:	f0 e0       	ldi	r31, 0x00	; 0
    337c:	10 82       	st	Z, r1
TIMSK = 0 ;
    337e:	e9 e5       	ldi	r30, 0x59	; 89
    3380:	f0 e0       	ldi	r31, 0x00	; 0
    3382:	10 82       	st	Z, r1

}
    3384:	cf 91       	pop	r28
    3386:	df 91       	pop	r29
    3388:	08 95       	ret

0000338a <UART_init>:
 * 1. Setup the Frame format like number of data bits, parity bit type and number of stop bits.
 * 2. Enable the UART.
 * 3. Setup the UART baud rate.
 */
void UART_init(uint32 baud_rate , const Uart_config * ptr)
{
    338a:	df 93       	push	r29
    338c:	cf 93       	push	r28
    338e:	cd b7       	in	r28, 0x3d	; 61
    3390:	de b7       	in	r29, 0x3e	; 62
    3392:	2c 97       	sbiw	r28, 0x0c	; 12
    3394:	0f b6       	in	r0, 0x3f	; 63
    3396:	f8 94       	cli
    3398:	de bf       	out	0x3e, r29	; 62
    339a:	0f be       	out	0x3f, r0	; 63
    339c:	cd bf       	out	0x3d, r28	; 61
    339e:	6b 83       	std	Y+3, r22	; 0x03
    33a0:	7c 83       	std	Y+4, r23	; 0x04
    33a2:	8d 83       	std	Y+5, r24	; 0x05
    33a4:	9e 83       	std	Y+6, r25	; 0x06
    33a6:	58 87       	std	Y+8, r21	; 0x08
    33a8:	4f 83       	std	Y+7, r20	; 0x07
	uint16 ubrr_value = 0;
    33aa:	1a 82       	std	Y+2, r1	; 0x02
    33ac:	19 82       	std	Y+1, r1	; 0x01

	/* U2X = 1 for double transmission speed */
	UCSRA = (1<<U2X);
    33ae:	eb e2       	ldi	r30, 0x2B	; 43
    33b0:	f0 e0       	ldi	r31, 0x00	; 0
    33b2:	82 e0       	ldi	r24, 0x02	; 2
    33b4:	80 83       	st	Z, r24
	 * RXEN  = 1 Receiver Enable
	 * RXEN  = 1 Transmitter Enable
	 * UCSZ2 = 0 For 8-bit data mode
	 * RXB8 & TXB8 not used for 8-bit data mode
	 ***********************************************************************/
	UCSRB = (1<<RXEN) | (1<<TXEN);
    33b6:	ea e2       	ldi	r30, 0x2A	; 42
    33b8:	f0 e0       	ldi	r31, 0x00	; 0
    33ba:	88 e1       	ldi	r24, 0x18	; 24
    33bc:	80 83       	st	Z, r24
	switch (ptr->data_bits){
    33be:	ef 81       	ldd	r30, Y+7	; 0x07
    33c0:	f8 85       	ldd	r31, Y+8	; 0x08
    33c2:	80 81       	ld	r24, Z
    33c4:	28 2f       	mov	r18, r24
    33c6:	30 e0       	ldi	r19, 0x00	; 0
    33c8:	3c 87       	std	Y+12, r19	; 0x0c
    33ca:	2b 87       	std	Y+11, r18	; 0x0b
    33cc:	8b 85       	ldd	r24, Y+11	; 0x0b
    33ce:	9c 85       	ldd	r25, Y+12	; 0x0c
    33d0:	87 30       	cpi	r24, 0x07	; 7
    33d2:	91 05       	cpc	r25, r1
    33d4:	29 f1       	breq	.+74     	; 0x3420 <UART_init+0x96>
    33d6:	2b 85       	ldd	r18, Y+11	; 0x0b
    33d8:	3c 85       	ldd	r19, Y+12	; 0x0c
    33da:	28 30       	cpi	r18, 0x08	; 8
    33dc:	31 05       	cpc	r19, r1
    33de:	5c f4       	brge	.+22     	; 0x33f6 <UART_init+0x6c>
    33e0:	8b 85       	ldd	r24, Y+11	; 0x0b
    33e2:	9c 85       	ldd	r25, Y+12	; 0x0c
    33e4:	85 30       	cpi	r24, 0x05	; 5
    33e6:	91 05       	cpc	r25, r1
    33e8:	89 f0       	breq	.+34     	; 0x340c <UART_init+0x82>
    33ea:	2b 85       	ldd	r18, Y+11	; 0x0b
    33ec:	3c 85       	ldd	r19, Y+12	; 0x0c
    33ee:	26 30       	cpi	r18, 0x06	; 6
    33f0:	31 05       	cpc	r19, r1
    33f2:	89 f0       	breq	.+34     	; 0x3416 <UART_init+0x8c>
    33f4:	27 c0       	rjmp	.+78     	; 0x3444 <UART_init+0xba>
    33f6:	8b 85       	ldd	r24, Y+11	; 0x0b
    33f8:	9c 85       	ldd	r25, Y+12	; 0x0c
    33fa:	88 30       	cpi	r24, 0x08	; 8
    33fc:	91 05       	cpc	r25, r1
    33fe:	a9 f0       	breq	.+42     	; 0x342a <UART_init+0xa0>
    3400:	2b 85       	ldd	r18, Y+11	; 0x0b
    3402:	3c 85       	ldd	r19, Y+12	; 0x0c
    3404:	29 30       	cpi	r18, 0x09	; 9
    3406:	31 05       	cpc	r19, r1
    3408:	a9 f0       	breq	.+42     	; 0x3434 <UART_init+0xaa>
    340a:	1c c0       	rjmp	.+56     	; 0x3444 <UART_init+0xba>
	case 5 :
		UCSRC = (1<<URSEL) | (1<<UCSZ0) | (1<<UCSZ1);
    340c:	e0 e4       	ldi	r30, 0x40	; 64
    340e:	f0 e0       	ldi	r31, 0x00	; 0
    3410:	86 e8       	ldi	r24, 0x86	; 134
    3412:	80 83       	st	Z, r24
    3414:	17 c0       	rjmp	.+46     	; 0x3444 <UART_init+0xba>
		break ;
	case 6 :
		UCSRC = (1<<URSEL) | (1<<UCSZ0) | (1<<UCSZ1) |(0x02);
    3416:	e0 e4       	ldi	r30, 0x40	; 64
    3418:	f0 e0       	ldi	r31, 0x00	; 0
    341a:	86 e8       	ldi	r24, 0x86	; 134
    341c:	80 83       	st	Z, r24
    341e:	12 c0       	rjmp	.+36     	; 0x3444 <UART_init+0xba>
			break ;
	case 7 :
		UCSRC = (1<<URSEL) | (1<<UCSZ0) | (1<<UCSZ1) |(0x04);
    3420:	e0 e4       	ldi	r30, 0x40	; 64
    3422:	f0 e0       	ldi	r31, 0x00	; 0
    3424:	86 e8       	ldi	r24, 0x86	; 134
    3426:	80 83       	st	Z, r24
    3428:	0d c0       	rjmp	.+26     	; 0x3444 <UART_init+0xba>
			break ;
	case 8 :
		UCSRC = (1<<URSEL) | (1<<UCSZ0) | (1<<UCSZ1) |(0x06);
    342a:	e0 e4       	ldi	r30, 0x40	; 64
    342c:	f0 e0       	ldi	r31, 0x00	; 0
    342e:	86 e8       	ldi	r24, 0x86	; 134
    3430:	80 83       	st	Z, r24
    3432:	08 c0       	rjmp	.+16     	; 0x3444 <UART_init+0xba>
			break ;
	case 9 :
		UCSRC = (1<<URSEL) | (1<<UCSZ0) | (1<<UCSZ1)| (0x06);
    3434:	e0 e4       	ldi	r30, 0x40	; 64
    3436:	f0 e0       	ldi	r31, 0x00	; 0
    3438:	86 e8       	ldi	r24, 0x86	; 134
    343a:	80 83       	st	Z, r24
		UCSRB = (1<<RXEN) | (1<<TXEN)|(0x04);
    343c:	ea e2       	ldi	r30, 0x2A	; 42
    343e:	f0 e0       	ldi	r31, 0x00	; 0
    3440:	8c e1       	ldi	r24, 0x1C	; 28
    3442:	80 83       	st	Z, r24
			break ;
	default :
		break ;
	}
	switch(ptr->stop_bits){
    3444:	ef 81       	ldd	r30, Y+7	; 0x07
    3446:	f8 85       	ldd	r31, Y+8	; 0x08
    3448:	81 81       	ldd	r24, Z+1	; 0x01
    344a:	28 2f       	mov	r18, r24
    344c:	30 e0       	ldi	r19, 0x00	; 0
    344e:	3a 87       	std	Y+10, r19	; 0x0a
    3450:	29 87       	std	Y+9, r18	; 0x09
    3452:	89 85       	ldd	r24, Y+9	; 0x09
    3454:	9a 85       	ldd	r25, Y+10	; 0x0a
    3456:	81 30       	cpi	r24, 0x01	; 1
    3458:	91 05       	cpc	r25, r1
    345a:	31 f0       	breq	.+12     	; 0x3468 <UART_init+0xde>
    345c:	29 85       	ldd	r18, Y+9	; 0x09
    345e:	3a 85       	ldd	r19, Y+10	; 0x0a
    3460:	22 30       	cpi	r18, 0x02	; 2
    3462:	31 05       	cpc	r19, r1
    3464:	41 f0       	breq	.+16     	; 0x3476 <UART_init+0xec>
    3466:	0e c0       	rjmp	.+28     	; 0x3484 <UART_init+0xfa>
	case 1 :
		UCSRC |= (0x00);
    3468:	e0 e4       	ldi	r30, 0x40	; 64
    346a:	f0 e0       	ldi	r31, 0x00	; 0
    346c:	a0 e4       	ldi	r26, 0x40	; 64
    346e:	b0 e0       	ldi	r27, 0x00	; 0
    3470:	8c 91       	ld	r24, X
    3472:	80 83       	st	Z, r24
    3474:	07 c0       	rjmp	.+14     	; 0x3484 <UART_init+0xfa>
		break ;
	case 2 :
		UCSRC |= (0x08);
    3476:	a0 e4       	ldi	r26, 0x40	; 64
    3478:	b0 e0       	ldi	r27, 0x00	; 0
    347a:	e0 e4       	ldi	r30, 0x40	; 64
    347c:	f0 e0       	ldi	r31, 0x00	; 0
    347e:	80 81       	ld	r24, Z
    3480:	88 60       	ori	r24, 0x08	; 8
    3482:	8c 93       	st	X, r24
	 * UCPOL   = 0 Used with the Synchronous operation only
	 ***********************************************************************/ 	

	
	/* Calculate the UBRR register value */
	ubrr_value = (uint16)(((F_CPU / (baud_rate * 8UL))) - 1);
    3484:	8b 81       	ldd	r24, Y+3	; 0x03
    3486:	9c 81       	ldd	r25, Y+4	; 0x04
    3488:	ad 81       	ldd	r26, Y+5	; 0x05
    348a:	be 81       	ldd	r27, Y+6	; 0x06
    348c:	88 0f       	add	r24, r24
    348e:	99 1f       	adc	r25, r25
    3490:	aa 1f       	adc	r26, r26
    3492:	bb 1f       	adc	r27, r27
    3494:	88 0f       	add	r24, r24
    3496:	99 1f       	adc	r25, r25
    3498:	aa 1f       	adc	r26, r26
    349a:	bb 1f       	adc	r27, r27
    349c:	88 0f       	add	r24, r24
    349e:	99 1f       	adc	r25, r25
    34a0:	aa 1f       	adc	r26, r26
    34a2:	bb 1f       	adc	r27, r27
    34a4:	9c 01       	movw	r18, r24
    34a6:	ad 01       	movw	r20, r26
    34a8:	80 e0       	ldi	r24, 0x00	; 0
    34aa:	92 e1       	ldi	r25, 0x12	; 18
    34ac:	aa e7       	ldi	r26, 0x7A	; 122
    34ae:	b0 e0       	ldi	r27, 0x00	; 0
    34b0:	bc 01       	movw	r22, r24
    34b2:	cd 01       	movw	r24, r26
    34b4:	0e 94 07 1b 	call	0x360e	; 0x360e <__udivmodsi4>
    34b8:	da 01       	movw	r26, r20
    34ba:	c9 01       	movw	r24, r18
    34bc:	01 97       	sbiw	r24, 0x01	; 1
    34be:	9a 83       	std	Y+2, r25	; 0x02
    34c0:	89 83       	std	Y+1, r24	; 0x01

	/* First 8 bits from the BAUD_PRESCALE inside UBRRL and last 4 bits in UBRRH*/
	UBRRH = ubrr_value>>8;
    34c2:	e0 e4       	ldi	r30, 0x40	; 64
    34c4:	f0 e0       	ldi	r31, 0x00	; 0
    34c6:	89 81       	ldd	r24, Y+1	; 0x01
    34c8:	9a 81       	ldd	r25, Y+2	; 0x02
    34ca:	89 2f       	mov	r24, r25
    34cc:	99 27       	eor	r25, r25
    34ce:	80 83       	st	Z, r24
	UBRRL = ubrr_value;
    34d0:	e9 e2       	ldi	r30, 0x29	; 41
    34d2:	f0 e0       	ldi	r31, 0x00	; 0
    34d4:	89 81       	ldd	r24, Y+1	; 0x01
    34d6:	80 83       	st	Z, r24
}
    34d8:	2c 96       	adiw	r28, 0x0c	; 12
    34da:	0f b6       	in	r0, 0x3f	; 63
    34dc:	f8 94       	cli
    34de:	de bf       	out	0x3e, r29	; 62
    34e0:	0f be       	out	0x3f, r0	; 63
    34e2:	cd bf       	out	0x3d, r28	; 61
    34e4:	cf 91       	pop	r28
    34e6:	df 91       	pop	r29
    34e8:	08 95       	ret

000034ea <UART_sendByte>:
/*
 * Description :
 * Functional responsible for send byte to another UART device.
 */
void UART_sendByte(const uint8 data)
{
    34ea:	df 93       	push	r29
    34ec:	cf 93       	push	r28
    34ee:	0f 92       	push	r0
    34f0:	cd b7       	in	r28, 0x3d	; 61
    34f2:	de b7       	in	r29, 0x3e	; 62
    34f4:	89 83       	std	Y+1, r24	; 0x01
	/*
	 * UDRE flag is set when the Tx buffer (UDR) is empty and ready for
	 * transmitting a new byte so wait until this flag is set to one
	 */
	while(BIT_IS_CLEAR(UCSRA,UDRE)){}
    34f6:	eb e2       	ldi	r30, 0x2B	; 43
    34f8:	f0 e0       	ldi	r31, 0x00	; 0
    34fa:	80 81       	ld	r24, Z
    34fc:	88 2f       	mov	r24, r24
    34fe:	90 e0       	ldi	r25, 0x00	; 0
    3500:	80 72       	andi	r24, 0x20	; 32
    3502:	90 70       	andi	r25, 0x00	; 0
    3504:	00 97       	sbiw	r24, 0x00	; 0
    3506:	b9 f3       	breq	.-18     	; 0x34f6 <UART_sendByte+0xc>

	/*
	 * Put the required data in the UDR register and it also clear the UDRE flag as
	 * the UDR register is not empty now
	 */
	UDR = data;
    3508:	ec e2       	ldi	r30, 0x2C	; 44
    350a:	f0 e0       	ldi	r31, 0x00	; 0
    350c:	89 81       	ldd	r24, Y+1	; 0x01
    350e:	80 83       	st	Z, r24
	/************************* Another Method *************************
	UDR = data;
	while(BIT_IS_CLEAR(UCSRA,TXC)){} // Wait until the transmission is complete TXC = 1
	SET_BIT(UCSRA,TXC); // Clear the TXC flag
	*******************************************************************/
}
    3510:	0f 90       	pop	r0
    3512:	cf 91       	pop	r28
    3514:	df 91       	pop	r29
    3516:	08 95       	ret

00003518 <UART_recieveByte>:
/*
 * Description :
 * Functional responsible for receive byte from another UART device.
 */
uint8 UART_recieveByte(void)
{
    3518:	df 93       	push	r29
    351a:	cf 93       	push	r28
    351c:	cd b7       	in	r28, 0x3d	; 61
    351e:	de b7       	in	r29, 0x3e	; 62
	/* RXC flag is set when the UART receive data so wait until this flag is set to one */
	while(BIT_IS_CLEAR(UCSRA,RXC)){}
    3520:	eb e2       	ldi	r30, 0x2B	; 43
    3522:	f0 e0       	ldi	r31, 0x00	; 0
    3524:	80 81       	ld	r24, Z
    3526:	88 23       	and	r24, r24
    3528:	dc f7       	brge	.-10     	; 0x3520 <UART_recieveByte+0x8>

	/*
	 * Read the received data from the Rx buffer (UDR)
	 * The RXC flag will be cleared after read the data
	 */
    return UDR;		
    352a:	ec e2       	ldi	r30, 0x2C	; 44
    352c:	f0 e0       	ldi	r31, 0x00	; 0
    352e:	80 81       	ld	r24, Z
}
    3530:	cf 91       	pop	r28
    3532:	df 91       	pop	r29
    3534:	08 95       	ret

00003536 <UART_sendString>:
/*
 * Description :
 * Send the required string through UART to the other UART device.
 */
void UART_sendString(const uint8 *Str)
{
    3536:	df 93       	push	r29
    3538:	cf 93       	push	r28
    353a:	00 d0       	rcall	.+0      	; 0x353c <UART_sendString+0x6>
    353c:	0f 92       	push	r0
    353e:	cd b7       	in	r28, 0x3d	; 61
    3540:	de b7       	in	r29, 0x3e	; 62
    3542:	9b 83       	std	Y+3, r25	; 0x03
    3544:	8a 83       	std	Y+2, r24	; 0x02
	uint8 i = 0;
    3546:	19 82       	std	Y+1, r1	; 0x01
    3548:	0e c0       	rjmp	.+28     	; 0x3566 <UART_sendString+0x30>

	/* Send the whole string */
	while(Str[i] != '\0')
	{
		UART_sendByte(Str[i]);
    354a:	89 81       	ldd	r24, Y+1	; 0x01
    354c:	28 2f       	mov	r18, r24
    354e:	30 e0       	ldi	r19, 0x00	; 0
    3550:	8a 81       	ldd	r24, Y+2	; 0x02
    3552:	9b 81       	ldd	r25, Y+3	; 0x03
    3554:	fc 01       	movw	r30, r24
    3556:	e2 0f       	add	r30, r18
    3558:	f3 1f       	adc	r31, r19
    355a:	80 81       	ld	r24, Z
    355c:	0e 94 75 1a 	call	0x34ea	; 0x34ea <UART_sendByte>
		i++;
    3560:	89 81       	ldd	r24, Y+1	; 0x01
    3562:	8f 5f       	subi	r24, 0xFF	; 255
    3564:	89 83       	std	Y+1, r24	; 0x01
void UART_sendString(const uint8 *Str)
{
	uint8 i = 0;

	/* Send the whole string */
	while(Str[i] != '\0')
    3566:	89 81       	ldd	r24, Y+1	; 0x01
    3568:	28 2f       	mov	r18, r24
    356a:	30 e0       	ldi	r19, 0x00	; 0
    356c:	8a 81       	ldd	r24, Y+2	; 0x02
    356e:	9b 81       	ldd	r25, Y+3	; 0x03
    3570:	fc 01       	movw	r30, r24
    3572:	e2 0f       	add	r30, r18
    3574:	f3 1f       	adc	r31, r19
    3576:	80 81       	ld	r24, Z
    3578:	88 23       	and	r24, r24
    357a:	39 f7       	brne	.-50     	; 0x354a <UART_sendString+0x14>
	{
		UART_sendByte(*Str);
		Str++;
	}		
	*******************************************************************/
}
    357c:	0f 90       	pop	r0
    357e:	0f 90       	pop	r0
    3580:	0f 90       	pop	r0
    3582:	cf 91       	pop	r28
    3584:	df 91       	pop	r29
    3586:	08 95       	ret

00003588 <UART_receiveString>:
/*
 * Description :
 * Receive the required string until the '#' symbol through UART from the other UART device.
 */
void UART_receiveString(uint8 *Str)
{
    3588:	0f 93       	push	r16
    358a:	1f 93       	push	r17
    358c:	df 93       	push	r29
    358e:	cf 93       	push	r28
    3590:	00 d0       	rcall	.+0      	; 0x3592 <UART_receiveString+0xa>
    3592:	0f 92       	push	r0
    3594:	cd b7       	in	r28, 0x3d	; 61
    3596:	de b7       	in	r29, 0x3e	; 62
    3598:	9b 83       	std	Y+3, r25	; 0x03
    359a:	8a 83       	std	Y+2, r24	; 0x02
	uint8 i = 0;
    359c:	19 82       	std	Y+1, r1	; 0x01

	/* Receive the first byte */
	Str[i] = UART_recieveByte();
    359e:	89 81       	ldd	r24, Y+1	; 0x01
    35a0:	28 2f       	mov	r18, r24
    35a2:	30 e0       	ldi	r19, 0x00	; 0
    35a4:	8a 81       	ldd	r24, Y+2	; 0x02
    35a6:	9b 81       	ldd	r25, Y+3	; 0x03
    35a8:	8c 01       	movw	r16, r24
    35aa:	02 0f       	add	r16, r18
    35ac:	13 1f       	adc	r17, r19
    35ae:	0e 94 8c 1a 	call	0x3518	; 0x3518 <UART_recieveByte>
    35b2:	f8 01       	movw	r30, r16
    35b4:	80 83       	st	Z, r24
    35b6:	0f c0       	rjmp	.+30     	; 0x35d6 <UART_receiveString+0x4e>

	/* Receive the whole string until the '#' */
	while(Str[i] != '#')
	{
		i++;
    35b8:	89 81       	ldd	r24, Y+1	; 0x01
    35ba:	8f 5f       	subi	r24, 0xFF	; 255
    35bc:	89 83       	std	Y+1, r24	; 0x01
		Str[i] = UART_recieveByte();
    35be:	89 81       	ldd	r24, Y+1	; 0x01
    35c0:	28 2f       	mov	r18, r24
    35c2:	30 e0       	ldi	r19, 0x00	; 0
    35c4:	8a 81       	ldd	r24, Y+2	; 0x02
    35c6:	9b 81       	ldd	r25, Y+3	; 0x03
    35c8:	8c 01       	movw	r16, r24
    35ca:	02 0f       	add	r16, r18
    35cc:	13 1f       	adc	r17, r19
    35ce:	0e 94 8c 1a 	call	0x3518	; 0x3518 <UART_recieveByte>
    35d2:	f8 01       	movw	r30, r16
    35d4:	80 83       	st	Z, r24

	/* Receive the first byte */
	Str[i] = UART_recieveByte();

	/* Receive the whole string until the '#' */
	while(Str[i] != '#')
    35d6:	89 81       	ldd	r24, Y+1	; 0x01
    35d8:	28 2f       	mov	r18, r24
    35da:	30 e0       	ldi	r19, 0x00	; 0
    35dc:	8a 81       	ldd	r24, Y+2	; 0x02
    35de:	9b 81       	ldd	r25, Y+3	; 0x03
    35e0:	fc 01       	movw	r30, r24
    35e2:	e2 0f       	add	r30, r18
    35e4:	f3 1f       	adc	r31, r19
    35e6:	80 81       	ld	r24, Z
    35e8:	83 32       	cpi	r24, 0x23	; 35
    35ea:	31 f7       	brne	.-52     	; 0x35b8 <UART_receiveString+0x30>
		i++;
		Str[i] = UART_recieveByte();
	}

	/* After receiving the whole string plus the '#', replace the '#' with '\0' */
	Str[i] = '\0';
    35ec:	89 81       	ldd	r24, Y+1	; 0x01
    35ee:	28 2f       	mov	r18, r24
    35f0:	30 e0       	ldi	r19, 0x00	; 0
    35f2:	8a 81       	ldd	r24, Y+2	; 0x02
    35f4:	9b 81       	ldd	r25, Y+3	; 0x03
    35f6:	fc 01       	movw	r30, r24
    35f8:	e2 0f       	add	r30, r18
    35fa:	f3 1f       	adc	r31, r19
    35fc:	10 82       	st	Z, r1
}
    35fe:	0f 90       	pop	r0
    3600:	0f 90       	pop	r0
    3602:	0f 90       	pop	r0
    3604:	cf 91       	pop	r28
    3606:	df 91       	pop	r29
    3608:	1f 91       	pop	r17
    360a:	0f 91       	pop	r16
    360c:	08 95       	ret

0000360e <__udivmodsi4>:
    360e:	a1 e2       	ldi	r26, 0x21	; 33
    3610:	1a 2e       	mov	r1, r26
    3612:	aa 1b       	sub	r26, r26
    3614:	bb 1b       	sub	r27, r27
    3616:	fd 01       	movw	r30, r26
    3618:	0d c0       	rjmp	.+26     	; 0x3634 <__udivmodsi4_ep>

0000361a <__udivmodsi4_loop>:
    361a:	aa 1f       	adc	r26, r26
    361c:	bb 1f       	adc	r27, r27
    361e:	ee 1f       	adc	r30, r30
    3620:	ff 1f       	adc	r31, r31
    3622:	a2 17       	cp	r26, r18
    3624:	b3 07       	cpc	r27, r19
    3626:	e4 07       	cpc	r30, r20
    3628:	f5 07       	cpc	r31, r21
    362a:	20 f0       	brcs	.+8      	; 0x3634 <__udivmodsi4_ep>
    362c:	a2 1b       	sub	r26, r18
    362e:	b3 0b       	sbc	r27, r19
    3630:	e4 0b       	sbc	r30, r20
    3632:	f5 0b       	sbc	r31, r21

00003634 <__udivmodsi4_ep>:
    3634:	66 1f       	adc	r22, r22
    3636:	77 1f       	adc	r23, r23
    3638:	88 1f       	adc	r24, r24
    363a:	99 1f       	adc	r25, r25
    363c:	1a 94       	dec	r1
    363e:	69 f7       	brne	.-38     	; 0x361a <__udivmodsi4_loop>
    3640:	60 95       	com	r22
    3642:	70 95       	com	r23
    3644:	80 95       	com	r24
    3646:	90 95       	com	r25
    3648:	9b 01       	movw	r18, r22
    364a:	ac 01       	movw	r20, r24
    364c:	bd 01       	movw	r22, r26
    364e:	cf 01       	movw	r24, r30
    3650:	08 95       	ret

00003652 <__prologue_saves__>:
    3652:	2f 92       	push	r2
    3654:	3f 92       	push	r3
    3656:	4f 92       	push	r4
    3658:	5f 92       	push	r5
    365a:	6f 92       	push	r6
    365c:	7f 92       	push	r7
    365e:	8f 92       	push	r8
    3660:	9f 92       	push	r9
    3662:	af 92       	push	r10
    3664:	bf 92       	push	r11
    3666:	cf 92       	push	r12
    3668:	df 92       	push	r13
    366a:	ef 92       	push	r14
    366c:	ff 92       	push	r15
    366e:	0f 93       	push	r16
    3670:	1f 93       	push	r17
    3672:	cf 93       	push	r28
    3674:	df 93       	push	r29
    3676:	cd b7       	in	r28, 0x3d	; 61
    3678:	de b7       	in	r29, 0x3e	; 62
    367a:	ca 1b       	sub	r28, r26
    367c:	db 0b       	sbc	r29, r27
    367e:	0f b6       	in	r0, 0x3f	; 63
    3680:	f8 94       	cli
    3682:	de bf       	out	0x3e, r29	; 62
    3684:	0f be       	out	0x3f, r0	; 63
    3686:	cd bf       	out	0x3d, r28	; 61
    3688:	09 94       	ijmp

0000368a <__epilogue_restores__>:
    368a:	2a 88       	ldd	r2, Y+18	; 0x12
    368c:	39 88       	ldd	r3, Y+17	; 0x11
    368e:	48 88       	ldd	r4, Y+16	; 0x10
    3690:	5f 84       	ldd	r5, Y+15	; 0x0f
    3692:	6e 84       	ldd	r6, Y+14	; 0x0e
    3694:	7d 84       	ldd	r7, Y+13	; 0x0d
    3696:	8c 84       	ldd	r8, Y+12	; 0x0c
    3698:	9b 84       	ldd	r9, Y+11	; 0x0b
    369a:	aa 84       	ldd	r10, Y+10	; 0x0a
    369c:	b9 84       	ldd	r11, Y+9	; 0x09
    369e:	c8 84       	ldd	r12, Y+8	; 0x08
    36a0:	df 80       	ldd	r13, Y+7	; 0x07
    36a2:	ee 80       	ldd	r14, Y+6	; 0x06
    36a4:	fd 80       	ldd	r15, Y+5	; 0x05
    36a6:	0c 81       	ldd	r16, Y+4	; 0x04
    36a8:	1b 81       	ldd	r17, Y+3	; 0x03
    36aa:	aa 81       	ldd	r26, Y+2	; 0x02
    36ac:	b9 81       	ldd	r27, Y+1	; 0x01
    36ae:	ce 0f       	add	r28, r30
    36b0:	d1 1d       	adc	r29, r1
    36b2:	0f b6       	in	r0, 0x3f	; 63
    36b4:	f8 94       	cli
    36b6:	de bf       	out	0x3e, r29	; 62
    36b8:	0f be       	out	0x3f, r0	; 63
    36ba:	cd bf       	out	0x3d, r28	; 61
    36bc:	ed 01       	movw	r28, r26
    36be:	08 95       	ret

000036c0 <itoa>:
    36c0:	fb 01       	movw	r30, r22
    36c2:	9f 01       	movw	r18, r30
    36c4:	e8 94       	clt
    36c6:	42 30       	cpi	r20, 0x02	; 2
    36c8:	c4 f0       	brlt	.+48     	; 0x36fa <itoa+0x3a>
    36ca:	45 32       	cpi	r20, 0x25	; 37
    36cc:	b4 f4       	brge	.+44     	; 0x36fa <itoa+0x3a>
    36ce:	4a 30       	cpi	r20, 0x0A	; 10
    36d0:	29 f4       	brne	.+10     	; 0x36dc <itoa+0x1c>
    36d2:	97 fb       	bst	r25, 7
    36d4:	1e f4       	brtc	.+6      	; 0x36dc <itoa+0x1c>
    36d6:	90 95       	com	r25
    36d8:	81 95       	neg	r24
    36da:	9f 4f       	sbci	r25, 0xFF	; 255
    36dc:	64 2f       	mov	r22, r20
    36de:	77 27       	eor	r23, r23
    36e0:	0e 94 91 1b 	call	0x3722	; 0x3722 <__udivmodhi4>
    36e4:	80 5d       	subi	r24, 0xD0	; 208
    36e6:	8a 33       	cpi	r24, 0x3A	; 58
    36e8:	0c f0       	brlt	.+2      	; 0x36ec <itoa+0x2c>
    36ea:	89 5d       	subi	r24, 0xD9	; 217
    36ec:	81 93       	st	Z+, r24
    36ee:	cb 01       	movw	r24, r22
    36f0:	00 97       	sbiw	r24, 0x00	; 0
    36f2:	a1 f7       	brne	.-24     	; 0x36dc <itoa+0x1c>
    36f4:	16 f4       	brtc	.+4      	; 0x36fa <itoa+0x3a>
    36f6:	5d e2       	ldi	r21, 0x2D	; 45
    36f8:	51 93       	st	Z+, r21
    36fa:	10 82       	st	Z, r1
    36fc:	c9 01       	movw	r24, r18
    36fe:	0c 94 81 1b 	jmp	0x3702	; 0x3702 <strrev>

00003702 <strrev>:
    3702:	dc 01       	movw	r26, r24
    3704:	fc 01       	movw	r30, r24
    3706:	67 2f       	mov	r22, r23
    3708:	71 91       	ld	r23, Z+
    370a:	77 23       	and	r23, r23
    370c:	e1 f7       	brne	.-8      	; 0x3706 <strrev+0x4>
    370e:	32 97       	sbiw	r30, 0x02	; 2
    3710:	04 c0       	rjmp	.+8      	; 0x371a <strrev+0x18>
    3712:	7c 91       	ld	r23, X
    3714:	6d 93       	st	X+, r22
    3716:	70 83       	st	Z, r23
    3718:	62 91       	ld	r22, -Z
    371a:	ae 17       	cp	r26, r30
    371c:	bf 07       	cpc	r27, r31
    371e:	c8 f3       	brcs	.-14     	; 0x3712 <strrev+0x10>
    3720:	08 95       	ret

00003722 <__udivmodhi4>:
    3722:	aa 1b       	sub	r26, r26
    3724:	bb 1b       	sub	r27, r27
    3726:	51 e1       	ldi	r21, 0x11	; 17
    3728:	07 c0       	rjmp	.+14     	; 0x3738 <__udivmodhi4_ep>

0000372a <__udivmodhi4_loop>:
    372a:	aa 1f       	adc	r26, r26
    372c:	bb 1f       	adc	r27, r27
    372e:	a6 17       	cp	r26, r22
    3730:	b7 07       	cpc	r27, r23
    3732:	10 f0       	brcs	.+4      	; 0x3738 <__udivmodhi4_ep>
    3734:	a6 1b       	sub	r26, r22
    3736:	b7 0b       	sbc	r27, r23

00003738 <__udivmodhi4_ep>:
    3738:	88 1f       	adc	r24, r24
    373a:	99 1f       	adc	r25, r25
    373c:	5a 95       	dec	r21
    373e:	a9 f7       	brne	.-22     	; 0x372a <__udivmodhi4_loop>
    3740:	80 95       	com	r24
    3742:	90 95       	com	r25
    3744:	bc 01       	movw	r22, r24
    3746:	cd 01       	movw	r24, r26
    3748:	08 95       	ret

0000374a <_exit>:
    374a:	f8 94       	cli

0000374c <__stop_program>:
    374c:	ff cf       	rjmp	.-2      	; 0x374c <__stop_program>
