
Control_ECU.elf:     file format elf32-avr

Sections:
Idx Name          Size      VMA       LMA       File off  Algn
  0 .text         000029b0  00000000  00000000  00000094  2**1
                  CONTENTS, ALLOC, LOAD, READONLY, CODE
  1 .data         00000014  00800060  000029b0  00002a44  2**0
                  CONTENTS, ALLOC, LOAD, DATA
  2 .bss          0000002a  00800074  00800074  00002a58  2**0
                  ALLOC
  3 .stab         000027c0  00000000  00000000  00002a58  2**2
                  CONTENTS, READONLY, DEBUGGING
  4 .stabstr      00001162  00000000  00000000  00005218  2**0
                  CONTENTS, READONLY, DEBUGGING
  5 .debug_aranges 00000140  00000000  00000000  0000637a  2**0
                  CONTENTS, READONLY, DEBUGGING
  6 .debug_pubnames 00000170  00000000  00000000  000064ba  2**0
                  CONTENTS, READONLY, DEBUGGING
  7 .debug_info   00001c49  00000000  00000000  0000662a  2**0
                  CONTENTS, READONLY, DEBUGGING
  8 .debug_abbrev 00000eeb  00000000  00000000  00008273  2**0
                  CONTENTS, READONLY, DEBUGGING
  9 .debug_line   00000dad  00000000  00000000  0000915e  2**0
                  CONTENTS, READONLY, DEBUGGING
 10 .debug_frame  00000160  00000000  00000000  00009f0c  2**2
                  CONTENTS, READONLY, DEBUGGING
 11 .debug_str    0000028d  00000000  00000000  0000a06c  2**0
                  CONTENTS, READONLY, DEBUGGING
 12 .debug_loc    000007ce  00000000  00000000  0000a2f9  2**0
                  CONTENTS, READONLY, DEBUGGING
 13 .debug_ranges 00000050  00000000  00000000  0000aac7  2**0
                  CONTENTS, READONLY, DEBUGGING

Disassembly of section .text:

00000000 <__vectors>:
       0:	0c 94 2a 00 	jmp	0x54	; 0x54 <__ctors_end>
       4:	0c 94 47 00 	jmp	0x8e	; 0x8e <__bad_interrupt>
       8:	0c 94 47 00 	jmp	0x8e	; 0x8e <__bad_interrupt>
       c:	0c 94 47 00 	jmp	0x8e	; 0x8e <__bad_interrupt>
      10:	0c 94 47 00 	jmp	0x8e	; 0x8e <__bad_interrupt>
      14:	0c 94 47 00 	jmp	0x8e	; 0x8e <__bad_interrupt>
      18:	0c 94 47 00 	jmp	0x8e	; 0x8e <__bad_interrupt>
      1c:	0c 94 47 00 	jmp	0x8e	; 0x8e <__bad_interrupt>
      20:	0c 94 47 00 	jmp	0x8e	; 0x8e <__bad_interrupt>
      24:	0c 94 b1 11 	jmp	0x2362	; 0x2362 <__vector_9>
      28:	0c 94 47 00 	jmp	0x8e	; 0x8e <__bad_interrupt>
      2c:	0c 94 47 00 	jmp	0x8e	; 0x8e <__bad_interrupt>
      30:	0c 94 47 00 	jmp	0x8e	; 0x8e <__bad_interrupt>
      34:	0c 94 47 00 	jmp	0x8e	; 0x8e <__bad_interrupt>
      38:	0c 94 47 00 	jmp	0x8e	; 0x8e <__bad_interrupt>
      3c:	0c 94 47 00 	jmp	0x8e	; 0x8e <__bad_interrupt>
      40:	0c 94 47 00 	jmp	0x8e	; 0x8e <__bad_interrupt>
      44:	0c 94 47 00 	jmp	0x8e	; 0x8e <__bad_interrupt>
      48:	0c 94 47 00 	jmp	0x8e	; 0x8e <__bad_interrupt>
      4c:	0c 94 e4 11 	jmp	0x23c8	; 0x23c8 <__vector_19>
      50:	0c 94 47 00 	jmp	0x8e	; 0x8e <__bad_interrupt>

00000054 <__ctors_end>:
      54:	11 24       	eor	r1, r1
      56:	1f be       	out	0x3f, r1	; 63
      58:	cf e5       	ldi	r28, 0x5F	; 95
      5a:	d4 e0       	ldi	r29, 0x04	; 4
      5c:	de bf       	out	0x3e, r29	; 62
      5e:	cd bf       	out	0x3d, r28	; 61

00000060 <__do_copy_data>:
      60:	10 e0       	ldi	r17, 0x00	; 0
      62:	a0 e6       	ldi	r26, 0x60	; 96
      64:	b0 e0       	ldi	r27, 0x00	; 0
      66:	e0 eb       	ldi	r30, 0xB0	; 176
      68:	f9 e2       	ldi	r31, 0x29	; 41
      6a:	02 c0       	rjmp	.+4      	; 0x70 <.do_copy_data_start>

0000006c <.do_copy_data_loop>:
      6c:	05 90       	lpm	r0, Z+
      6e:	0d 92       	st	X+, r0

00000070 <.do_copy_data_start>:
      70:	a4 37       	cpi	r26, 0x74	; 116
      72:	b1 07       	cpc	r27, r17
      74:	d9 f7       	brne	.-10     	; 0x6c <.do_copy_data_loop>

00000076 <__do_clear_bss>:
      76:	10 e0       	ldi	r17, 0x00	; 0
      78:	a4 e7       	ldi	r26, 0x74	; 116
      7a:	b0 e0       	ldi	r27, 0x00	; 0
      7c:	01 c0       	rjmp	.+2      	; 0x80 <.do_clear_bss_start>

0000007e <.do_clear_bss_loop>:
      7e:	1d 92       	st	X+, r1

00000080 <.do_clear_bss_start>:
      80:	ae 39       	cpi	r26, 0x9E	; 158
      82:	b1 07       	cpc	r27, r17
      84:	e1 f7       	brne	.-8      	; 0x7e <.do_clear_bss_loop>
      86:	0e 94 a3 05 	call	0xb46	; 0xb46 <main>
      8a:	0c 94 d6 14 	jmp	0x29ac	; 0x29ac <_exit>

0000008e <__bad_interrupt>:
      8e:	0c 94 00 00 	jmp	0	; 0x0 <__vectors>

00000092 <__fixunssfsi>:
      92:	ef 92       	push	r14
      94:	ff 92       	push	r15
      96:	0f 93       	push	r16
      98:	1f 93       	push	r17
      9a:	7b 01       	movw	r14, r22
      9c:	8c 01       	movw	r16, r24
      9e:	20 e0       	ldi	r18, 0x00	; 0
      a0:	30 e0       	ldi	r19, 0x00	; 0
      a2:	40 e0       	ldi	r20, 0x00	; 0
      a4:	5f e4       	ldi	r21, 0x4F	; 79
      a6:	0e 94 49 03 	call	0x692	; 0x692 <__gesf2>
      aa:	88 23       	and	r24, r24
      ac:	8c f0       	brlt	.+34     	; 0xd0 <__fixunssfsi+0x3e>
      ae:	c8 01       	movw	r24, r16
      b0:	b7 01       	movw	r22, r14
      b2:	20 e0       	ldi	r18, 0x00	; 0
      b4:	30 e0       	ldi	r19, 0x00	; 0
      b6:	40 e0       	ldi	r20, 0x00	; 0
      b8:	5f e4       	ldi	r21, 0x4F	; 79
      ba:	0e 94 c1 01 	call	0x382	; 0x382 <__subsf3>
      be:	0e 94 a9 03 	call	0x752	; 0x752 <__fixsfsi>
      c2:	9b 01       	movw	r18, r22
      c4:	ac 01       	movw	r20, r24
      c6:	20 50       	subi	r18, 0x00	; 0
      c8:	30 40       	sbci	r19, 0x00	; 0
      ca:	40 40       	sbci	r20, 0x00	; 0
      cc:	50 48       	sbci	r21, 0x80	; 128
      ce:	06 c0       	rjmp	.+12     	; 0xdc <__fixunssfsi+0x4a>
      d0:	c8 01       	movw	r24, r16
      d2:	b7 01       	movw	r22, r14
      d4:	0e 94 a9 03 	call	0x752	; 0x752 <__fixsfsi>
      d8:	9b 01       	movw	r18, r22
      da:	ac 01       	movw	r20, r24
      dc:	b9 01       	movw	r22, r18
      de:	ca 01       	movw	r24, r20
      e0:	1f 91       	pop	r17
      e2:	0f 91       	pop	r16
      e4:	ff 90       	pop	r15
      e6:	ef 90       	pop	r14
      e8:	08 95       	ret

000000ea <_fpadd_parts>:
      ea:	a0 e0       	ldi	r26, 0x00	; 0
      ec:	b0 e0       	ldi	r27, 0x00	; 0
      ee:	eb e7       	ldi	r30, 0x7B	; 123
      f0:	f0 e0       	ldi	r31, 0x00	; 0
      f2:	0c 94 9f 14 	jmp	0x293e	; 0x293e <__prologue_saves__>
      f6:	dc 01       	movw	r26, r24
      f8:	2b 01       	movw	r4, r22
      fa:	fa 01       	movw	r30, r20
      fc:	9c 91       	ld	r25, X
      fe:	92 30       	cpi	r25, 0x02	; 2
     100:	08 f4       	brcc	.+2      	; 0x104 <_fpadd_parts+0x1a>
     102:	39 c1       	rjmp	.+626    	; 0x376 <_fpadd_parts+0x28c>
     104:	eb 01       	movw	r28, r22
     106:	88 81       	ld	r24, Y
     108:	82 30       	cpi	r24, 0x02	; 2
     10a:	08 f4       	brcc	.+2      	; 0x10e <_fpadd_parts+0x24>
     10c:	33 c1       	rjmp	.+614    	; 0x374 <_fpadd_parts+0x28a>
     10e:	94 30       	cpi	r25, 0x04	; 4
     110:	69 f4       	brne	.+26     	; 0x12c <_fpadd_parts+0x42>
     112:	84 30       	cpi	r24, 0x04	; 4
     114:	09 f0       	breq	.+2      	; 0x118 <_fpadd_parts+0x2e>
     116:	2f c1       	rjmp	.+606    	; 0x376 <_fpadd_parts+0x28c>
     118:	11 96       	adiw	r26, 0x01	; 1
     11a:	9c 91       	ld	r25, X
     11c:	11 97       	sbiw	r26, 0x01	; 1
     11e:	89 81       	ldd	r24, Y+1	; 0x01
     120:	98 17       	cp	r25, r24
     122:	09 f4       	brne	.+2      	; 0x126 <_fpadd_parts+0x3c>
     124:	28 c1       	rjmp	.+592    	; 0x376 <_fpadd_parts+0x28c>
     126:	a0 e6       	ldi	r26, 0x60	; 96
     128:	b0 e0       	ldi	r27, 0x00	; 0
     12a:	25 c1       	rjmp	.+586    	; 0x376 <_fpadd_parts+0x28c>
     12c:	84 30       	cpi	r24, 0x04	; 4
     12e:	09 f4       	brne	.+2      	; 0x132 <_fpadd_parts+0x48>
     130:	21 c1       	rjmp	.+578    	; 0x374 <_fpadd_parts+0x28a>
     132:	82 30       	cpi	r24, 0x02	; 2
     134:	a9 f4       	brne	.+42     	; 0x160 <_fpadd_parts+0x76>
     136:	92 30       	cpi	r25, 0x02	; 2
     138:	09 f0       	breq	.+2      	; 0x13c <_fpadd_parts+0x52>
     13a:	1d c1       	rjmp	.+570    	; 0x376 <_fpadd_parts+0x28c>
     13c:	9a 01       	movw	r18, r20
     13e:	ad 01       	movw	r20, r26
     140:	88 e0       	ldi	r24, 0x08	; 8
     142:	ea 01       	movw	r28, r20
     144:	09 90       	ld	r0, Y+
     146:	ae 01       	movw	r20, r28
     148:	e9 01       	movw	r28, r18
     14a:	09 92       	st	Y+, r0
     14c:	9e 01       	movw	r18, r28
     14e:	81 50       	subi	r24, 0x01	; 1
     150:	c1 f7       	brne	.-16     	; 0x142 <_fpadd_parts+0x58>
     152:	e2 01       	movw	r28, r4
     154:	89 81       	ldd	r24, Y+1	; 0x01
     156:	11 96       	adiw	r26, 0x01	; 1
     158:	9c 91       	ld	r25, X
     15a:	89 23       	and	r24, r25
     15c:	81 83       	std	Z+1, r24	; 0x01
     15e:	08 c1       	rjmp	.+528    	; 0x370 <_fpadd_parts+0x286>
     160:	92 30       	cpi	r25, 0x02	; 2
     162:	09 f4       	brne	.+2      	; 0x166 <_fpadd_parts+0x7c>
     164:	07 c1       	rjmp	.+526    	; 0x374 <_fpadd_parts+0x28a>
     166:	12 96       	adiw	r26, 0x02	; 2
     168:	2d 90       	ld	r2, X+
     16a:	3c 90       	ld	r3, X
     16c:	13 97       	sbiw	r26, 0x03	; 3
     16e:	eb 01       	movw	r28, r22
     170:	8a 81       	ldd	r24, Y+2	; 0x02
     172:	9b 81       	ldd	r25, Y+3	; 0x03
     174:	14 96       	adiw	r26, 0x04	; 4
     176:	ad 90       	ld	r10, X+
     178:	bd 90       	ld	r11, X+
     17a:	cd 90       	ld	r12, X+
     17c:	dc 90       	ld	r13, X
     17e:	17 97       	sbiw	r26, 0x07	; 7
     180:	ec 80       	ldd	r14, Y+4	; 0x04
     182:	fd 80       	ldd	r15, Y+5	; 0x05
     184:	0e 81       	ldd	r16, Y+6	; 0x06
     186:	1f 81       	ldd	r17, Y+7	; 0x07
     188:	91 01       	movw	r18, r2
     18a:	28 1b       	sub	r18, r24
     18c:	39 0b       	sbc	r19, r25
     18e:	b9 01       	movw	r22, r18
     190:	37 ff       	sbrs	r19, 7
     192:	04 c0       	rjmp	.+8      	; 0x19c <_fpadd_parts+0xb2>
     194:	66 27       	eor	r22, r22
     196:	77 27       	eor	r23, r23
     198:	62 1b       	sub	r22, r18
     19a:	73 0b       	sbc	r23, r19
     19c:	60 32       	cpi	r22, 0x20	; 32
     19e:	71 05       	cpc	r23, r1
     1a0:	0c f0       	brlt	.+2      	; 0x1a4 <_fpadd_parts+0xba>
     1a2:	61 c0       	rjmp	.+194    	; 0x266 <_fpadd_parts+0x17c>
     1a4:	12 16       	cp	r1, r18
     1a6:	13 06       	cpc	r1, r19
     1a8:	6c f5       	brge	.+90     	; 0x204 <_fpadd_parts+0x11a>
     1aa:	37 01       	movw	r6, r14
     1ac:	48 01       	movw	r8, r16
     1ae:	06 2e       	mov	r0, r22
     1b0:	04 c0       	rjmp	.+8      	; 0x1ba <_fpadd_parts+0xd0>
     1b2:	96 94       	lsr	r9
     1b4:	87 94       	ror	r8
     1b6:	77 94       	ror	r7
     1b8:	67 94       	ror	r6
     1ba:	0a 94       	dec	r0
     1bc:	d2 f7       	brpl	.-12     	; 0x1b2 <_fpadd_parts+0xc8>
     1be:	21 e0       	ldi	r18, 0x01	; 1
     1c0:	30 e0       	ldi	r19, 0x00	; 0
     1c2:	40 e0       	ldi	r20, 0x00	; 0
     1c4:	50 e0       	ldi	r21, 0x00	; 0
     1c6:	04 c0       	rjmp	.+8      	; 0x1d0 <_fpadd_parts+0xe6>
     1c8:	22 0f       	add	r18, r18
     1ca:	33 1f       	adc	r19, r19
     1cc:	44 1f       	adc	r20, r20
     1ce:	55 1f       	adc	r21, r21
     1d0:	6a 95       	dec	r22
     1d2:	d2 f7       	brpl	.-12     	; 0x1c8 <_fpadd_parts+0xde>
     1d4:	21 50       	subi	r18, 0x01	; 1
     1d6:	30 40       	sbci	r19, 0x00	; 0
     1d8:	40 40       	sbci	r20, 0x00	; 0
     1da:	50 40       	sbci	r21, 0x00	; 0
     1dc:	2e 21       	and	r18, r14
     1de:	3f 21       	and	r19, r15
     1e0:	40 23       	and	r20, r16
     1e2:	51 23       	and	r21, r17
     1e4:	21 15       	cp	r18, r1
     1e6:	31 05       	cpc	r19, r1
     1e8:	41 05       	cpc	r20, r1
     1ea:	51 05       	cpc	r21, r1
     1ec:	21 f0       	breq	.+8      	; 0x1f6 <_fpadd_parts+0x10c>
     1ee:	21 e0       	ldi	r18, 0x01	; 1
     1f0:	30 e0       	ldi	r19, 0x00	; 0
     1f2:	40 e0       	ldi	r20, 0x00	; 0
     1f4:	50 e0       	ldi	r21, 0x00	; 0
     1f6:	79 01       	movw	r14, r18
     1f8:	8a 01       	movw	r16, r20
     1fa:	e6 28       	or	r14, r6
     1fc:	f7 28       	or	r15, r7
     1fe:	08 29       	or	r16, r8
     200:	19 29       	or	r17, r9
     202:	3c c0       	rjmp	.+120    	; 0x27c <_fpadd_parts+0x192>
     204:	23 2b       	or	r18, r19
     206:	d1 f1       	breq	.+116    	; 0x27c <_fpadd_parts+0x192>
     208:	26 0e       	add	r2, r22
     20a:	37 1e       	adc	r3, r23
     20c:	35 01       	movw	r6, r10
     20e:	46 01       	movw	r8, r12
     210:	06 2e       	mov	r0, r22
     212:	04 c0       	rjmp	.+8      	; 0x21c <_fpadd_parts+0x132>
     214:	96 94       	lsr	r9
     216:	87 94       	ror	r8
     218:	77 94       	ror	r7
     21a:	67 94       	ror	r6
     21c:	0a 94       	dec	r0
     21e:	d2 f7       	brpl	.-12     	; 0x214 <_fpadd_parts+0x12a>
     220:	21 e0       	ldi	r18, 0x01	; 1
     222:	30 e0       	ldi	r19, 0x00	; 0
     224:	40 e0       	ldi	r20, 0x00	; 0
     226:	50 e0       	ldi	r21, 0x00	; 0
     228:	04 c0       	rjmp	.+8      	; 0x232 <_fpadd_parts+0x148>
     22a:	22 0f       	add	r18, r18
     22c:	33 1f       	adc	r19, r19
     22e:	44 1f       	adc	r20, r20
     230:	55 1f       	adc	r21, r21
     232:	6a 95       	dec	r22
     234:	d2 f7       	brpl	.-12     	; 0x22a <_fpadd_parts+0x140>
     236:	21 50       	subi	r18, 0x01	; 1
     238:	30 40       	sbci	r19, 0x00	; 0
     23a:	40 40       	sbci	r20, 0x00	; 0
     23c:	50 40       	sbci	r21, 0x00	; 0
     23e:	2a 21       	and	r18, r10
     240:	3b 21       	and	r19, r11
     242:	4c 21       	and	r20, r12
     244:	5d 21       	and	r21, r13
     246:	21 15       	cp	r18, r1
     248:	31 05       	cpc	r19, r1
     24a:	41 05       	cpc	r20, r1
     24c:	51 05       	cpc	r21, r1
     24e:	21 f0       	breq	.+8      	; 0x258 <_fpadd_parts+0x16e>
     250:	21 e0       	ldi	r18, 0x01	; 1
     252:	30 e0       	ldi	r19, 0x00	; 0
     254:	40 e0       	ldi	r20, 0x00	; 0
     256:	50 e0       	ldi	r21, 0x00	; 0
     258:	59 01       	movw	r10, r18
     25a:	6a 01       	movw	r12, r20
     25c:	a6 28       	or	r10, r6
     25e:	b7 28       	or	r11, r7
     260:	c8 28       	or	r12, r8
     262:	d9 28       	or	r13, r9
     264:	0b c0       	rjmp	.+22     	; 0x27c <_fpadd_parts+0x192>
     266:	82 15       	cp	r24, r2
     268:	93 05       	cpc	r25, r3
     26a:	2c f0       	brlt	.+10     	; 0x276 <_fpadd_parts+0x18c>
     26c:	1c 01       	movw	r2, r24
     26e:	aa 24       	eor	r10, r10
     270:	bb 24       	eor	r11, r11
     272:	65 01       	movw	r12, r10
     274:	03 c0       	rjmp	.+6      	; 0x27c <_fpadd_parts+0x192>
     276:	ee 24       	eor	r14, r14
     278:	ff 24       	eor	r15, r15
     27a:	87 01       	movw	r16, r14
     27c:	11 96       	adiw	r26, 0x01	; 1
     27e:	9c 91       	ld	r25, X
     280:	d2 01       	movw	r26, r4
     282:	11 96       	adiw	r26, 0x01	; 1
     284:	8c 91       	ld	r24, X
     286:	98 17       	cp	r25, r24
     288:	09 f4       	brne	.+2      	; 0x28c <_fpadd_parts+0x1a2>
     28a:	45 c0       	rjmp	.+138    	; 0x316 <_fpadd_parts+0x22c>
     28c:	99 23       	and	r25, r25
     28e:	39 f0       	breq	.+14     	; 0x29e <_fpadd_parts+0x1b4>
     290:	a8 01       	movw	r20, r16
     292:	97 01       	movw	r18, r14
     294:	2a 19       	sub	r18, r10
     296:	3b 09       	sbc	r19, r11
     298:	4c 09       	sbc	r20, r12
     29a:	5d 09       	sbc	r21, r13
     29c:	06 c0       	rjmp	.+12     	; 0x2aa <_fpadd_parts+0x1c0>
     29e:	a6 01       	movw	r20, r12
     2a0:	95 01       	movw	r18, r10
     2a2:	2e 19       	sub	r18, r14
     2a4:	3f 09       	sbc	r19, r15
     2a6:	40 0b       	sbc	r20, r16
     2a8:	51 0b       	sbc	r21, r17
     2aa:	57 fd       	sbrc	r21, 7
     2ac:	08 c0       	rjmp	.+16     	; 0x2be <_fpadd_parts+0x1d4>
     2ae:	11 82       	std	Z+1, r1	; 0x01
     2b0:	33 82       	std	Z+3, r3	; 0x03
     2b2:	22 82       	std	Z+2, r2	; 0x02
     2b4:	24 83       	std	Z+4, r18	; 0x04
     2b6:	35 83       	std	Z+5, r19	; 0x05
     2b8:	46 83       	std	Z+6, r20	; 0x06
     2ba:	57 83       	std	Z+7, r21	; 0x07
     2bc:	1d c0       	rjmp	.+58     	; 0x2f8 <_fpadd_parts+0x20e>
     2be:	81 e0       	ldi	r24, 0x01	; 1
     2c0:	81 83       	std	Z+1, r24	; 0x01
     2c2:	33 82       	std	Z+3, r3	; 0x03
     2c4:	22 82       	std	Z+2, r2	; 0x02
     2c6:	88 27       	eor	r24, r24
     2c8:	99 27       	eor	r25, r25
     2ca:	dc 01       	movw	r26, r24
     2cc:	82 1b       	sub	r24, r18
     2ce:	93 0b       	sbc	r25, r19
     2d0:	a4 0b       	sbc	r26, r20
     2d2:	b5 0b       	sbc	r27, r21
     2d4:	84 83       	std	Z+4, r24	; 0x04
     2d6:	95 83       	std	Z+5, r25	; 0x05
     2d8:	a6 83       	std	Z+6, r26	; 0x06
     2da:	b7 83       	std	Z+7, r27	; 0x07
     2dc:	0d c0       	rjmp	.+26     	; 0x2f8 <_fpadd_parts+0x20e>
     2de:	22 0f       	add	r18, r18
     2e0:	33 1f       	adc	r19, r19
     2e2:	44 1f       	adc	r20, r20
     2e4:	55 1f       	adc	r21, r21
     2e6:	24 83       	std	Z+4, r18	; 0x04
     2e8:	35 83       	std	Z+5, r19	; 0x05
     2ea:	46 83       	std	Z+6, r20	; 0x06
     2ec:	57 83       	std	Z+7, r21	; 0x07
     2ee:	82 81       	ldd	r24, Z+2	; 0x02
     2f0:	93 81       	ldd	r25, Z+3	; 0x03
     2f2:	01 97       	sbiw	r24, 0x01	; 1
     2f4:	93 83       	std	Z+3, r25	; 0x03
     2f6:	82 83       	std	Z+2, r24	; 0x02
     2f8:	24 81       	ldd	r18, Z+4	; 0x04
     2fa:	35 81       	ldd	r19, Z+5	; 0x05
     2fc:	46 81       	ldd	r20, Z+6	; 0x06
     2fe:	57 81       	ldd	r21, Z+7	; 0x07
     300:	da 01       	movw	r26, r20
     302:	c9 01       	movw	r24, r18
     304:	01 97       	sbiw	r24, 0x01	; 1
     306:	a1 09       	sbc	r26, r1
     308:	b1 09       	sbc	r27, r1
     30a:	8f 5f       	subi	r24, 0xFF	; 255
     30c:	9f 4f       	sbci	r25, 0xFF	; 255
     30e:	af 4f       	sbci	r26, 0xFF	; 255
     310:	bf 43       	sbci	r27, 0x3F	; 63
     312:	28 f3       	brcs	.-54     	; 0x2de <_fpadd_parts+0x1f4>
     314:	0b c0       	rjmp	.+22     	; 0x32c <_fpadd_parts+0x242>
     316:	91 83       	std	Z+1, r25	; 0x01
     318:	33 82       	std	Z+3, r3	; 0x03
     31a:	22 82       	std	Z+2, r2	; 0x02
     31c:	ea 0c       	add	r14, r10
     31e:	fb 1c       	adc	r15, r11
     320:	0c 1d       	adc	r16, r12
     322:	1d 1d       	adc	r17, r13
     324:	e4 82       	std	Z+4, r14	; 0x04
     326:	f5 82       	std	Z+5, r15	; 0x05
     328:	06 83       	std	Z+6, r16	; 0x06
     32a:	17 83       	std	Z+7, r17	; 0x07
     32c:	83 e0       	ldi	r24, 0x03	; 3
     32e:	80 83       	st	Z, r24
     330:	24 81       	ldd	r18, Z+4	; 0x04
     332:	35 81       	ldd	r19, Z+5	; 0x05
     334:	46 81       	ldd	r20, Z+6	; 0x06
     336:	57 81       	ldd	r21, Z+7	; 0x07
     338:	57 ff       	sbrs	r21, 7
     33a:	1a c0       	rjmp	.+52     	; 0x370 <_fpadd_parts+0x286>
     33c:	c9 01       	movw	r24, r18
     33e:	aa 27       	eor	r26, r26
     340:	97 fd       	sbrc	r25, 7
     342:	a0 95       	com	r26
     344:	ba 2f       	mov	r27, r26
     346:	81 70       	andi	r24, 0x01	; 1
     348:	90 70       	andi	r25, 0x00	; 0
     34a:	a0 70       	andi	r26, 0x00	; 0
     34c:	b0 70       	andi	r27, 0x00	; 0
     34e:	56 95       	lsr	r21
     350:	47 95       	ror	r20
     352:	37 95       	ror	r19
     354:	27 95       	ror	r18
     356:	82 2b       	or	r24, r18
     358:	93 2b       	or	r25, r19
     35a:	a4 2b       	or	r26, r20
     35c:	b5 2b       	or	r27, r21
     35e:	84 83       	std	Z+4, r24	; 0x04
     360:	95 83       	std	Z+5, r25	; 0x05
     362:	a6 83       	std	Z+6, r26	; 0x06
     364:	b7 83       	std	Z+7, r27	; 0x07
     366:	82 81       	ldd	r24, Z+2	; 0x02
     368:	93 81       	ldd	r25, Z+3	; 0x03
     36a:	01 96       	adiw	r24, 0x01	; 1
     36c:	93 83       	std	Z+3, r25	; 0x03
     36e:	82 83       	std	Z+2, r24	; 0x02
     370:	df 01       	movw	r26, r30
     372:	01 c0       	rjmp	.+2      	; 0x376 <_fpadd_parts+0x28c>
     374:	d2 01       	movw	r26, r4
     376:	cd 01       	movw	r24, r26
     378:	cd b7       	in	r28, 0x3d	; 61
     37a:	de b7       	in	r29, 0x3e	; 62
     37c:	e2 e1       	ldi	r30, 0x12	; 18
     37e:	0c 94 bb 14 	jmp	0x2976	; 0x2976 <__epilogue_restores__>

00000382 <__subsf3>:
     382:	a0 e2       	ldi	r26, 0x20	; 32
     384:	b0 e0       	ldi	r27, 0x00	; 0
     386:	e7 ec       	ldi	r30, 0xC7	; 199
     388:	f1 e0       	ldi	r31, 0x01	; 1
     38a:	0c 94 ab 14 	jmp	0x2956	; 0x2956 <__prologue_saves__+0x18>
     38e:	69 83       	std	Y+1, r22	; 0x01
     390:	7a 83       	std	Y+2, r23	; 0x02
     392:	8b 83       	std	Y+3, r24	; 0x03
     394:	9c 83       	std	Y+4, r25	; 0x04
     396:	2d 83       	std	Y+5, r18	; 0x05
     398:	3e 83       	std	Y+6, r19	; 0x06
     39a:	4f 83       	std	Y+7, r20	; 0x07
     39c:	58 87       	std	Y+8, r21	; 0x08
     39e:	e9 e0       	ldi	r30, 0x09	; 9
     3a0:	ee 2e       	mov	r14, r30
     3a2:	f1 2c       	mov	r15, r1
     3a4:	ec 0e       	add	r14, r28
     3a6:	fd 1e       	adc	r15, r29
     3a8:	ce 01       	movw	r24, r28
     3aa:	01 96       	adiw	r24, 0x01	; 1
     3ac:	b7 01       	movw	r22, r14
     3ae:	0e 94 d2 04 	call	0x9a4	; 0x9a4 <__unpack_f>
     3b2:	8e 01       	movw	r16, r28
     3b4:	0f 5e       	subi	r16, 0xEF	; 239
     3b6:	1f 4f       	sbci	r17, 0xFF	; 255
     3b8:	ce 01       	movw	r24, r28
     3ba:	05 96       	adiw	r24, 0x05	; 5
     3bc:	b8 01       	movw	r22, r16
     3be:	0e 94 d2 04 	call	0x9a4	; 0x9a4 <__unpack_f>
     3c2:	8a 89       	ldd	r24, Y+18	; 0x12
     3c4:	91 e0       	ldi	r25, 0x01	; 1
     3c6:	89 27       	eor	r24, r25
     3c8:	8a 8b       	std	Y+18, r24	; 0x12
     3ca:	c7 01       	movw	r24, r14
     3cc:	b8 01       	movw	r22, r16
     3ce:	ae 01       	movw	r20, r28
     3d0:	47 5e       	subi	r20, 0xE7	; 231
     3d2:	5f 4f       	sbci	r21, 0xFF	; 255
     3d4:	0e 94 75 00 	call	0xea	; 0xea <_fpadd_parts>
     3d8:	0e 94 fd 03 	call	0x7fa	; 0x7fa <__pack_f>
     3dc:	a0 96       	adiw	r28, 0x20	; 32
     3de:	e6 e0       	ldi	r30, 0x06	; 6
     3e0:	0c 94 c7 14 	jmp	0x298e	; 0x298e <__epilogue_restores__+0x18>

000003e4 <__addsf3>:
     3e4:	a0 e2       	ldi	r26, 0x20	; 32
     3e6:	b0 e0       	ldi	r27, 0x00	; 0
     3e8:	e8 ef       	ldi	r30, 0xF8	; 248
     3ea:	f1 e0       	ldi	r31, 0x01	; 1
     3ec:	0c 94 ab 14 	jmp	0x2956	; 0x2956 <__prologue_saves__+0x18>
     3f0:	69 83       	std	Y+1, r22	; 0x01
     3f2:	7a 83       	std	Y+2, r23	; 0x02
     3f4:	8b 83       	std	Y+3, r24	; 0x03
     3f6:	9c 83       	std	Y+4, r25	; 0x04
     3f8:	2d 83       	std	Y+5, r18	; 0x05
     3fa:	3e 83       	std	Y+6, r19	; 0x06
     3fc:	4f 83       	std	Y+7, r20	; 0x07
     3fe:	58 87       	std	Y+8, r21	; 0x08
     400:	f9 e0       	ldi	r31, 0x09	; 9
     402:	ef 2e       	mov	r14, r31
     404:	f1 2c       	mov	r15, r1
     406:	ec 0e       	add	r14, r28
     408:	fd 1e       	adc	r15, r29
     40a:	ce 01       	movw	r24, r28
     40c:	01 96       	adiw	r24, 0x01	; 1
     40e:	b7 01       	movw	r22, r14
     410:	0e 94 d2 04 	call	0x9a4	; 0x9a4 <__unpack_f>
     414:	8e 01       	movw	r16, r28
     416:	0f 5e       	subi	r16, 0xEF	; 239
     418:	1f 4f       	sbci	r17, 0xFF	; 255
     41a:	ce 01       	movw	r24, r28
     41c:	05 96       	adiw	r24, 0x05	; 5
     41e:	b8 01       	movw	r22, r16
     420:	0e 94 d2 04 	call	0x9a4	; 0x9a4 <__unpack_f>
     424:	c7 01       	movw	r24, r14
     426:	b8 01       	movw	r22, r16
     428:	ae 01       	movw	r20, r28
     42a:	47 5e       	subi	r20, 0xE7	; 231
     42c:	5f 4f       	sbci	r21, 0xFF	; 255
     42e:	0e 94 75 00 	call	0xea	; 0xea <_fpadd_parts>
     432:	0e 94 fd 03 	call	0x7fa	; 0x7fa <__pack_f>
     436:	a0 96       	adiw	r28, 0x20	; 32
     438:	e6 e0       	ldi	r30, 0x06	; 6
     43a:	0c 94 c7 14 	jmp	0x298e	; 0x298e <__epilogue_restores__+0x18>

0000043e <__mulsf3>:
     43e:	a0 e2       	ldi	r26, 0x20	; 32
     440:	b0 e0       	ldi	r27, 0x00	; 0
     442:	e5 e2       	ldi	r30, 0x25	; 37
     444:	f2 e0       	ldi	r31, 0x02	; 2
     446:	0c 94 9f 14 	jmp	0x293e	; 0x293e <__prologue_saves__>
     44a:	69 83       	std	Y+1, r22	; 0x01
     44c:	7a 83       	std	Y+2, r23	; 0x02
     44e:	8b 83       	std	Y+3, r24	; 0x03
     450:	9c 83       	std	Y+4, r25	; 0x04
     452:	2d 83       	std	Y+5, r18	; 0x05
     454:	3e 83       	std	Y+6, r19	; 0x06
     456:	4f 83       	std	Y+7, r20	; 0x07
     458:	58 87       	std	Y+8, r21	; 0x08
     45a:	ce 01       	movw	r24, r28
     45c:	01 96       	adiw	r24, 0x01	; 1
     45e:	be 01       	movw	r22, r28
     460:	67 5f       	subi	r22, 0xF7	; 247
     462:	7f 4f       	sbci	r23, 0xFF	; 255
     464:	0e 94 d2 04 	call	0x9a4	; 0x9a4 <__unpack_f>
     468:	ce 01       	movw	r24, r28
     46a:	05 96       	adiw	r24, 0x05	; 5
     46c:	be 01       	movw	r22, r28
     46e:	6f 5e       	subi	r22, 0xEF	; 239
     470:	7f 4f       	sbci	r23, 0xFF	; 255
     472:	0e 94 d2 04 	call	0x9a4	; 0x9a4 <__unpack_f>
     476:	99 85       	ldd	r25, Y+9	; 0x09
     478:	92 30       	cpi	r25, 0x02	; 2
     47a:	88 f0       	brcs	.+34     	; 0x49e <__stack+0x3f>
     47c:	89 89       	ldd	r24, Y+17	; 0x11
     47e:	82 30       	cpi	r24, 0x02	; 2
     480:	c8 f0       	brcs	.+50     	; 0x4b4 <__stack+0x55>
     482:	94 30       	cpi	r25, 0x04	; 4
     484:	19 f4       	brne	.+6      	; 0x48c <__stack+0x2d>
     486:	82 30       	cpi	r24, 0x02	; 2
     488:	51 f4       	brne	.+20     	; 0x49e <__stack+0x3f>
     48a:	04 c0       	rjmp	.+8      	; 0x494 <__stack+0x35>
     48c:	84 30       	cpi	r24, 0x04	; 4
     48e:	29 f4       	brne	.+10     	; 0x49a <__stack+0x3b>
     490:	92 30       	cpi	r25, 0x02	; 2
     492:	81 f4       	brne	.+32     	; 0x4b4 <__stack+0x55>
     494:	80 e6       	ldi	r24, 0x60	; 96
     496:	90 e0       	ldi	r25, 0x00	; 0
     498:	c6 c0       	rjmp	.+396    	; 0x626 <__stack+0x1c7>
     49a:	92 30       	cpi	r25, 0x02	; 2
     49c:	49 f4       	brne	.+18     	; 0x4b0 <__stack+0x51>
     49e:	20 e0       	ldi	r18, 0x00	; 0
     4a0:	9a 85       	ldd	r25, Y+10	; 0x0a
     4a2:	8a 89       	ldd	r24, Y+18	; 0x12
     4a4:	98 13       	cpse	r25, r24
     4a6:	21 e0       	ldi	r18, 0x01	; 1
     4a8:	2a 87       	std	Y+10, r18	; 0x0a
     4aa:	ce 01       	movw	r24, r28
     4ac:	09 96       	adiw	r24, 0x09	; 9
     4ae:	bb c0       	rjmp	.+374    	; 0x626 <__stack+0x1c7>
     4b0:	82 30       	cpi	r24, 0x02	; 2
     4b2:	49 f4       	brne	.+18     	; 0x4c6 <__stack+0x67>
     4b4:	20 e0       	ldi	r18, 0x00	; 0
     4b6:	9a 85       	ldd	r25, Y+10	; 0x0a
     4b8:	8a 89       	ldd	r24, Y+18	; 0x12
     4ba:	98 13       	cpse	r25, r24
     4bc:	21 e0       	ldi	r18, 0x01	; 1
     4be:	2a 8b       	std	Y+18, r18	; 0x12
     4c0:	ce 01       	movw	r24, r28
     4c2:	41 96       	adiw	r24, 0x11	; 17
     4c4:	b0 c0       	rjmp	.+352    	; 0x626 <__stack+0x1c7>
     4c6:	2d 84       	ldd	r2, Y+13	; 0x0d
     4c8:	3e 84       	ldd	r3, Y+14	; 0x0e
     4ca:	4f 84       	ldd	r4, Y+15	; 0x0f
     4cc:	58 88       	ldd	r5, Y+16	; 0x10
     4ce:	6d 88       	ldd	r6, Y+21	; 0x15
     4d0:	7e 88       	ldd	r7, Y+22	; 0x16
     4d2:	8f 88       	ldd	r8, Y+23	; 0x17
     4d4:	98 8c       	ldd	r9, Y+24	; 0x18
     4d6:	ee 24       	eor	r14, r14
     4d8:	ff 24       	eor	r15, r15
     4da:	87 01       	movw	r16, r14
     4dc:	aa 24       	eor	r10, r10
     4de:	bb 24       	eor	r11, r11
     4e0:	65 01       	movw	r12, r10
     4e2:	40 e0       	ldi	r20, 0x00	; 0
     4e4:	50 e0       	ldi	r21, 0x00	; 0
     4e6:	60 e0       	ldi	r22, 0x00	; 0
     4e8:	70 e0       	ldi	r23, 0x00	; 0
     4ea:	e0 e0       	ldi	r30, 0x00	; 0
     4ec:	f0 e0       	ldi	r31, 0x00	; 0
     4ee:	c1 01       	movw	r24, r2
     4f0:	81 70       	andi	r24, 0x01	; 1
     4f2:	90 70       	andi	r25, 0x00	; 0
     4f4:	89 2b       	or	r24, r25
     4f6:	e9 f0       	breq	.+58     	; 0x532 <__stack+0xd3>
     4f8:	e6 0c       	add	r14, r6
     4fa:	f7 1c       	adc	r15, r7
     4fc:	08 1d       	adc	r16, r8
     4fe:	19 1d       	adc	r17, r9
     500:	9a 01       	movw	r18, r20
     502:	ab 01       	movw	r20, r22
     504:	2a 0d       	add	r18, r10
     506:	3b 1d       	adc	r19, r11
     508:	4c 1d       	adc	r20, r12
     50a:	5d 1d       	adc	r21, r13
     50c:	80 e0       	ldi	r24, 0x00	; 0
     50e:	90 e0       	ldi	r25, 0x00	; 0
     510:	a0 e0       	ldi	r26, 0x00	; 0
     512:	b0 e0       	ldi	r27, 0x00	; 0
     514:	e6 14       	cp	r14, r6
     516:	f7 04       	cpc	r15, r7
     518:	08 05       	cpc	r16, r8
     51a:	19 05       	cpc	r17, r9
     51c:	20 f4       	brcc	.+8      	; 0x526 <__stack+0xc7>
     51e:	81 e0       	ldi	r24, 0x01	; 1
     520:	90 e0       	ldi	r25, 0x00	; 0
     522:	a0 e0       	ldi	r26, 0x00	; 0
     524:	b0 e0       	ldi	r27, 0x00	; 0
     526:	ba 01       	movw	r22, r20
     528:	a9 01       	movw	r20, r18
     52a:	48 0f       	add	r20, r24
     52c:	59 1f       	adc	r21, r25
     52e:	6a 1f       	adc	r22, r26
     530:	7b 1f       	adc	r23, r27
     532:	aa 0c       	add	r10, r10
     534:	bb 1c       	adc	r11, r11
     536:	cc 1c       	adc	r12, r12
     538:	dd 1c       	adc	r13, r13
     53a:	97 fe       	sbrs	r9, 7
     53c:	08 c0       	rjmp	.+16     	; 0x54e <__stack+0xef>
     53e:	81 e0       	ldi	r24, 0x01	; 1
     540:	90 e0       	ldi	r25, 0x00	; 0
     542:	a0 e0       	ldi	r26, 0x00	; 0
     544:	b0 e0       	ldi	r27, 0x00	; 0
     546:	a8 2a       	or	r10, r24
     548:	b9 2a       	or	r11, r25
     54a:	ca 2a       	or	r12, r26
     54c:	db 2a       	or	r13, r27
     54e:	31 96       	adiw	r30, 0x01	; 1
     550:	e0 32       	cpi	r30, 0x20	; 32
     552:	f1 05       	cpc	r31, r1
     554:	49 f0       	breq	.+18     	; 0x568 <__stack+0x109>
     556:	66 0c       	add	r6, r6
     558:	77 1c       	adc	r7, r7
     55a:	88 1c       	adc	r8, r8
     55c:	99 1c       	adc	r9, r9
     55e:	56 94       	lsr	r5
     560:	47 94       	ror	r4
     562:	37 94       	ror	r3
     564:	27 94       	ror	r2
     566:	c3 cf       	rjmp	.-122    	; 0x4ee <__stack+0x8f>
     568:	fa 85       	ldd	r31, Y+10	; 0x0a
     56a:	ea 89       	ldd	r30, Y+18	; 0x12
     56c:	2b 89       	ldd	r18, Y+19	; 0x13
     56e:	3c 89       	ldd	r19, Y+20	; 0x14
     570:	8b 85       	ldd	r24, Y+11	; 0x0b
     572:	9c 85       	ldd	r25, Y+12	; 0x0c
     574:	28 0f       	add	r18, r24
     576:	39 1f       	adc	r19, r25
     578:	2e 5f       	subi	r18, 0xFE	; 254
     57a:	3f 4f       	sbci	r19, 0xFF	; 255
     57c:	17 c0       	rjmp	.+46     	; 0x5ac <__stack+0x14d>
     57e:	ca 01       	movw	r24, r20
     580:	81 70       	andi	r24, 0x01	; 1
     582:	90 70       	andi	r25, 0x00	; 0
     584:	89 2b       	or	r24, r25
     586:	61 f0       	breq	.+24     	; 0x5a0 <__stack+0x141>
     588:	16 95       	lsr	r17
     58a:	07 95       	ror	r16
     58c:	f7 94       	ror	r15
     58e:	e7 94       	ror	r14
     590:	80 e0       	ldi	r24, 0x00	; 0
     592:	90 e0       	ldi	r25, 0x00	; 0
     594:	a0 e0       	ldi	r26, 0x00	; 0
     596:	b0 e8       	ldi	r27, 0x80	; 128
     598:	e8 2a       	or	r14, r24
     59a:	f9 2a       	or	r15, r25
     59c:	0a 2b       	or	r16, r26
     59e:	1b 2b       	or	r17, r27
     5a0:	76 95       	lsr	r23
     5a2:	67 95       	ror	r22
     5a4:	57 95       	ror	r21
     5a6:	47 95       	ror	r20
     5a8:	2f 5f       	subi	r18, 0xFF	; 255
     5aa:	3f 4f       	sbci	r19, 0xFF	; 255
     5ac:	77 fd       	sbrc	r23, 7
     5ae:	e7 cf       	rjmp	.-50     	; 0x57e <__stack+0x11f>
     5b0:	0c c0       	rjmp	.+24     	; 0x5ca <__stack+0x16b>
     5b2:	44 0f       	add	r20, r20
     5b4:	55 1f       	adc	r21, r21
     5b6:	66 1f       	adc	r22, r22
     5b8:	77 1f       	adc	r23, r23
     5ba:	17 fd       	sbrc	r17, 7
     5bc:	41 60       	ori	r20, 0x01	; 1
     5be:	ee 0c       	add	r14, r14
     5c0:	ff 1c       	adc	r15, r15
     5c2:	00 1f       	adc	r16, r16
     5c4:	11 1f       	adc	r17, r17
     5c6:	21 50       	subi	r18, 0x01	; 1
     5c8:	30 40       	sbci	r19, 0x00	; 0
     5ca:	40 30       	cpi	r20, 0x00	; 0
     5cc:	90 e0       	ldi	r25, 0x00	; 0
     5ce:	59 07       	cpc	r21, r25
     5d0:	90 e0       	ldi	r25, 0x00	; 0
     5d2:	69 07       	cpc	r22, r25
     5d4:	90 e4       	ldi	r25, 0x40	; 64
     5d6:	79 07       	cpc	r23, r25
     5d8:	60 f3       	brcs	.-40     	; 0x5b2 <__stack+0x153>
     5da:	2b 8f       	std	Y+27, r18	; 0x1b
     5dc:	3c 8f       	std	Y+28, r19	; 0x1c
     5de:	db 01       	movw	r26, r22
     5e0:	ca 01       	movw	r24, r20
     5e2:	8f 77       	andi	r24, 0x7F	; 127
     5e4:	90 70       	andi	r25, 0x00	; 0
     5e6:	a0 70       	andi	r26, 0x00	; 0
     5e8:	b0 70       	andi	r27, 0x00	; 0
     5ea:	80 34       	cpi	r24, 0x40	; 64
     5ec:	91 05       	cpc	r25, r1
     5ee:	a1 05       	cpc	r26, r1
     5f0:	b1 05       	cpc	r27, r1
     5f2:	61 f4       	brne	.+24     	; 0x60c <__stack+0x1ad>
     5f4:	47 fd       	sbrc	r20, 7
     5f6:	0a c0       	rjmp	.+20     	; 0x60c <__stack+0x1ad>
     5f8:	e1 14       	cp	r14, r1
     5fa:	f1 04       	cpc	r15, r1
     5fc:	01 05       	cpc	r16, r1
     5fe:	11 05       	cpc	r17, r1
     600:	29 f0       	breq	.+10     	; 0x60c <__stack+0x1ad>
     602:	40 5c       	subi	r20, 0xC0	; 192
     604:	5f 4f       	sbci	r21, 0xFF	; 255
     606:	6f 4f       	sbci	r22, 0xFF	; 255
     608:	7f 4f       	sbci	r23, 0xFF	; 255
     60a:	40 78       	andi	r20, 0x80	; 128
     60c:	1a 8e       	std	Y+26, r1	; 0x1a
     60e:	fe 17       	cp	r31, r30
     610:	11 f0       	breq	.+4      	; 0x616 <__stack+0x1b7>
     612:	81 e0       	ldi	r24, 0x01	; 1
     614:	8a 8f       	std	Y+26, r24	; 0x1a
     616:	4d 8f       	std	Y+29, r20	; 0x1d
     618:	5e 8f       	std	Y+30, r21	; 0x1e
     61a:	6f 8f       	std	Y+31, r22	; 0x1f
     61c:	78 a3       	std	Y+32, r23	; 0x20
     61e:	83 e0       	ldi	r24, 0x03	; 3
     620:	89 8f       	std	Y+25, r24	; 0x19
     622:	ce 01       	movw	r24, r28
     624:	49 96       	adiw	r24, 0x19	; 25
     626:	0e 94 fd 03 	call	0x7fa	; 0x7fa <__pack_f>
     62a:	a0 96       	adiw	r28, 0x20	; 32
     62c:	e2 e1       	ldi	r30, 0x12	; 18
     62e:	0c 94 bb 14 	jmp	0x2976	; 0x2976 <__epilogue_restores__>

00000632 <__gtsf2>:
     632:	a8 e1       	ldi	r26, 0x18	; 24
     634:	b0 e0       	ldi	r27, 0x00	; 0
     636:	ef e1       	ldi	r30, 0x1F	; 31
     638:	f3 e0       	ldi	r31, 0x03	; 3
     63a:	0c 94 ab 14 	jmp	0x2956	; 0x2956 <__prologue_saves__+0x18>
     63e:	69 83       	std	Y+1, r22	; 0x01
     640:	7a 83       	std	Y+2, r23	; 0x02
     642:	8b 83       	std	Y+3, r24	; 0x03
     644:	9c 83       	std	Y+4, r25	; 0x04
     646:	2d 83       	std	Y+5, r18	; 0x05
     648:	3e 83       	std	Y+6, r19	; 0x06
     64a:	4f 83       	std	Y+7, r20	; 0x07
     64c:	58 87       	std	Y+8, r21	; 0x08
     64e:	89 e0       	ldi	r24, 0x09	; 9
     650:	e8 2e       	mov	r14, r24
     652:	f1 2c       	mov	r15, r1
     654:	ec 0e       	add	r14, r28
     656:	fd 1e       	adc	r15, r29
     658:	ce 01       	movw	r24, r28
     65a:	01 96       	adiw	r24, 0x01	; 1
     65c:	b7 01       	movw	r22, r14
     65e:	0e 94 d2 04 	call	0x9a4	; 0x9a4 <__unpack_f>
     662:	8e 01       	movw	r16, r28
     664:	0f 5e       	subi	r16, 0xEF	; 239
     666:	1f 4f       	sbci	r17, 0xFF	; 255
     668:	ce 01       	movw	r24, r28
     66a:	05 96       	adiw	r24, 0x05	; 5
     66c:	b8 01       	movw	r22, r16
     66e:	0e 94 d2 04 	call	0x9a4	; 0x9a4 <__unpack_f>
     672:	89 85       	ldd	r24, Y+9	; 0x09
     674:	82 30       	cpi	r24, 0x02	; 2
     676:	40 f0       	brcs	.+16     	; 0x688 <__gtsf2+0x56>
     678:	89 89       	ldd	r24, Y+17	; 0x11
     67a:	82 30       	cpi	r24, 0x02	; 2
     67c:	28 f0       	brcs	.+10     	; 0x688 <__gtsf2+0x56>
     67e:	c7 01       	movw	r24, r14
     680:	b8 01       	movw	r22, r16
     682:	0e 94 4a 05 	call	0xa94	; 0xa94 <__fpcmp_parts_f>
     686:	01 c0       	rjmp	.+2      	; 0x68a <__gtsf2+0x58>
     688:	8f ef       	ldi	r24, 0xFF	; 255
     68a:	68 96       	adiw	r28, 0x18	; 24
     68c:	e6 e0       	ldi	r30, 0x06	; 6
     68e:	0c 94 c7 14 	jmp	0x298e	; 0x298e <__epilogue_restores__+0x18>

00000692 <__gesf2>:
     692:	a8 e1       	ldi	r26, 0x18	; 24
     694:	b0 e0       	ldi	r27, 0x00	; 0
     696:	ef e4       	ldi	r30, 0x4F	; 79
     698:	f3 e0       	ldi	r31, 0x03	; 3
     69a:	0c 94 ab 14 	jmp	0x2956	; 0x2956 <__prologue_saves__+0x18>
     69e:	69 83       	std	Y+1, r22	; 0x01
     6a0:	7a 83       	std	Y+2, r23	; 0x02
     6a2:	8b 83       	std	Y+3, r24	; 0x03
     6a4:	9c 83       	std	Y+4, r25	; 0x04
     6a6:	2d 83       	std	Y+5, r18	; 0x05
     6a8:	3e 83       	std	Y+6, r19	; 0x06
     6aa:	4f 83       	std	Y+7, r20	; 0x07
     6ac:	58 87       	std	Y+8, r21	; 0x08
     6ae:	89 e0       	ldi	r24, 0x09	; 9
     6b0:	e8 2e       	mov	r14, r24
     6b2:	f1 2c       	mov	r15, r1
     6b4:	ec 0e       	add	r14, r28
     6b6:	fd 1e       	adc	r15, r29
     6b8:	ce 01       	movw	r24, r28
     6ba:	01 96       	adiw	r24, 0x01	; 1
     6bc:	b7 01       	movw	r22, r14
     6be:	0e 94 d2 04 	call	0x9a4	; 0x9a4 <__unpack_f>
     6c2:	8e 01       	movw	r16, r28
     6c4:	0f 5e       	subi	r16, 0xEF	; 239
     6c6:	1f 4f       	sbci	r17, 0xFF	; 255
     6c8:	ce 01       	movw	r24, r28
     6ca:	05 96       	adiw	r24, 0x05	; 5
     6cc:	b8 01       	movw	r22, r16
     6ce:	0e 94 d2 04 	call	0x9a4	; 0x9a4 <__unpack_f>
     6d2:	89 85       	ldd	r24, Y+9	; 0x09
     6d4:	82 30       	cpi	r24, 0x02	; 2
     6d6:	40 f0       	brcs	.+16     	; 0x6e8 <__gesf2+0x56>
     6d8:	89 89       	ldd	r24, Y+17	; 0x11
     6da:	82 30       	cpi	r24, 0x02	; 2
     6dc:	28 f0       	brcs	.+10     	; 0x6e8 <__gesf2+0x56>
     6de:	c7 01       	movw	r24, r14
     6e0:	b8 01       	movw	r22, r16
     6e2:	0e 94 4a 05 	call	0xa94	; 0xa94 <__fpcmp_parts_f>
     6e6:	01 c0       	rjmp	.+2      	; 0x6ea <__gesf2+0x58>
     6e8:	8f ef       	ldi	r24, 0xFF	; 255
     6ea:	68 96       	adiw	r28, 0x18	; 24
     6ec:	e6 e0       	ldi	r30, 0x06	; 6
     6ee:	0c 94 c7 14 	jmp	0x298e	; 0x298e <__epilogue_restores__+0x18>

000006f2 <__ltsf2>:
     6f2:	a8 e1       	ldi	r26, 0x18	; 24
     6f4:	b0 e0       	ldi	r27, 0x00	; 0
     6f6:	ef e7       	ldi	r30, 0x7F	; 127
     6f8:	f3 e0       	ldi	r31, 0x03	; 3
     6fa:	0c 94 ab 14 	jmp	0x2956	; 0x2956 <__prologue_saves__+0x18>
     6fe:	69 83       	std	Y+1, r22	; 0x01
     700:	7a 83       	std	Y+2, r23	; 0x02
     702:	8b 83       	std	Y+3, r24	; 0x03
     704:	9c 83       	std	Y+4, r25	; 0x04
     706:	2d 83       	std	Y+5, r18	; 0x05
     708:	3e 83       	std	Y+6, r19	; 0x06
     70a:	4f 83       	std	Y+7, r20	; 0x07
     70c:	58 87       	std	Y+8, r21	; 0x08
     70e:	89 e0       	ldi	r24, 0x09	; 9
     710:	e8 2e       	mov	r14, r24
     712:	f1 2c       	mov	r15, r1
     714:	ec 0e       	add	r14, r28
     716:	fd 1e       	adc	r15, r29
     718:	ce 01       	movw	r24, r28
     71a:	01 96       	adiw	r24, 0x01	; 1
     71c:	b7 01       	movw	r22, r14
     71e:	0e 94 d2 04 	call	0x9a4	; 0x9a4 <__unpack_f>
     722:	8e 01       	movw	r16, r28
     724:	0f 5e       	subi	r16, 0xEF	; 239
     726:	1f 4f       	sbci	r17, 0xFF	; 255
     728:	ce 01       	movw	r24, r28
     72a:	05 96       	adiw	r24, 0x05	; 5
     72c:	b8 01       	movw	r22, r16
     72e:	0e 94 d2 04 	call	0x9a4	; 0x9a4 <__unpack_f>
     732:	89 85       	ldd	r24, Y+9	; 0x09
     734:	82 30       	cpi	r24, 0x02	; 2
     736:	40 f0       	brcs	.+16     	; 0x748 <__ltsf2+0x56>
     738:	89 89       	ldd	r24, Y+17	; 0x11
     73a:	82 30       	cpi	r24, 0x02	; 2
     73c:	28 f0       	brcs	.+10     	; 0x748 <__ltsf2+0x56>
     73e:	c7 01       	movw	r24, r14
     740:	b8 01       	movw	r22, r16
     742:	0e 94 4a 05 	call	0xa94	; 0xa94 <__fpcmp_parts_f>
     746:	01 c0       	rjmp	.+2      	; 0x74a <__ltsf2+0x58>
     748:	81 e0       	ldi	r24, 0x01	; 1
     74a:	68 96       	adiw	r28, 0x18	; 24
     74c:	e6 e0       	ldi	r30, 0x06	; 6
     74e:	0c 94 c7 14 	jmp	0x298e	; 0x298e <__epilogue_restores__+0x18>

00000752 <__fixsfsi>:
     752:	ac e0       	ldi	r26, 0x0C	; 12
     754:	b0 e0       	ldi	r27, 0x00	; 0
     756:	ef ea       	ldi	r30, 0xAF	; 175
     758:	f3 e0       	ldi	r31, 0x03	; 3
     75a:	0c 94 af 14 	jmp	0x295e	; 0x295e <__prologue_saves__+0x20>
     75e:	69 83       	std	Y+1, r22	; 0x01
     760:	7a 83       	std	Y+2, r23	; 0x02
     762:	8b 83       	std	Y+3, r24	; 0x03
     764:	9c 83       	std	Y+4, r25	; 0x04
     766:	ce 01       	movw	r24, r28
     768:	01 96       	adiw	r24, 0x01	; 1
     76a:	be 01       	movw	r22, r28
     76c:	6b 5f       	subi	r22, 0xFB	; 251
     76e:	7f 4f       	sbci	r23, 0xFF	; 255
     770:	0e 94 d2 04 	call	0x9a4	; 0x9a4 <__unpack_f>
     774:	8d 81       	ldd	r24, Y+5	; 0x05
     776:	82 30       	cpi	r24, 0x02	; 2
     778:	61 f1       	breq	.+88     	; 0x7d2 <__fixsfsi+0x80>
     77a:	82 30       	cpi	r24, 0x02	; 2
     77c:	50 f1       	brcs	.+84     	; 0x7d2 <__fixsfsi+0x80>
     77e:	84 30       	cpi	r24, 0x04	; 4
     780:	21 f4       	brne	.+8      	; 0x78a <__fixsfsi+0x38>
     782:	8e 81       	ldd	r24, Y+6	; 0x06
     784:	88 23       	and	r24, r24
     786:	51 f1       	breq	.+84     	; 0x7dc <__fixsfsi+0x8a>
     788:	2e c0       	rjmp	.+92     	; 0x7e6 <__fixsfsi+0x94>
     78a:	2f 81       	ldd	r18, Y+7	; 0x07
     78c:	38 85       	ldd	r19, Y+8	; 0x08
     78e:	37 fd       	sbrc	r19, 7
     790:	20 c0       	rjmp	.+64     	; 0x7d2 <__fixsfsi+0x80>
     792:	6e 81       	ldd	r22, Y+6	; 0x06
     794:	2f 31       	cpi	r18, 0x1F	; 31
     796:	31 05       	cpc	r19, r1
     798:	1c f0       	brlt	.+6      	; 0x7a0 <__fixsfsi+0x4e>
     79a:	66 23       	and	r22, r22
     79c:	f9 f0       	breq	.+62     	; 0x7dc <__fixsfsi+0x8a>
     79e:	23 c0       	rjmp	.+70     	; 0x7e6 <__fixsfsi+0x94>
     7a0:	8e e1       	ldi	r24, 0x1E	; 30
     7a2:	90 e0       	ldi	r25, 0x00	; 0
     7a4:	82 1b       	sub	r24, r18
     7a6:	93 0b       	sbc	r25, r19
     7a8:	29 85       	ldd	r18, Y+9	; 0x09
     7aa:	3a 85       	ldd	r19, Y+10	; 0x0a
     7ac:	4b 85       	ldd	r20, Y+11	; 0x0b
     7ae:	5c 85       	ldd	r21, Y+12	; 0x0c
     7b0:	04 c0       	rjmp	.+8      	; 0x7ba <__fixsfsi+0x68>
     7b2:	56 95       	lsr	r21
     7b4:	47 95       	ror	r20
     7b6:	37 95       	ror	r19
     7b8:	27 95       	ror	r18
     7ba:	8a 95       	dec	r24
     7bc:	d2 f7       	brpl	.-12     	; 0x7b2 <__fixsfsi+0x60>
     7be:	66 23       	and	r22, r22
     7c0:	b1 f0       	breq	.+44     	; 0x7ee <__fixsfsi+0x9c>
     7c2:	50 95       	com	r21
     7c4:	40 95       	com	r20
     7c6:	30 95       	com	r19
     7c8:	21 95       	neg	r18
     7ca:	3f 4f       	sbci	r19, 0xFF	; 255
     7cc:	4f 4f       	sbci	r20, 0xFF	; 255
     7ce:	5f 4f       	sbci	r21, 0xFF	; 255
     7d0:	0e c0       	rjmp	.+28     	; 0x7ee <__fixsfsi+0x9c>
     7d2:	20 e0       	ldi	r18, 0x00	; 0
     7d4:	30 e0       	ldi	r19, 0x00	; 0
     7d6:	40 e0       	ldi	r20, 0x00	; 0
     7d8:	50 e0       	ldi	r21, 0x00	; 0
     7da:	09 c0       	rjmp	.+18     	; 0x7ee <__fixsfsi+0x9c>
     7dc:	2f ef       	ldi	r18, 0xFF	; 255
     7de:	3f ef       	ldi	r19, 0xFF	; 255
     7e0:	4f ef       	ldi	r20, 0xFF	; 255
     7e2:	5f e7       	ldi	r21, 0x7F	; 127
     7e4:	04 c0       	rjmp	.+8      	; 0x7ee <__fixsfsi+0x9c>
     7e6:	20 e0       	ldi	r18, 0x00	; 0
     7e8:	30 e0       	ldi	r19, 0x00	; 0
     7ea:	40 e0       	ldi	r20, 0x00	; 0
     7ec:	50 e8       	ldi	r21, 0x80	; 128
     7ee:	b9 01       	movw	r22, r18
     7f0:	ca 01       	movw	r24, r20
     7f2:	2c 96       	adiw	r28, 0x0c	; 12
     7f4:	e2 e0       	ldi	r30, 0x02	; 2
     7f6:	0c 94 cb 14 	jmp	0x2996	; 0x2996 <__epilogue_restores__+0x20>

000007fa <__pack_f>:
     7fa:	df 92       	push	r13
     7fc:	ef 92       	push	r14
     7fe:	ff 92       	push	r15
     800:	0f 93       	push	r16
     802:	1f 93       	push	r17
     804:	fc 01       	movw	r30, r24
     806:	e4 80       	ldd	r14, Z+4	; 0x04
     808:	f5 80       	ldd	r15, Z+5	; 0x05
     80a:	06 81       	ldd	r16, Z+6	; 0x06
     80c:	17 81       	ldd	r17, Z+7	; 0x07
     80e:	d1 80       	ldd	r13, Z+1	; 0x01
     810:	80 81       	ld	r24, Z
     812:	82 30       	cpi	r24, 0x02	; 2
     814:	48 f4       	brcc	.+18     	; 0x828 <__pack_f+0x2e>
     816:	80 e0       	ldi	r24, 0x00	; 0
     818:	90 e0       	ldi	r25, 0x00	; 0
     81a:	a0 e1       	ldi	r26, 0x10	; 16
     81c:	b0 e0       	ldi	r27, 0x00	; 0
     81e:	e8 2a       	or	r14, r24
     820:	f9 2a       	or	r15, r25
     822:	0a 2b       	or	r16, r26
     824:	1b 2b       	or	r17, r27
     826:	a5 c0       	rjmp	.+330    	; 0x972 <__pack_f+0x178>
     828:	84 30       	cpi	r24, 0x04	; 4
     82a:	09 f4       	brne	.+2      	; 0x82e <__pack_f+0x34>
     82c:	9f c0       	rjmp	.+318    	; 0x96c <__pack_f+0x172>
     82e:	82 30       	cpi	r24, 0x02	; 2
     830:	21 f4       	brne	.+8      	; 0x83a <__pack_f+0x40>
     832:	ee 24       	eor	r14, r14
     834:	ff 24       	eor	r15, r15
     836:	87 01       	movw	r16, r14
     838:	05 c0       	rjmp	.+10     	; 0x844 <__pack_f+0x4a>
     83a:	e1 14       	cp	r14, r1
     83c:	f1 04       	cpc	r15, r1
     83e:	01 05       	cpc	r16, r1
     840:	11 05       	cpc	r17, r1
     842:	19 f4       	brne	.+6      	; 0x84a <__pack_f+0x50>
     844:	e0 e0       	ldi	r30, 0x00	; 0
     846:	f0 e0       	ldi	r31, 0x00	; 0
     848:	96 c0       	rjmp	.+300    	; 0x976 <__pack_f+0x17c>
     84a:	62 81       	ldd	r22, Z+2	; 0x02
     84c:	73 81       	ldd	r23, Z+3	; 0x03
     84e:	9f ef       	ldi	r25, 0xFF	; 255
     850:	62 38       	cpi	r22, 0x82	; 130
     852:	79 07       	cpc	r23, r25
     854:	0c f0       	brlt	.+2      	; 0x858 <__pack_f+0x5e>
     856:	5b c0       	rjmp	.+182    	; 0x90e <__pack_f+0x114>
     858:	22 e8       	ldi	r18, 0x82	; 130
     85a:	3f ef       	ldi	r19, 0xFF	; 255
     85c:	26 1b       	sub	r18, r22
     85e:	37 0b       	sbc	r19, r23
     860:	2a 31       	cpi	r18, 0x1A	; 26
     862:	31 05       	cpc	r19, r1
     864:	2c f0       	brlt	.+10     	; 0x870 <__pack_f+0x76>
     866:	20 e0       	ldi	r18, 0x00	; 0
     868:	30 e0       	ldi	r19, 0x00	; 0
     86a:	40 e0       	ldi	r20, 0x00	; 0
     86c:	50 e0       	ldi	r21, 0x00	; 0
     86e:	2a c0       	rjmp	.+84     	; 0x8c4 <__pack_f+0xca>
     870:	b8 01       	movw	r22, r16
     872:	a7 01       	movw	r20, r14
     874:	02 2e       	mov	r0, r18
     876:	04 c0       	rjmp	.+8      	; 0x880 <__pack_f+0x86>
     878:	76 95       	lsr	r23
     87a:	67 95       	ror	r22
     87c:	57 95       	ror	r21
     87e:	47 95       	ror	r20
     880:	0a 94       	dec	r0
     882:	d2 f7       	brpl	.-12     	; 0x878 <__pack_f+0x7e>
     884:	81 e0       	ldi	r24, 0x01	; 1
     886:	90 e0       	ldi	r25, 0x00	; 0
     888:	a0 e0       	ldi	r26, 0x00	; 0
     88a:	b0 e0       	ldi	r27, 0x00	; 0
     88c:	04 c0       	rjmp	.+8      	; 0x896 <__pack_f+0x9c>
     88e:	88 0f       	add	r24, r24
     890:	99 1f       	adc	r25, r25
     892:	aa 1f       	adc	r26, r26
     894:	bb 1f       	adc	r27, r27
     896:	2a 95       	dec	r18
     898:	d2 f7       	brpl	.-12     	; 0x88e <__pack_f+0x94>
     89a:	01 97       	sbiw	r24, 0x01	; 1
     89c:	a1 09       	sbc	r26, r1
     89e:	b1 09       	sbc	r27, r1
     8a0:	8e 21       	and	r24, r14
     8a2:	9f 21       	and	r25, r15
     8a4:	a0 23       	and	r26, r16
     8a6:	b1 23       	and	r27, r17
     8a8:	00 97       	sbiw	r24, 0x00	; 0
     8aa:	a1 05       	cpc	r26, r1
     8ac:	b1 05       	cpc	r27, r1
     8ae:	21 f0       	breq	.+8      	; 0x8b8 <__pack_f+0xbe>
     8b0:	81 e0       	ldi	r24, 0x01	; 1
     8b2:	90 e0       	ldi	r25, 0x00	; 0
     8b4:	a0 e0       	ldi	r26, 0x00	; 0
     8b6:	b0 e0       	ldi	r27, 0x00	; 0
     8b8:	9a 01       	movw	r18, r20
     8ba:	ab 01       	movw	r20, r22
     8bc:	28 2b       	or	r18, r24
     8be:	39 2b       	or	r19, r25
     8c0:	4a 2b       	or	r20, r26
     8c2:	5b 2b       	or	r21, r27
     8c4:	da 01       	movw	r26, r20
     8c6:	c9 01       	movw	r24, r18
     8c8:	8f 77       	andi	r24, 0x7F	; 127
     8ca:	90 70       	andi	r25, 0x00	; 0
     8cc:	a0 70       	andi	r26, 0x00	; 0
     8ce:	b0 70       	andi	r27, 0x00	; 0
     8d0:	80 34       	cpi	r24, 0x40	; 64
     8d2:	91 05       	cpc	r25, r1
     8d4:	a1 05       	cpc	r26, r1
     8d6:	b1 05       	cpc	r27, r1
     8d8:	39 f4       	brne	.+14     	; 0x8e8 <__pack_f+0xee>
     8da:	27 ff       	sbrs	r18, 7
     8dc:	09 c0       	rjmp	.+18     	; 0x8f0 <__pack_f+0xf6>
     8de:	20 5c       	subi	r18, 0xC0	; 192
     8e0:	3f 4f       	sbci	r19, 0xFF	; 255
     8e2:	4f 4f       	sbci	r20, 0xFF	; 255
     8e4:	5f 4f       	sbci	r21, 0xFF	; 255
     8e6:	04 c0       	rjmp	.+8      	; 0x8f0 <__pack_f+0xf6>
     8e8:	21 5c       	subi	r18, 0xC1	; 193
     8ea:	3f 4f       	sbci	r19, 0xFF	; 255
     8ec:	4f 4f       	sbci	r20, 0xFF	; 255
     8ee:	5f 4f       	sbci	r21, 0xFF	; 255
     8f0:	e0 e0       	ldi	r30, 0x00	; 0
     8f2:	f0 e0       	ldi	r31, 0x00	; 0
     8f4:	20 30       	cpi	r18, 0x00	; 0
     8f6:	a0 e0       	ldi	r26, 0x00	; 0
     8f8:	3a 07       	cpc	r19, r26
     8fa:	a0 e0       	ldi	r26, 0x00	; 0
     8fc:	4a 07       	cpc	r20, r26
     8fe:	a0 e4       	ldi	r26, 0x40	; 64
     900:	5a 07       	cpc	r21, r26
     902:	10 f0       	brcs	.+4      	; 0x908 <__pack_f+0x10e>
     904:	e1 e0       	ldi	r30, 0x01	; 1
     906:	f0 e0       	ldi	r31, 0x00	; 0
     908:	79 01       	movw	r14, r18
     90a:	8a 01       	movw	r16, r20
     90c:	27 c0       	rjmp	.+78     	; 0x95c <__pack_f+0x162>
     90e:	60 38       	cpi	r22, 0x80	; 128
     910:	71 05       	cpc	r23, r1
     912:	64 f5       	brge	.+88     	; 0x96c <__pack_f+0x172>
     914:	fb 01       	movw	r30, r22
     916:	e1 58       	subi	r30, 0x81	; 129
     918:	ff 4f       	sbci	r31, 0xFF	; 255
     91a:	d8 01       	movw	r26, r16
     91c:	c7 01       	movw	r24, r14
     91e:	8f 77       	andi	r24, 0x7F	; 127
     920:	90 70       	andi	r25, 0x00	; 0
     922:	a0 70       	andi	r26, 0x00	; 0
     924:	b0 70       	andi	r27, 0x00	; 0
     926:	80 34       	cpi	r24, 0x40	; 64
     928:	91 05       	cpc	r25, r1
     92a:	a1 05       	cpc	r26, r1
     92c:	b1 05       	cpc	r27, r1
     92e:	39 f4       	brne	.+14     	; 0x93e <__pack_f+0x144>
     930:	e7 fe       	sbrs	r14, 7
     932:	0d c0       	rjmp	.+26     	; 0x94e <__pack_f+0x154>
     934:	80 e4       	ldi	r24, 0x40	; 64
     936:	90 e0       	ldi	r25, 0x00	; 0
     938:	a0 e0       	ldi	r26, 0x00	; 0
     93a:	b0 e0       	ldi	r27, 0x00	; 0
     93c:	04 c0       	rjmp	.+8      	; 0x946 <__pack_f+0x14c>
     93e:	8f e3       	ldi	r24, 0x3F	; 63
     940:	90 e0       	ldi	r25, 0x00	; 0
     942:	a0 e0       	ldi	r26, 0x00	; 0
     944:	b0 e0       	ldi	r27, 0x00	; 0
     946:	e8 0e       	add	r14, r24
     948:	f9 1e       	adc	r15, r25
     94a:	0a 1f       	adc	r16, r26
     94c:	1b 1f       	adc	r17, r27
     94e:	17 ff       	sbrs	r17, 7
     950:	05 c0       	rjmp	.+10     	; 0x95c <__pack_f+0x162>
     952:	16 95       	lsr	r17
     954:	07 95       	ror	r16
     956:	f7 94       	ror	r15
     958:	e7 94       	ror	r14
     95a:	31 96       	adiw	r30, 0x01	; 1
     95c:	87 e0       	ldi	r24, 0x07	; 7
     95e:	16 95       	lsr	r17
     960:	07 95       	ror	r16
     962:	f7 94       	ror	r15
     964:	e7 94       	ror	r14
     966:	8a 95       	dec	r24
     968:	d1 f7       	brne	.-12     	; 0x95e <__pack_f+0x164>
     96a:	05 c0       	rjmp	.+10     	; 0x976 <__pack_f+0x17c>
     96c:	ee 24       	eor	r14, r14
     96e:	ff 24       	eor	r15, r15
     970:	87 01       	movw	r16, r14
     972:	ef ef       	ldi	r30, 0xFF	; 255
     974:	f0 e0       	ldi	r31, 0x00	; 0
     976:	6e 2f       	mov	r22, r30
     978:	67 95       	ror	r22
     97a:	66 27       	eor	r22, r22
     97c:	67 95       	ror	r22
     97e:	90 2f       	mov	r25, r16
     980:	9f 77       	andi	r25, 0x7F	; 127
     982:	d7 94       	ror	r13
     984:	dd 24       	eor	r13, r13
     986:	d7 94       	ror	r13
     988:	8e 2f       	mov	r24, r30
     98a:	86 95       	lsr	r24
     98c:	49 2f       	mov	r20, r25
     98e:	46 2b       	or	r20, r22
     990:	58 2f       	mov	r21, r24
     992:	5d 29       	or	r21, r13
     994:	b7 01       	movw	r22, r14
     996:	ca 01       	movw	r24, r20
     998:	1f 91       	pop	r17
     99a:	0f 91       	pop	r16
     99c:	ff 90       	pop	r15
     99e:	ef 90       	pop	r14
     9a0:	df 90       	pop	r13
     9a2:	08 95       	ret

000009a4 <__unpack_f>:
     9a4:	fc 01       	movw	r30, r24
     9a6:	db 01       	movw	r26, r22
     9a8:	40 81       	ld	r20, Z
     9aa:	51 81       	ldd	r21, Z+1	; 0x01
     9ac:	22 81       	ldd	r18, Z+2	; 0x02
     9ae:	62 2f       	mov	r22, r18
     9b0:	6f 77       	andi	r22, 0x7F	; 127
     9b2:	70 e0       	ldi	r23, 0x00	; 0
     9b4:	22 1f       	adc	r18, r18
     9b6:	22 27       	eor	r18, r18
     9b8:	22 1f       	adc	r18, r18
     9ba:	93 81       	ldd	r25, Z+3	; 0x03
     9bc:	89 2f       	mov	r24, r25
     9be:	88 0f       	add	r24, r24
     9c0:	82 2b       	or	r24, r18
     9c2:	28 2f       	mov	r18, r24
     9c4:	30 e0       	ldi	r19, 0x00	; 0
     9c6:	99 1f       	adc	r25, r25
     9c8:	99 27       	eor	r25, r25
     9ca:	99 1f       	adc	r25, r25
     9cc:	11 96       	adiw	r26, 0x01	; 1
     9ce:	9c 93       	st	X, r25
     9d0:	11 97       	sbiw	r26, 0x01	; 1
     9d2:	21 15       	cp	r18, r1
     9d4:	31 05       	cpc	r19, r1
     9d6:	a9 f5       	brne	.+106    	; 0xa42 <__unpack_f+0x9e>
     9d8:	41 15       	cp	r20, r1
     9da:	51 05       	cpc	r21, r1
     9dc:	61 05       	cpc	r22, r1
     9de:	71 05       	cpc	r23, r1
     9e0:	11 f4       	brne	.+4      	; 0x9e6 <__unpack_f+0x42>
     9e2:	82 e0       	ldi	r24, 0x02	; 2
     9e4:	37 c0       	rjmp	.+110    	; 0xa54 <__unpack_f+0xb0>
     9e6:	82 e8       	ldi	r24, 0x82	; 130
     9e8:	9f ef       	ldi	r25, 0xFF	; 255
     9ea:	13 96       	adiw	r26, 0x03	; 3
     9ec:	9c 93       	st	X, r25
     9ee:	8e 93       	st	-X, r24
     9f0:	12 97       	sbiw	r26, 0x02	; 2
     9f2:	9a 01       	movw	r18, r20
     9f4:	ab 01       	movw	r20, r22
     9f6:	67 e0       	ldi	r22, 0x07	; 7
     9f8:	22 0f       	add	r18, r18
     9fa:	33 1f       	adc	r19, r19
     9fc:	44 1f       	adc	r20, r20
     9fe:	55 1f       	adc	r21, r21
     a00:	6a 95       	dec	r22
     a02:	d1 f7       	brne	.-12     	; 0x9f8 <__unpack_f+0x54>
     a04:	83 e0       	ldi	r24, 0x03	; 3
     a06:	8c 93       	st	X, r24
     a08:	0d c0       	rjmp	.+26     	; 0xa24 <__unpack_f+0x80>
     a0a:	22 0f       	add	r18, r18
     a0c:	33 1f       	adc	r19, r19
     a0e:	44 1f       	adc	r20, r20
     a10:	55 1f       	adc	r21, r21
     a12:	12 96       	adiw	r26, 0x02	; 2
     a14:	8d 91       	ld	r24, X+
     a16:	9c 91       	ld	r25, X
     a18:	13 97       	sbiw	r26, 0x03	; 3
     a1a:	01 97       	sbiw	r24, 0x01	; 1
     a1c:	13 96       	adiw	r26, 0x03	; 3
     a1e:	9c 93       	st	X, r25
     a20:	8e 93       	st	-X, r24
     a22:	12 97       	sbiw	r26, 0x02	; 2
     a24:	20 30       	cpi	r18, 0x00	; 0
     a26:	80 e0       	ldi	r24, 0x00	; 0
     a28:	38 07       	cpc	r19, r24
     a2a:	80 e0       	ldi	r24, 0x00	; 0
     a2c:	48 07       	cpc	r20, r24
     a2e:	80 e4       	ldi	r24, 0x40	; 64
     a30:	58 07       	cpc	r21, r24
     a32:	58 f3       	brcs	.-42     	; 0xa0a <__unpack_f+0x66>
     a34:	14 96       	adiw	r26, 0x04	; 4
     a36:	2d 93       	st	X+, r18
     a38:	3d 93       	st	X+, r19
     a3a:	4d 93       	st	X+, r20
     a3c:	5c 93       	st	X, r21
     a3e:	17 97       	sbiw	r26, 0x07	; 7
     a40:	08 95       	ret
     a42:	2f 3f       	cpi	r18, 0xFF	; 255
     a44:	31 05       	cpc	r19, r1
     a46:	79 f4       	brne	.+30     	; 0xa66 <__unpack_f+0xc2>
     a48:	41 15       	cp	r20, r1
     a4a:	51 05       	cpc	r21, r1
     a4c:	61 05       	cpc	r22, r1
     a4e:	71 05       	cpc	r23, r1
     a50:	19 f4       	brne	.+6      	; 0xa58 <__unpack_f+0xb4>
     a52:	84 e0       	ldi	r24, 0x04	; 4
     a54:	8c 93       	st	X, r24
     a56:	08 95       	ret
     a58:	64 ff       	sbrs	r22, 4
     a5a:	03 c0       	rjmp	.+6      	; 0xa62 <__unpack_f+0xbe>
     a5c:	81 e0       	ldi	r24, 0x01	; 1
     a5e:	8c 93       	st	X, r24
     a60:	12 c0       	rjmp	.+36     	; 0xa86 <__unpack_f+0xe2>
     a62:	1c 92       	st	X, r1
     a64:	10 c0       	rjmp	.+32     	; 0xa86 <__unpack_f+0xe2>
     a66:	2f 57       	subi	r18, 0x7F	; 127
     a68:	30 40       	sbci	r19, 0x00	; 0
     a6a:	13 96       	adiw	r26, 0x03	; 3
     a6c:	3c 93       	st	X, r19
     a6e:	2e 93       	st	-X, r18
     a70:	12 97       	sbiw	r26, 0x02	; 2
     a72:	83 e0       	ldi	r24, 0x03	; 3
     a74:	8c 93       	st	X, r24
     a76:	87 e0       	ldi	r24, 0x07	; 7
     a78:	44 0f       	add	r20, r20
     a7a:	55 1f       	adc	r21, r21
     a7c:	66 1f       	adc	r22, r22
     a7e:	77 1f       	adc	r23, r23
     a80:	8a 95       	dec	r24
     a82:	d1 f7       	brne	.-12     	; 0xa78 <__unpack_f+0xd4>
     a84:	70 64       	ori	r23, 0x40	; 64
     a86:	14 96       	adiw	r26, 0x04	; 4
     a88:	4d 93       	st	X+, r20
     a8a:	5d 93       	st	X+, r21
     a8c:	6d 93       	st	X+, r22
     a8e:	7c 93       	st	X, r23
     a90:	17 97       	sbiw	r26, 0x07	; 7
     a92:	08 95       	ret

00000a94 <__fpcmp_parts_f>:
     a94:	1f 93       	push	r17
     a96:	dc 01       	movw	r26, r24
     a98:	fb 01       	movw	r30, r22
     a9a:	9c 91       	ld	r25, X
     a9c:	92 30       	cpi	r25, 0x02	; 2
     a9e:	08 f4       	brcc	.+2      	; 0xaa2 <__fpcmp_parts_f+0xe>
     aa0:	47 c0       	rjmp	.+142    	; 0xb30 <__fpcmp_parts_f+0x9c>
     aa2:	80 81       	ld	r24, Z
     aa4:	82 30       	cpi	r24, 0x02	; 2
     aa6:	08 f4       	brcc	.+2      	; 0xaaa <__fpcmp_parts_f+0x16>
     aa8:	43 c0       	rjmp	.+134    	; 0xb30 <__fpcmp_parts_f+0x9c>
     aaa:	94 30       	cpi	r25, 0x04	; 4
     aac:	51 f4       	brne	.+20     	; 0xac2 <__fpcmp_parts_f+0x2e>
     aae:	11 96       	adiw	r26, 0x01	; 1
     ab0:	1c 91       	ld	r17, X
     ab2:	84 30       	cpi	r24, 0x04	; 4
     ab4:	99 f5       	brne	.+102    	; 0xb1c <__fpcmp_parts_f+0x88>
     ab6:	81 81       	ldd	r24, Z+1	; 0x01
     ab8:	68 2f       	mov	r22, r24
     aba:	70 e0       	ldi	r23, 0x00	; 0
     abc:	61 1b       	sub	r22, r17
     abe:	71 09       	sbc	r23, r1
     ac0:	3f c0       	rjmp	.+126    	; 0xb40 <__fpcmp_parts_f+0xac>
     ac2:	84 30       	cpi	r24, 0x04	; 4
     ac4:	21 f0       	breq	.+8      	; 0xace <__fpcmp_parts_f+0x3a>
     ac6:	92 30       	cpi	r25, 0x02	; 2
     ac8:	31 f4       	brne	.+12     	; 0xad6 <__fpcmp_parts_f+0x42>
     aca:	82 30       	cpi	r24, 0x02	; 2
     acc:	b9 f1       	breq	.+110    	; 0xb3c <__fpcmp_parts_f+0xa8>
     ace:	81 81       	ldd	r24, Z+1	; 0x01
     ad0:	88 23       	and	r24, r24
     ad2:	89 f1       	breq	.+98     	; 0xb36 <__fpcmp_parts_f+0xa2>
     ad4:	2d c0       	rjmp	.+90     	; 0xb30 <__fpcmp_parts_f+0x9c>
     ad6:	11 96       	adiw	r26, 0x01	; 1
     ad8:	1c 91       	ld	r17, X
     ada:	11 97       	sbiw	r26, 0x01	; 1
     adc:	82 30       	cpi	r24, 0x02	; 2
     ade:	f1 f0       	breq	.+60     	; 0xb1c <__fpcmp_parts_f+0x88>
     ae0:	81 81       	ldd	r24, Z+1	; 0x01
     ae2:	18 17       	cp	r17, r24
     ae4:	d9 f4       	brne	.+54     	; 0xb1c <__fpcmp_parts_f+0x88>
     ae6:	12 96       	adiw	r26, 0x02	; 2
     ae8:	2d 91       	ld	r18, X+
     aea:	3c 91       	ld	r19, X
     aec:	13 97       	sbiw	r26, 0x03	; 3
     aee:	82 81       	ldd	r24, Z+2	; 0x02
     af0:	93 81       	ldd	r25, Z+3	; 0x03
     af2:	82 17       	cp	r24, r18
     af4:	93 07       	cpc	r25, r19
     af6:	94 f0       	brlt	.+36     	; 0xb1c <__fpcmp_parts_f+0x88>
     af8:	28 17       	cp	r18, r24
     afa:	39 07       	cpc	r19, r25
     afc:	bc f0       	brlt	.+46     	; 0xb2c <__fpcmp_parts_f+0x98>
     afe:	14 96       	adiw	r26, 0x04	; 4
     b00:	8d 91       	ld	r24, X+
     b02:	9d 91       	ld	r25, X+
     b04:	0d 90       	ld	r0, X+
     b06:	bc 91       	ld	r27, X
     b08:	a0 2d       	mov	r26, r0
     b0a:	24 81       	ldd	r18, Z+4	; 0x04
     b0c:	35 81       	ldd	r19, Z+5	; 0x05
     b0e:	46 81       	ldd	r20, Z+6	; 0x06
     b10:	57 81       	ldd	r21, Z+7	; 0x07
     b12:	28 17       	cp	r18, r24
     b14:	39 07       	cpc	r19, r25
     b16:	4a 07       	cpc	r20, r26
     b18:	5b 07       	cpc	r21, r27
     b1a:	18 f4       	brcc	.+6      	; 0xb22 <__fpcmp_parts_f+0x8e>
     b1c:	11 23       	and	r17, r17
     b1e:	41 f0       	breq	.+16     	; 0xb30 <__fpcmp_parts_f+0x9c>
     b20:	0a c0       	rjmp	.+20     	; 0xb36 <__fpcmp_parts_f+0xa2>
     b22:	82 17       	cp	r24, r18
     b24:	93 07       	cpc	r25, r19
     b26:	a4 07       	cpc	r26, r20
     b28:	b5 07       	cpc	r27, r21
     b2a:	40 f4       	brcc	.+16     	; 0xb3c <__fpcmp_parts_f+0xa8>
     b2c:	11 23       	and	r17, r17
     b2e:	19 f0       	breq	.+6      	; 0xb36 <__fpcmp_parts_f+0xa2>
     b30:	61 e0       	ldi	r22, 0x01	; 1
     b32:	70 e0       	ldi	r23, 0x00	; 0
     b34:	05 c0       	rjmp	.+10     	; 0xb40 <__fpcmp_parts_f+0xac>
     b36:	6f ef       	ldi	r22, 0xFF	; 255
     b38:	7f ef       	ldi	r23, 0xFF	; 255
     b3a:	02 c0       	rjmp	.+4      	; 0xb40 <__fpcmp_parts_f+0xac>
     b3c:	60 e0       	ldi	r22, 0x00	; 0
     b3e:	70 e0       	ldi	r23, 0x00	; 0
     b40:	cb 01       	movw	r24, r22
     b42:	1f 91       	pop	r17
     b44:	08 95       	ret

00000b46 <main>:
void BUZZER_ON_MIN(void);
/*-_-_-_-_-_-_-_-_-_-_-_-_-_-_-_-_-_-_-_-_-_-_-_-_-_-_-_-_-_-_-_-_-_-_--_-_-_-__-_

                             FUNCTIONS DEFINATION
 -_-_-_-_-_-_-_-_-_-_-_-_-_-_-_-_-_-_-_-_-_-_-_-_-_-_-_-_-_-_-_-_-_--_-_-_-__-_-_*/
int main (void){
     b46:	0f 93       	push	r16
     b48:	1f 93       	push	r17
     b4a:	df 93       	push	r29
     b4c:	cf 93       	push	r28
     b4e:	cd b7       	in	r28, 0x3d	; 61
     b50:	de b7       	in	r29, 0x3e	; 62
     b52:	c8 58       	subi	r28, 0x88	; 136
     b54:	d0 40       	sbci	r29, 0x00	; 0
     b56:	0f b6       	in	r0, 0x3f	; 63
     b58:	f8 94       	cli
     b5a:	de bf       	out	0x3e, r29	; 62
     b5c:	0f be       	out	0x3f, r0	; 63
     b5e:	cd bf       	out	0x3d, r28	; 61
	SREG |= (1<<7); // Enable I-BIT
     b60:	af e5       	ldi	r26, 0x5F	; 95
     b62:	b0 e0       	ldi	r27, 0x00	; 0
     b64:	ef e5       	ldi	r30, 0x5F	; 95
     b66:	f0 e0       	ldi	r31, 0x00	; 0
     b68:	80 81       	ld	r24, Z
     b6a:	80 68       	ori	r24, 0x80	; 128
     b6c:	8c 93       	st	X, r24
	I2C_Config TWI_config = {1,400000}; // Configuration of I2C his address 1 , and his Bit rate 400,000 Kbs
     b6e:	ce 01       	movw	r24, r28
     b70:	8f 58       	subi	r24, 0x8F	; 143
     b72:	9f 4f       	sbci	r25, 0xFF	; 255
     b74:	c1 58       	subi	r28, 0x81	; 129
     b76:	df 4f       	sbci	r29, 0xFF	; 255
     b78:	99 83       	std	Y+1, r25	; 0x01
     b7a:	88 83       	st	Y, r24
     b7c:	cf 57       	subi	r28, 0x7F	; 127
     b7e:	d0 40       	sbci	r29, 0x00	; 0
     b80:	8e e6       	ldi	r24, 0x6E	; 110
     b82:	90 e0       	ldi	r25, 0x00	; 0
     b84:	cf 57       	subi	r28, 0x7F	; 127
     b86:	df 4f       	sbci	r29, 0xFF	; 255
     b88:	99 83       	std	Y+1, r25	; 0x01
     b8a:	88 83       	st	Y, r24
     b8c:	c1 58       	subi	r28, 0x81	; 129
     b8e:	d0 40       	sbci	r29, 0x00	; 0
     b90:	96 e0       	ldi	r25, 0x06	; 6
     b92:	cd 57       	subi	r28, 0x7D	; 125
     b94:	df 4f       	sbci	r29, 0xFF	; 255
     b96:	98 83       	st	Y, r25
     b98:	c3 58       	subi	r28, 0x83	; 131
     b9a:	d0 40       	sbci	r29, 0x00	; 0
     b9c:	cf 57       	subi	r28, 0x7F	; 127
     b9e:	df 4f       	sbci	r29, 0xFF	; 255
     ba0:	e8 81       	ld	r30, Y
     ba2:	f9 81       	ldd	r31, Y+1	; 0x01
     ba4:	c1 58       	subi	r28, 0x81	; 129
     ba6:	d0 40       	sbci	r29, 0x00	; 0
     ba8:	00 80       	ld	r0, Z
     baa:	cf 57       	subi	r28, 0x7F	; 127
     bac:	df 4f       	sbci	r29, 0xFF	; 255
     bae:	88 81       	ld	r24, Y
     bb0:	99 81       	ldd	r25, Y+1	; 0x01
     bb2:	c1 58       	subi	r28, 0x81	; 129
     bb4:	d0 40       	sbci	r29, 0x00	; 0
     bb6:	01 96       	adiw	r24, 0x01	; 1
     bb8:	cf 57       	subi	r28, 0x7F	; 127
     bba:	df 4f       	sbci	r29, 0xFF	; 255
     bbc:	99 83       	std	Y+1, r25	; 0x01
     bbe:	88 83       	st	Y, r24
     bc0:	c1 58       	subi	r28, 0x81	; 129
     bc2:	d0 40       	sbci	r29, 0x00	; 0
     bc4:	c1 58       	subi	r28, 0x81	; 129
     bc6:	df 4f       	sbci	r29, 0xFF	; 255
     bc8:	e8 81       	ld	r30, Y
     bca:	f9 81       	ldd	r31, Y+1	; 0x01
     bcc:	cf 57       	subi	r28, 0x7F	; 127
     bce:	d0 40       	sbci	r29, 0x00	; 0
     bd0:	00 82       	st	Z, r0
     bd2:	c1 58       	subi	r28, 0x81	; 129
     bd4:	df 4f       	sbci	r29, 0xFF	; 255
     bd6:	88 81       	ld	r24, Y
     bd8:	99 81       	ldd	r25, Y+1	; 0x01
     bda:	cf 57       	subi	r28, 0x7F	; 127
     bdc:	d0 40       	sbci	r29, 0x00	; 0
     bde:	01 96       	adiw	r24, 0x01	; 1
     be0:	c1 58       	subi	r28, 0x81	; 129
     be2:	df 4f       	sbci	r29, 0xFF	; 255
     be4:	99 83       	std	Y+1, r25	; 0x01
     be6:	88 83       	st	Y, r24
     be8:	cf 57       	subi	r28, 0x7F	; 127
     bea:	d0 40       	sbci	r29, 0x00	; 0
     bec:	cd 57       	subi	r28, 0x7D	; 125
     bee:	df 4f       	sbci	r29, 0xFF	; 255
     bf0:	98 81       	ld	r25, Y
     bf2:	c3 58       	subi	r28, 0x83	; 131
     bf4:	d0 40       	sbci	r29, 0x00	; 0
     bf6:	91 50       	subi	r25, 0x01	; 1
     bf8:	cd 57       	subi	r28, 0x7D	; 125
     bfa:	df 4f       	sbci	r29, 0xFF	; 255
     bfc:	98 83       	st	Y, r25
     bfe:	c3 58       	subi	r28, 0x83	; 131
     c00:	d0 40       	sbci	r29, 0x00	; 0
     c02:	cd 57       	subi	r28, 0x7D	; 125
     c04:	df 4f       	sbci	r29, 0xFF	; 255
     c06:	e8 81       	ld	r30, Y
     c08:	c3 58       	subi	r28, 0x83	; 131
     c0a:	d0 40       	sbci	r29, 0x00	; 0
     c0c:	ee 23       	and	r30, r30
     c0e:	31 f6       	brne	.-116    	; 0xb9c <main+0x56>
	/*
	 * This config of type Timer0_config  used to prescale the clock by dividing it by 1024 and selection of compare
	mode , Initializing the TCNT0 To count from zero , and compare value of 250
	 */
	Timer0_config config = {CLOCK_1024,CTC,0,250};
     c10:	ce 01       	movw	r24, r28
     c12:	89 58       	subi	r24, 0x89	; 137
     c14:	9f 4f       	sbci	r25, 0xFF	; 255
     c16:	cc 57       	subi	r28, 0x7C	; 124
     c18:	df 4f       	sbci	r29, 0xFF	; 255
     c1a:	99 83       	std	Y+1, r25	; 0x01
     c1c:	88 83       	st	Y, r24
     c1e:	c4 58       	subi	r28, 0x84	; 132
     c20:	d0 40       	sbci	r29, 0x00	; 0
     c22:	88 e6       	ldi	r24, 0x68	; 104
     c24:	90 e0       	ldi	r25, 0x00	; 0
     c26:	ca 57       	subi	r28, 0x7A	; 122
     c28:	df 4f       	sbci	r29, 0xFF	; 255
     c2a:	99 83       	std	Y+1, r25	; 0x01
     c2c:	88 83       	st	Y, r24
     c2e:	c6 58       	subi	r28, 0x86	; 134
     c30:	d0 40       	sbci	r29, 0x00	; 0
     c32:	96 e0       	ldi	r25, 0x06	; 6
     c34:	c8 57       	subi	r28, 0x78	; 120
     c36:	df 4f       	sbci	r29, 0xFF	; 255
     c38:	98 83       	st	Y, r25
     c3a:	c8 58       	subi	r28, 0x88	; 136
     c3c:	d0 40       	sbci	r29, 0x00	; 0
     c3e:	ca 57       	subi	r28, 0x7A	; 122
     c40:	df 4f       	sbci	r29, 0xFF	; 255
     c42:	e8 81       	ld	r30, Y
     c44:	f9 81       	ldd	r31, Y+1	; 0x01
     c46:	c6 58       	subi	r28, 0x86	; 134
     c48:	d0 40       	sbci	r29, 0x00	; 0
     c4a:	00 80       	ld	r0, Z
     c4c:	ca 57       	subi	r28, 0x7A	; 122
     c4e:	df 4f       	sbci	r29, 0xFF	; 255
     c50:	88 81       	ld	r24, Y
     c52:	99 81       	ldd	r25, Y+1	; 0x01
     c54:	c6 58       	subi	r28, 0x86	; 134
     c56:	d0 40       	sbci	r29, 0x00	; 0
     c58:	01 96       	adiw	r24, 0x01	; 1
     c5a:	ca 57       	subi	r28, 0x7A	; 122
     c5c:	df 4f       	sbci	r29, 0xFF	; 255
     c5e:	99 83       	std	Y+1, r25	; 0x01
     c60:	88 83       	st	Y, r24
     c62:	c6 58       	subi	r28, 0x86	; 134
     c64:	d0 40       	sbci	r29, 0x00	; 0
     c66:	cc 57       	subi	r28, 0x7C	; 124
     c68:	df 4f       	sbci	r29, 0xFF	; 255
     c6a:	e8 81       	ld	r30, Y
     c6c:	f9 81       	ldd	r31, Y+1	; 0x01
     c6e:	c4 58       	subi	r28, 0x84	; 132
     c70:	d0 40       	sbci	r29, 0x00	; 0
     c72:	00 82       	st	Z, r0
     c74:	cc 57       	subi	r28, 0x7C	; 124
     c76:	df 4f       	sbci	r29, 0xFF	; 255
     c78:	88 81       	ld	r24, Y
     c7a:	99 81       	ldd	r25, Y+1	; 0x01
     c7c:	c4 58       	subi	r28, 0x84	; 132
     c7e:	d0 40       	sbci	r29, 0x00	; 0
     c80:	01 96       	adiw	r24, 0x01	; 1
     c82:	cc 57       	subi	r28, 0x7C	; 124
     c84:	df 4f       	sbci	r29, 0xFF	; 255
     c86:	99 83       	std	Y+1, r25	; 0x01
     c88:	88 83       	st	Y, r24
     c8a:	c4 58       	subi	r28, 0x84	; 132
     c8c:	d0 40       	sbci	r29, 0x00	; 0
     c8e:	c8 57       	subi	r28, 0x78	; 120
     c90:	df 4f       	sbci	r29, 0xFF	; 255
     c92:	98 81       	ld	r25, Y
     c94:	c8 58       	subi	r28, 0x88	; 136
     c96:	d0 40       	sbci	r29, 0x00	; 0
     c98:	91 50       	subi	r25, 0x01	; 1
     c9a:	c8 57       	subi	r28, 0x78	; 120
     c9c:	df 4f       	sbci	r29, 0xFF	; 255
     c9e:	98 83       	st	Y, r25
     ca0:	c8 58       	subi	r28, 0x88	; 136
     ca2:	d0 40       	sbci	r29, 0x00	; 0
     ca4:	c8 57       	subi	r28, 0x78	; 120
     ca6:	df 4f       	sbci	r29, 0xFF	; 255
     ca8:	e8 81       	ld	r30, Y
     caa:	c8 58       	subi	r28, 0x88	; 136
     cac:	d0 40       	sbci	r29, 0x00	; 0
     cae:	ee 23       	and	r30, r30
     cb0:	31 f6       	brne	.-116    	; 0xc3e <main+0xf8>
	Uart_config uart_config = {8,1};// Set DATA bits = 8-bit , Stop_bit = 1 stop bit
     cb2:	fe 01       	movw	r30, r28
     cb4:	e3 58       	subi	r30, 0x83	; 131
     cb6:	ff 4f       	sbci	r31, 0xFF	; 255
     cb8:	88 e0       	ldi	r24, 0x08	; 8
     cba:	80 83       	st	Z, r24
     cbc:	fe 01       	movw	r30, r28
     cbe:	e3 58       	subi	r30, 0x83	; 131
     cc0:	ff 4f       	sbci	r31, 0xFF	; 255
     cc2:	81 e0       	ldi	r24, 0x01	; 1
     cc4:	81 83       	std	Z+1, r24	; 0x01
	Buzzer_inint(); // Initializing Buzzer driver
     cc6:	0e 94 38 0d 	call	0x1a70	; 0x1a70 <Buzzer_inint>
	DcMotor_Init(); // Initializing Motor driver
     cca:	0e 94 3b 11 	call	0x2276	; 0x2276 <DcMotor_Init>
	UART_init(9600, &uart_config);// Set baud rate by 9600
     cce:	9e 01       	movw	r18, r28
     cd0:	23 58       	subi	r18, 0x83	; 131
     cd2:	3f 4f       	sbci	r19, 0xFF	; 255
     cd4:	60 e8       	ldi	r22, 0x80	; 128
     cd6:	75 e2       	ldi	r23, 0x25	; 37
     cd8:	80 e0       	ldi	r24, 0x00	; 0
     cda:	90 e0       	ldi	r25, 0x00	; 0
     cdc:	a9 01       	movw	r20, r18
     cde:	0e 94 3b 13 	call	0x2676	; 0x2676 <UART_init>
	TWI_init(&TWI_config); // Initializing I2C  driver
     ce2:	ce 01       	movw	r24, r28
     ce4:	8f 58       	subi	r24, 0x8F	; 143
     ce6:	9f 4f       	sbci	r25, 0xFF	; 255
     ce8:	0e 94 9c 12 	call	0x2538	; 0x2538 <TWI_init>
	while(1){
		n = UART_recieveByte(); // Always Holds to receive configured byte from MC1
     cec:	0e 94 02 14 	call	0x2804	; 0x2804 <UART_recieveByte>
     cf0:	88 2f       	mov	r24, r24
     cf2:	90 e0       	ldi	r25, 0x00	; 0
     cf4:	90 93 84 00 	sts	0x0084, r25
     cf8:	80 93 83 00 	sts	0x0083, r24
		if (n ==Set_Up_Pass){ // Receiving the configured byte from MC1 about Setting up and storing the new password in EEPROM Memory
     cfc:	80 91 83 00 	lds	r24, 0x0083
     d00:	90 91 84 00 	lds	r25, 0x0084
     d04:	84 36       	cpi	r24, 0x64	; 100
     d06:	91 05       	cpc	r25, r1
     d08:	09 f0       	breq	.+2      	; 0xd0c <main+0x1c6>
     d0a:	fd c0       	rjmp	.+506    	; 0xf06 <main+0x3c0>
			/*
			 * Recieving Password from MC1
			 */
			for (i=0; i<5; i++){
     d0c:	10 92 88 00 	sts	0x0088, r1
     d10:	10 92 87 00 	sts	0x0087, r1
     d14:	13 c0       	rjmp	.+38     	; 0xd3c <main+0x1f6>
				Saved_Pass[i]= UART_recieveByte(); // RECEIVE byte by byte
     d16:	00 91 87 00 	lds	r16, 0x0087
     d1a:	10 91 88 00 	lds	r17, 0x0088
     d1e:	0e 94 02 14 	call	0x2804	; 0x2804 <UART_recieveByte>
     d22:	f8 01       	movw	r30, r16
     d24:	eb 56       	subi	r30, 0x6B	; 107
     d26:	ff 4f       	sbci	r31, 0xFF	; 255
     d28:	80 83       	st	Z, r24
		n = UART_recieveByte(); // Always Holds to receive configured byte from MC1
		if (n ==Set_Up_Pass){ // Receiving the configured byte from MC1 about Setting up and storing the new password in EEPROM Memory
			/*
			 * Recieving Password from MC1
			 */
			for (i=0; i<5; i++){
     d2a:	80 91 87 00 	lds	r24, 0x0087
     d2e:	90 91 88 00 	lds	r25, 0x0088
     d32:	01 96       	adiw	r24, 0x01	; 1
     d34:	90 93 88 00 	sts	0x0088, r25
     d38:	80 93 87 00 	sts	0x0087, r24
     d3c:	80 91 87 00 	lds	r24, 0x0087
     d40:	90 91 88 00 	lds	r25, 0x0088
     d44:	85 30       	cpi	r24, 0x05	; 5
     d46:	91 05       	cpc	r25, r1
     d48:	34 f3       	brlt	.-52     	; 0xd16 <main+0x1d0>
				Saved_Pass[i]= UART_recieveByte(); // RECEIVE byte by byte
			}
			for (i=0; i<5; i++){
     d4a:	10 92 88 00 	sts	0x0088, r1
     d4e:	10 92 87 00 	sts	0x0087, r1
     d52:	d0 c0       	rjmp	.+416    	; 0xef4 <main+0x3ae>
				EEPROM_writeByte(0x0311 + i,Saved_Pass[i]); // Store it in EEPROM
     d54:	80 91 87 00 	lds	r24, 0x0087
     d58:	90 91 88 00 	lds	r25, 0x0088
     d5c:	8f 5e       	subi	r24, 0xEF	; 239
     d5e:	9c 4f       	sbci	r25, 0xFC	; 252
     d60:	9c 01       	movw	r18, r24
     d62:	80 91 87 00 	lds	r24, 0x0087
     d66:	90 91 88 00 	lds	r25, 0x0088
     d6a:	fc 01       	movw	r30, r24
     d6c:	eb 56       	subi	r30, 0x6B	; 107
     d6e:	ff 4f       	sbci	r31, 0xFF	; 255
     d70:	40 81       	ld	r20, Z
     d72:	c9 01       	movw	r24, r18
     d74:	64 2f       	mov	r22, r20
     d76:	0e 94 5c 0d 	call	0x1ab8	; 0x1ab8 <EEPROM_writeByte>
     d7a:	fe 01       	movw	r30, r28
     d7c:	e3 59       	subi	r30, 0x93	; 147
     d7e:	ff 4f       	sbci	r31, 0xFF	; 255
     d80:	80 e0       	ldi	r24, 0x00	; 0
     d82:	90 e0       	ldi	r25, 0x00	; 0
     d84:	a0 e2       	ldi	r26, 0x20	; 32
     d86:	b1 e4       	ldi	r27, 0x41	; 65
     d88:	80 83       	st	Z, r24
     d8a:	91 83       	std	Z+1, r25	; 0x01
     d8c:	a2 83       	std	Z+2, r26	; 0x02
     d8e:	b3 83       	std	Z+3, r27	; 0x03
 */
void
_delay_ms(double __ms)
{
	uint16_t __ticks;
	double __tmp = ((F_CPU) / 4e3) * __ms;
     d90:	8e 01       	movw	r16, r28
     d92:	07 59       	subi	r16, 0x97	; 151
     d94:	1f 4f       	sbci	r17, 0xFF	; 255
     d96:	fe 01       	movw	r30, r28
     d98:	e3 59       	subi	r30, 0x93	; 147
     d9a:	ff 4f       	sbci	r31, 0xFF	; 255
     d9c:	60 81       	ld	r22, Z
     d9e:	71 81       	ldd	r23, Z+1	; 0x01
     da0:	82 81       	ldd	r24, Z+2	; 0x02
     da2:	93 81       	ldd	r25, Z+3	; 0x03
     da4:	20 e0       	ldi	r18, 0x00	; 0
     da6:	30 e0       	ldi	r19, 0x00	; 0
     da8:	4a ef       	ldi	r20, 0xFA	; 250
     daa:	54 e4       	ldi	r21, 0x44	; 68
     dac:	0e 94 1f 02 	call	0x43e	; 0x43e <__mulsf3>
     db0:	dc 01       	movw	r26, r24
     db2:	cb 01       	movw	r24, r22
     db4:	f8 01       	movw	r30, r16
     db6:	80 83       	st	Z, r24
     db8:	91 83       	std	Z+1, r25	; 0x01
     dba:	a2 83       	std	Z+2, r26	; 0x02
     dbc:	b3 83       	std	Z+3, r27	; 0x03
	if (__tmp < 1.0)
     dbe:	fe 01       	movw	r30, r28
     dc0:	e7 59       	subi	r30, 0x97	; 151
     dc2:	ff 4f       	sbci	r31, 0xFF	; 255
     dc4:	60 81       	ld	r22, Z
     dc6:	71 81       	ldd	r23, Z+1	; 0x01
     dc8:	82 81       	ldd	r24, Z+2	; 0x02
     dca:	93 81       	ldd	r25, Z+3	; 0x03
     dcc:	20 e0       	ldi	r18, 0x00	; 0
     dce:	30 e0       	ldi	r19, 0x00	; 0
     dd0:	40 e8       	ldi	r20, 0x80	; 128
     dd2:	5f e3       	ldi	r21, 0x3F	; 63
     dd4:	0e 94 79 03 	call	0x6f2	; 0x6f2 <__ltsf2>
     dd8:	88 23       	and	r24, r24
     dda:	44 f4       	brge	.+16     	; 0xdec <main+0x2a6>
		__ticks = 1;
     ddc:	fe 01       	movw	r30, r28
     dde:	e9 59       	subi	r30, 0x99	; 153
     de0:	ff 4f       	sbci	r31, 0xFF	; 255
     de2:	81 e0       	ldi	r24, 0x01	; 1
     de4:	90 e0       	ldi	r25, 0x00	; 0
     de6:	91 83       	std	Z+1, r25	; 0x01
     de8:	80 83       	st	Z, r24
     dea:	64 c0       	rjmp	.+200    	; 0xeb4 <main+0x36e>
	else if (__tmp > 65535)
     dec:	fe 01       	movw	r30, r28
     dee:	e7 59       	subi	r30, 0x97	; 151
     df0:	ff 4f       	sbci	r31, 0xFF	; 255
     df2:	60 81       	ld	r22, Z
     df4:	71 81       	ldd	r23, Z+1	; 0x01
     df6:	82 81       	ldd	r24, Z+2	; 0x02
     df8:	93 81       	ldd	r25, Z+3	; 0x03
     dfa:	20 e0       	ldi	r18, 0x00	; 0
     dfc:	3f ef       	ldi	r19, 0xFF	; 255
     dfe:	4f e7       	ldi	r20, 0x7F	; 127
     e00:	57 e4       	ldi	r21, 0x47	; 71
     e02:	0e 94 19 03 	call	0x632	; 0x632 <__gtsf2>
     e06:	18 16       	cp	r1, r24
     e08:	0c f0       	brlt	.+2      	; 0xe0c <main+0x2c6>
     e0a:	43 c0       	rjmp	.+134    	; 0xe92 <main+0x34c>
	{
		//	__ticks = requested delay in 1/10 ms
		__ticks = (uint16_t) (__ms * 10.0);
     e0c:	fe 01       	movw	r30, r28
     e0e:	e3 59       	subi	r30, 0x93	; 147
     e10:	ff 4f       	sbci	r31, 0xFF	; 255
     e12:	60 81       	ld	r22, Z
     e14:	71 81       	ldd	r23, Z+1	; 0x01
     e16:	82 81       	ldd	r24, Z+2	; 0x02
     e18:	93 81       	ldd	r25, Z+3	; 0x03
     e1a:	20 e0       	ldi	r18, 0x00	; 0
     e1c:	30 e0       	ldi	r19, 0x00	; 0
     e1e:	40 e2       	ldi	r20, 0x20	; 32
     e20:	51 e4       	ldi	r21, 0x41	; 65
     e22:	0e 94 1f 02 	call	0x43e	; 0x43e <__mulsf3>
     e26:	dc 01       	movw	r26, r24
     e28:	cb 01       	movw	r24, r22
     e2a:	8e 01       	movw	r16, r28
     e2c:	09 59       	subi	r16, 0x99	; 153
     e2e:	1f 4f       	sbci	r17, 0xFF	; 255
     e30:	bc 01       	movw	r22, r24
     e32:	cd 01       	movw	r24, r26
     e34:	0e 94 49 00 	call	0x92	; 0x92 <__fixunssfsi>
     e38:	dc 01       	movw	r26, r24
     e3a:	cb 01       	movw	r24, r22
     e3c:	f8 01       	movw	r30, r16
     e3e:	91 83       	std	Z+1, r25	; 0x01
     e40:	80 83       	st	Z, r24
     e42:	1f c0       	rjmp	.+62     	; 0xe82 <main+0x33c>
     e44:	fe 01       	movw	r30, r28
     e46:	eb 59       	subi	r30, 0x9B	; 155
     e48:	ff 4f       	sbci	r31, 0xFF	; 255
     e4a:	88 ec       	ldi	r24, 0xC8	; 200
     e4c:	90 e0       	ldi	r25, 0x00	; 0
     e4e:	91 83       	std	Z+1, r25	; 0x01
     e50:	80 83       	st	Z, r24
    milliseconds can be achieved.
 */
void
_delay_loop_2(uint16_t __count)
{
	__asm__ volatile (
     e52:	fe 01       	movw	r30, r28
     e54:	eb 59       	subi	r30, 0x9B	; 155
     e56:	ff 4f       	sbci	r31, 0xFF	; 255
     e58:	80 81       	ld	r24, Z
     e5a:	91 81       	ldd	r25, Z+1	; 0x01
     e5c:	01 97       	sbiw	r24, 0x01	; 1
     e5e:	f1 f7       	brne	.-4      	; 0xe5c <main+0x316>
     e60:	fe 01       	movw	r30, r28
     e62:	eb 59       	subi	r30, 0x9B	; 155
     e64:	ff 4f       	sbci	r31, 0xFF	; 255
     e66:	91 83       	std	Z+1, r25	; 0x01
     e68:	80 83       	st	Z, r24
		while(__ticks)
		{
			// wait 1/10 ms
			_delay_loop_2(((F_CPU) / 4e3) / 10);
			__ticks --;
     e6a:	de 01       	movw	r26, r28
     e6c:	a9 59       	subi	r26, 0x99	; 153
     e6e:	bf 4f       	sbci	r27, 0xFF	; 255
     e70:	fe 01       	movw	r30, r28
     e72:	e9 59       	subi	r30, 0x99	; 153
     e74:	ff 4f       	sbci	r31, 0xFF	; 255
     e76:	80 81       	ld	r24, Z
     e78:	91 81       	ldd	r25, Z+1	; 0x01
     e7a:	01 97       	sbiw	r24, 0x01	; 1
     e7c:	11 96       	adiw	r26, 0x01	; 1
     e7e:	9c 93       	st	X, r25
     e80:	8e 93       	st	-X, r24
		__ticks = 1;
	else if (__tmp > 65535)
	{
		//	__ticks = requested delay in 1/10 ms
		__ticks = (uint16_t) (__ms * 10.0);
		while(__ticks)
     e82:	fe 01       	movw	r30, r28
     e84:	e9 59       	subi	r30, 0x99	; 153
     e86:	ff 4f       	sbci	r31, 0xFF	; 255
     e88:	80 81       	ld	r24, Z
     e8a:	91 81       	ldd	r25, Z+1	; 0x01
     e8c:	00 97       	sbiw	r24, 0x00	; 0
     e8e:	d1 f6       	brne	.-76     	; 0xe44 <main+0x2fe>
     e90:	28 c0       	rjmp	.+80     	; 0xee2 <main+0x39c>
			__ticks --;
		}
		return;
	}
	else
		__ticks = (uint16_t)__tmp;
     e92:	8e 01       	movw	r16, r28
     e94:	09 59       	subi	r16, 0x99	; 153
     e96:	1f 4f       	sbci	r17, 0xFF	; 255
     e98:	fe 01       	movw	r30, r28
     e9a:	e7 59       	subi	r30, 0x97	; 151
     e9c:	ff 4f       	sbci	r31, 0xFF	; 255
     e9e:	60 81       	ld	r22, Z
     ea0:	71 81       	ldd	r23, Z+1	; 0x01
     ea2:	82 81       	ldd	r24, Z+2	; 0x02
     ea4:	93 81       	ldd	r25, Z+3	; 0x03
     ea6:	0e 94 49 00 	call	0x92	; 0x92 <__fixunssfsi>
     eaa:	dc 01       	movw	r26, r24
     eac:	cb 01       	movw	r24, r22
     eae:	f8 01       	movw	r30, r16
     eb0:	91 83       	std	Z+1, r25	; 0x01
     eb2:	80 83       	st	Z, r24
     eb4:	de 01       	movw	r26, r28
     eb6:	ad 59       	subi	r26, 0x9D	; 157
     eb8:	bf 4f       	sbci	r27, 0xFF	; 255
     eba:	fe 01       	movw	r30, r28
     ebc:	e9 59       	subi	r30, 0x99	; 153
     ebe:	ff 4f       	sbci	r31, 0xFF	; 255
     ec0:	80 81       	ld	r24, Z
     ec2:	91 81       	ldd	r25, Z+1	; 0x01
     ec4:	11 96       	adiw	r26, 0x01	; 1
     ec6:	9c 93       	st	X, r25
     ec8:	8e 93       	st	-X, r24
     eca:	fe 01       	movw	r30, r28
     ecc:	ed 59       	subi	r30, 0x9D	; 157
     ece:	ff 4f       	sbci	r31, 0xFF	; 255
     ed0:	80 81       	ld	r24, Z
     ed2:	91 81       	ldd	r25, Z+1	; 0x01
     ed4:	01 97       	sbiw	r24, 0x01	; 1
     ed6:	f1 f7       	brne	.-4      	; 0xed4 <main+0x38e>
     ed8:	fe 01       	movw	r30, r28
     eda:	ed 59       	subi	r30, 0x9D	; 157
     edc:	ff 4f       	sbci	r31, 0xFF	; 255
     ede:	91 83       	std	Z+1, r25	; 0x01
     ee0:	80 83       	st	Z, r24
			 * Recieving Password from MC1
			 */
			for (i=0; i<5; i++){
				Saved_Pass[i]= UART_recieveByte(); // RECEIVE byte by byte
			}
			for (i=0; i<5; i++){
     ee2:	80 91 87 00 	lds	r24, 0x0087
     ee6:	90 91 88 00 	lds	r25, 0x0088
     eea:	01 96       	adiw	r24, 0x01	; 1
     eec:	90 93 88 00 	sts	0x0088, r25
     ef0:	80 93 87 00 	sts	0x0087, r24
     ef4:	80 91 87 00 	lds	r24, 0x0087
     ef8:	90 91 88 00 	lds	r25, 0x0088
     efc:	85 30       	cpi	r24, 0x05	; 5
     efe:	91 05       	cpc	r25, r1
     f00:	0c f4       	brge	.+2      	; 0xf04 <main+0x3be>
     f02:	28 cf       	rjmp	.-432    	; 0xd54 <main+0x20e>
     f04:	f3 ce       	rjmp	.-538    	; 0xcec <main+0x1a6>
				EEPROM_writeByte(0x0311 + i,Saved_Pass[i]); // Store it in EEPROM
				_delay_ms(10);
			}
		} else if (n==Door_state){// Receiving the configured byte from MC1 about opening door senario
     f06:	80 91 83 00 	lds	r24, 0x0083
     f0a:	90 91 84 00 	lds	r25, 0x0084
     f0e:	8f 36       	cpi	r24, 0x6F	; 111
     f10:	91 05       	cpc	r25, r1
     f12:	09 f0       	breq	.+2      	; 0xf16 <main+0x3d0>
     f14:	ba c2       	rjmp	.+1396   	; 0x148a <main+0x944>
			for (i=0; i<5 ; i++){
     f16:	10 92 88 00 	sts	0x0088, r1
     f1a:	10 92 87 00 	sts	0x0087, r1
     f1e:	13 c0       	rjmp	.+38     	; 0xf46 <main+0x400>
				Str2[i]= UART_recieveByte(); // Receive inserted password from MC1
     f20:	00 91 87 00 	lds	r16, 0x0087
     f24:	10 91 88 00 	lds	r17, 0x0088
     f28:	0e 94 02 14 	call	0x2804	; 0x2804 <UART_recieveByte>
     f2c:	f8 01       	movw	r30, r16
     f2e:	e2 57       	subi	r30, 0x72	; 114
     f30:	ff 4f       	sbci	r31, 0xFF	; 255
     f32:	80 83       	st	Z, r24
			for (i=0; i<5; i++){
				EEPROM_writeByte(0x0311 + i,Saved_Pass[i]); // Store it in EEPROM
				_delay_ms(10);
			}
		} else if (n==Door_state){// Receiving the configured byte from MC1 about opening door senario
			for (i=0; i<5 ; i++){
     f34:	80 91 87 00 	lds	r24, 0x0087
     f38:	90 91 88 00 	lds	r25, 0x0088
     f3c:	01 96       	adiw	r24, 0x01	; 1
     f3e:	90 93 88 00 	sts	0x0088, r25
     f42:	80 93 87 00 	sts	0x0087, r24
     f46:	80 91 87 00 	lds	r24, 0x0087
     f4a:	90 91 88 00 	lds	r25, 0x0088
     f4e:	85 30       	cpi	r24, 0x05	; 5
     f50:	91 05       	cpc	r25, r1
     f52:	34 f3       	brlt	.-52     	; 0xf20 <main+0x3da>
				Str2[i]= UART_recieveByte(); // Receive inserted password from MC1
			}
			for (i=0; i<5 ; i++){
     f54:	10 92 88 00 	sts	0x0088, r1
     f58:	10 92 87 00 	sts	0x0087, r1
     f5c:	cf c0       	rjmp	.+414    	; 0x10fc <main+0x5b6>
				EEPROM_readByte(0x0311 + i,&Str1[i]);   // Read the stored password
     f5e:	80 91 87 00 	lds	r24, 0x0087
     f62:	90 91 88 00 	lds	r25, 0x0088
     f66:	8f 5e       	subi	r24, 0xEF	; 239
     f68:	9c 4f       	sbci	r25, 0xFC	; 252
     f6a:	ac 01       	movw	r20, r24
     f6c:	80 91 87 00 	lds	r24, 0x0087
     f70:	90 91 88 00 	lds	r25, 0x0088
     f74:	9c 01       	movw	r18, r24
     f76:	27 57       	subi	r18, 0x77	; 119
     f78:	3f 4f       	sbci	r19, 0xFF	; 255
     f7a:	ca 01       	movw	r24, r20
     f7c:	b9 01       	movw	r22, r18
     f7e:	0e 94 9d 0d 	call	0x1b3a	; 0x1b3a <EEPROM_readByte>
     f82:	fe 01       	movw	r30, r28
     f84:	e1 5a       	subi	r30, 0xA1	; 161
     f86:	ff 4f       	sbci	r31, 0xFF	; 255
     f88:	80 e0       	ldi	r24, 0x00	; 0
     f8a:	90 e0       	ldi	r25, 0x00	; 0
     f8c:	a0 e2       	ldi	r26, 0x20	; 32
     f8e:	b1 e4       	ldi	r27, 0x41	; 65
     f90:	80 83       	st	Z, r24
     f92:	91 83       	std	Z+1, r25	; 0x01
     f94:	a2 83       	std	Z+2, r26	; 0x02
     f96:	b3 83       	std	Z+3, r27	; 0x03
 */
void
_delay_ms(double __ms)
{
	uint16_t __ticks;
	double __tmp = ((F_CPU) / 4e3) * __ms;
     f98:	8e 01       	movw	r16, r28
     f9a:	05 5a       	subi	r16, 0xA5	; 165
     f9c:	1f 4f       	sbci	r17, 0xFF	; 255
     f9e:	fe 01       	movw	r30, r28
     fa0:	e1 5a       	subi	r30, 0xA1	; 161
     fa2:	ff 4f       	sbci	r31, 0xFF	; 255
     fa4:	60 81       	ld	r22, Z
     fa6:	71 81       	ldd	r23, Z+1	; 0x01
     fa8:	82 81       	ldd	r24, Z+2	; 0x02
     faa:	93 81       	ldd	r25, Z+3	; 0x03
     fac:	20 e0       	ldi	r18, 0x00	; 0
     fae:	30 e0       	ldi	r19, 0x00	; 0
     fb0:	4a ef       	ldi	r20, 0xFA	; 250
     fb2:	54 e4       	ldi	r21, 0x44	; 68
     fb4:	0e 94 1f 02 	call	0x43e	; 0x43e <__mulsf3>
     fb8:	dc 01       	movw	r26, r24
     fba:	cb 01       	movw	r24, r22
     fbc:	f8 01       	movw	r30, r16
     fbe:	80 83       	st	Z, r24
     fc0:	91 83       	std	Z+1, r25	; 0x01
     fc2:	a2 83       	std	Z+2, r26	; 0x02
     fc4:	b3 83       	std	Z+3, r27	; 0x03
	if (__tmp < 1.0)
     fc6:	fe 01       	movw	r30, r28
     fc8:	e5 5a       	subi	r30, 0xA5	; 165
     fca:	ff 4f       	sbci	r31, 0xFF	; 255
     fcc:	60 81       	ld	r22, Z
     fce:	71 81       	ldd	r23, Z+1	; 0x01
     fd0:	82 81       	ldd	r24, Z+2	; 0x02
     fd2:	93 81       	ldd	r25, Z+3	; 0x03
     fd4:	20 e0       	ldi	r18, 0x00	; 0
     fd6:	30 e0       	ldi	r19, 0x00	; 0
     fd8:	40 e8       	ldi	r20, 0x80	; 128
     fda:	5f e3       	ldi	r21, 0x3F	; 63
     fdc:	0e 94 79 03 	call	0x6f2	; 0x6f2 <__ltsf2>
     fe0:	88 23       	and	r24, r24
     fe2:	44 f4       	brge	.+16     	; 0xff4 <main+0x4ae>
		__ticks = 1;
     fe4:	fe 01       	movw	r30, r28
     fe6:	e7 5a       	subi	r30, 0xA7	; 167
     fe8:	ff 4f       	sbci	r31, 0xFF	; 255
     fea:	81 e0       	ldi	r24, 0x01	; 1
     fec:	90 e0       	ldi	r25, 0x00	; 0
     fee:	91 83       	std	Z+1, r25	; 0x01
     ff0:	80 83       	st	Z, r24
     ff2:	64 c0       	rjmp	.+200    	; 0x10bc <main+0x576>
	else if (__tmp > 65535)
     ff4:	fe 01       	movw	r30, r28
     ff6:	e5 5a       	subi	r30, 0xA5	; 165
     ff8:	ff 4f       	sbci	r31, 0xFF	; 255
     ffa:	60 81       	ld	r22, Z
     ffc:	71 81       	ldd	r23, Z+1	; 0x01
     ffe:	82 81       	ldd	r24, Z+2	; 0x02
    1000:	93 81       	ldd	r25, Z+3	; 0x03
    1002:	20 e0       	ldi	r18, 0x00	; 0
    1004:	3f ef       	ldi	r19, 0xFF	; 255
    1006:	4f e7       	ldi	r20, 0x7F	; 127
    1008:	57 e4       	ldi	r21, 0x47	; 71
    100a:	0e 94 19 03 	call	0x632	; 0x632 <__gtsf2>
    100e:	18 16       	cp	r1, r24
    1010:	0c f0       	brlt	.+2      	; 0x1014 <main+0x4ce>
    1012:	43 c0       	rjmp	.+134    	; 0x109a <main+0x554>
	{
		//	__ticks = requested delay in 1/10 ms
		__ticks = (uint16_t) (__ms * 10.0);
    1014:	fe 01       	movw	r30, r28
    1016:	e1 5a       	subi	r30, 0xA1	; 161
    1018:	ff 4f       	sbci	r31, 0xFF	; 255
    101a:	60 81       	ld	r22, Z
    101c:	71 81       	ldd	r23, Z+1	; 0x01
    101e:	82 81       	ldd	r24, Z+2	; 0x02
    1020:	93 81       	ldd	r25, Z+3	; 0x03
    1022:	20 e0       	ldi	r18, 0x00	; 0
    1024:	30 e0       	ldi	r19, 0x00	; 0
    1026:	40 e2       	ldi	r20, 0x20	; 32
    1028:	51 e4       	ldi	r21, 0x41	; 65
    102a:	0e 94 1f 02 	call	0x43e	; 0x43e <__mulsf3>
    102e:	dc 01       	movw	r26, r24
    1030:	cb 01       	movw	r24, r22
    1032:	8e 01       	movw	r16, r28
    1034:	07 5a       	subi	r16, 0xA7	; 167
    1036:	1f 4f       	sbci	r17, 0xFF	; 255
    1038:	bc 01       	movw	r22, r24
    103a:	cd 01       	movw	r24, r26
    103c:	0e 94 49 00 	call	0x92	; 0x92 <__fixunssfsi>
    1040:	dc 01       	movw	r26, r24
    1042:	cb 01       	movw	r24, r22
    1044:	f8 01       	movw	r30, r16
    1046:	91 83       	std	Z+1, r25	; 0x01
    1048:	80 83       	st	Z, r24
    104a:	1f c0       	rjmp	.+62     	; 0x108a <main+0x544>
    104c:	fe 01       	movw	r30, r28
    104e:	e9 5a       	subi	r30, 0xA9	; 169
    1050:	ff 4f       	sbci	r31, 0xFF	; 255
    1052:	88 ec       	ldi	r24, 0xC8	; 200
    1054:	90 e0       	ldi	r25, 0x00	; 0
    1056:	91 83       	std	Z+1, r25	; 0x01
    1058:	80 83       	st	Z, r24
    105a:	fe 01       	movw	r30, r28
    105c:	e9 5a       	subi	r30, 0xA9	; 169
    105e:	ff 4f       	sbci	r31, 0xFF	; 255
    1060:	80 81       	ld	r24, Z
    1062:	91 81       	ldd	r25, Z+1	; 0x01
    1064:	01 97       	sbiw	r24, 0x01	; 1
    1066:	f1 f7       	brne	.-4      	; 0x1064 <main+0x51e>
    1068:	fe 01       	movw	r30, r28
    106a:	e9 5a       	subi	r30, 0xA9	; 169
    106c:	ff 4f       	sbci	r31, 0xFF	; 255
    106e:	91 83       	std	Z+1, r25	; 0x01
    1070:	80 83       	st	Z, r24
		while(__ticks)
		{
			// wait 1/10 ms
			_delay_loop_2(((F_CPU) / 4e3) / 10);
			__ticks --;
    1072:	de 01       	movw	r26, r28
    1074:	a7 5a       	subi	r26, 0xA7	; 167
    1076:	bf 4f       	sbci	r27, 0xFF	; 255
    1078:	fe 01       	movw	r30, r28
    107a:	e7 5a       	subi	r30, 0xA7	; 167
    107c:	ff 4f       	sbci	r31, 0xFF	; 255
    107e:	80 81       	ld	r24, Z
    1080:	91 81       	ldd	r25, Z+1	; 0x01
    1082:	01 97       	sbiw	r24, 0x01	; 1
    1084:	11 96       	adiw	r26, 0x01	; 1
    1086:	9c 93       	st	X, r25
    1088:	8e 93       	st	-X, r24
		__ticks = 1;
	else if (__tmp > 65535)
	{
		//	__ticks = requested delay in 1/10 ms
		__ticks = (uint16_t) (__ms * 10.0);
		while(__ticks)
    108a:	fe 01       	movw	r30, r28
    108c:	e7 5a       	subi	r30, 0xA7	; 167
    108e:	ff 4f       	sbci	r31, 0xFF	; 255
    1090:	80 81       	ld	r24, Z
    1092:	91 81       	ldd	r25, Z+1	; 0x01
    1094:	00 97       	sbiw	r24, 0x00	; 0
    1096:	d1 f6       	brne	.-76     	; 0x104c <main+0x506>
    1098:	28 c0       	rjmp	.+80     	; 0x10ea <main+0x5a4>
			__ticks --;
		}
		return;
	}
	else
		__ticks = (uint16_t)__tmp;
    109a:	8e 01       	movw	r16, r28
    109c:	07 5a       	subi	r16, 0xA7	; 167
    109e:	1f 4f       	sbci	r17, 0xFF	; 255
    10a0:	fe 01       	movw	r30, r28
    10a2:	e5 5a       	subi	r30, 0xA5	; 165
    10a4:	ff 4f       	sbci	r31, 0xFF	; 255
    10a6:	60 81       	ld	r22, Z
    10a8:	71 81       	ldd	r23, Z+1	; 0x01
    10aa:	82 81       	ldd	r24, Z+2	; 0x02
    10ac:	93 81       	ldd	r25, Z+3	; 0x03
    10ae:	0e 94 49 00 	call	0x92	; 0x92 <__fixunssfsi>
    10b2:	dc 01       	movw	r26, r24
    10b4:	cb 01       	movw	r24, r22
    10b6:	f8 01       	movw	r30, r16
    10b8:	91 83       	std	Z+1, r25	; 0x01
    10ba:	80 83       	st	Z, r24
    10bc:	de 01       	movw	r26, r28
    10be:	ab 5a       	subi	r26, 0xAB	; 171
    10c0:	bf 4f       	sbci	r27, 0xFF	; 255
    10c2:	fe 01       	movw	r30, r28
    10c4:	e7 5a       	subi	r30, 0xA7	; 167
    10c6:	ff 4f       	sbci	r31, 0xFF	; 255
    10c8:	80 81       	ld	r24, Z
    10ca:	91 81       	ldd	r25, Z+1	; 0x01
    10cc:	11 96       	adiw	r26, 0x01	; 1
    10ce:	9c 93       	st	X, r25
    10d0:	8e 93       	st	-X, r24
    10d2:	fe 01       	movw	r30, r28
    10d4:	eb 5a       	subi	r30, 0xAB	; 171
    10d6:	ff 4f       	sbci	r31, 0xFF	; 255
    10d8:	80 81       	ld	r24, Z
    10da:	91 81       	ldd	r25, Z+1	; 0x01
    10dc:	01 97       	sbiw	r24, 0x01	; 1
    10de:	f1 f7       	brne	.-4      	; 0x10dc <main+0x596>
    10e0:	fe 01       	movw	r30, r28
    10e2:	eb 5a       	subi	r30, 0xAB	; 171
    10e4:	ff 4f       	sbci	r31, 0xFF	; 255
    10e6:	91 83       	std	Z+1, r25	; 0x01
    10e8:	80 83       	st	Z, r24
			}
		} else if (n==Door_state){// Receiving the configured byte from MC1 about opening door senario
			for (i=0; i<5 ; i++){
				Str2[i]= UART_recieveByte(); // Receive inserted password from MC1
			}
			for (i=0; i<5 ; i++){
    10ea:	80 91 87 00 	lds	r24, 0x0087
    10ee:	90 91 88 00 	lds	r25, 0x0088
    10f2:	01 96       	adiw	r24, 0x01	; 1
    10f4:	90 93 88 00 	sts	0x0088, r25
    10f8:	80 93 87 00 	sts	0x0087, r24
    10fc:	80 91 87 00 	lds	r24, 0x0087
    1100:	90 91 88 00 	lds	r25, 0x0088
    1104:	85 30       	cpi	r24, 0x05	; 5
    1106:	91 05       	cpc	r25, r1
    1108:	0c f4       	brge	.+2      	; 0x110c <main+0x5c6>
    110a:	29 cf       	rjmp	.-430    	; 0xf5e <main+0x418>
				EEPROM_readByte(0x0311 + i,&Str1[i]);   // Read the stored password
				_delay_ms(10);
			}
			for (i=0 ; i<5; i++){            // Comparing the two passwords
    110c:	10 92 88 00 	sts	0x0088, r1
    1110:	10 92 87 00 	sts	0x0087, r1
    1114:	26 c0       	rjmp	.+76     	; 0x1162 <main+0x61c>
				if (Str2[i] != Saved_Pass[i] ){ // if not match rise n flag by 1
    1116:	80 91 87 00 	lds	r24, 0x0087
    111a:	90 91 88 00 	lds	r25, 0x0088
    111e:	fc 01       	movw	r30, r24
    1120:	e2 57       	subi	r30, 0x72	; 114
    1122:	ff 4f       	sbci	r31, 0xFF	; 255
    1124:	20 81       	ld	r18, Z
    1126:	80 91 87 00 	lds	r24, 0x0087
    112a:	90 91 88 00 	lds	r25, 0x0088
    112e:	fc 01       	movw	r30, r24
    1130:	eb 56       	subi	r30, 0x6B	; 107
    1132:	ff 4f       	sbci	r31, 0xFF	; 255
    1134:	80 81       	ld	r24, Z
    1136:	28 17       	cp	r18, r24
    1138:	39 f0       	breq	.+14     	; 0x1148 <main+0x602>
					n = 1 ;
    113a:	81 e0       	ldi	r24, 0x01	; 1
    113c:	90 e0       	ldi	r25, 0x00	; 0
    113e:	90 93 84 00 	sts	0x0084, r25
    1142:	80 93 83 00 	sts	0x0083, r24
    1146:	14 c0       	rjmp	.+40     	; 0x1170 <main+0x62a>
					break ;
				}else {              // if  match rise n flag by 0
					n =  0 ;
    1148:	10 92 84 00 	sts	0x0084, r1
    114c:	10 92 83 00 	sts	0x0083, r1
			}
			for (i=0; i<5 ; i++){
				EEPROM_readByte(0x0311 + i,&Str1[i]);   // Read the stored password
				_delay_ms(10);
			}
			for (i=0 ; i<5; i++){            // Comparing the two passwords
    1150:	80 91 87 00 	lds	r24, 0x0087
    1154:	90 91 88 00 	lds	r25, 0x0088
    1158:	01 96       	adiw	r24, 0x01	; 1
    115a:	90 93 88 00 	sts	0x0088, r25
    115e:	80 93 87 00 	sts	0x0087, r24
    1162:	80 91 87 00 	lds	r24, 0x0087
    1166:	90 91 88 00 	lds	r25, 0x0088
    116a:	85 30       	cpi	r24, 0x05	; 5
    116c:	91 05       	cpc	r25, r1
    116e:	9c f2       	brlt	.-90     	; 0x1116 <main+0x5d0>
					break ;
				}else {              // if  match rise n flag by 0
					n =  0 ;
				}
			}
			if ( n == 0 ){     // if match send command to MC1 to display door open status
    1170:	80 91 83 00 	lds	r24, 0x0083
    1174:	90 91 84 00 	lds	r25, 0x0084
    1178:	00 97       	sbiw	r24, 0x00	; 0
    117a:	09 f0       	breq	.+2      	; 0x117e <main+0x638>
    117c:	c3 c0       	rjmp	.+390    	; 0x1304 <main+0x7be>
				UART_sendByte(DOOR_OPEN);
    117e:	87 e4       	ldi	r24, 0x47	; 71
    1180:	0e 94 eb 13 	call	0x27d6	; 0x27d6 <UART_sendByte>
    1184:	fe 01       	movw	r30, r28
    1186:	ef 5a       	subi	r30, 0xAF	; 175
    1188:	ff 4f       	sbci	r31, 0xFF	; 255
    118a:	80 e0       	ldi	r24, 0x00	; 0
    118c:	90 e0       	ldi	r25, 0x00	; 0
    118e:	a8 ec       	ldi	r26, 0xC8	; 200
    1190:	b2 e4       	ldi	r27, 0x42	; 66
    1192:	80 83       	st	Z, r24
    1194:	91 83       	std	Z+1, r25	; 0x01
    1196:	a2 83       	std	Z+2, r26	; 0x02
    1198:	b3 83       	std	Z+3, r27	; 0x03
 */
void
_delay_ms(double __ms)
{
	uint16_t __ticks;
	double __tmp = ((F_CPU) / 4e3) * __ms;
    119a:	8e 01       	movw	r16, r28
    119c:	03 5b       	subi	r16, 0xB3	; 179
    119e:	1f 4f       	sbci	r17, 0xFF	; 255
    11a0:	fe 01       	movw	r30, r28
    11a2:	ef 5a       	subi	r30, 0xAF	; 175
    11a4:	ff 4f       	sbci	r31, 0xFF	; 255
    11a6:	60 81       	ld	r22, Z
    11a8:	71 81       	ldd	r23, Z+1	; 0x01
    11aa:	82 81       	ldd	r24, Z+2	; 0x02
    11ac:	93 81       	ldd	r25, Z+3	; 0x03
    11ae:	20 e0       	ldi	r18, 0x00	; 0
    11b0:	30 e0       	ldi	r19, 0x00	; 0
    11b2:	4a ef       	ldi	r20, 0xFA	; 250
    11b4:	54 e4       	ldi	r21, 0x44	; 68
    11b6:	0e 94 1f 02 	call	0x43e	; 0x43e <__mulsf3>
    11ba:	dc 01       	movw	r26, r24
    11bc:	cb 01       	movw	r24, r22
    11be:	f8 01       	movw	r30, r16
    11c0:	80 83       	st	Z, r24
    11c2:	91 83       	std	Z+1, r25	; 0x01
    11c4:	a2 83       	std	Z+2, r26	; 0x02
    11c6:	b3 83       	std	Z+3, r27	; 0x03
	if (__tmp < 1.0)
    11c8:	fe 01       	movw	r30, r28
    11ca:	e3 5b       	subi	r30, 0xB3	; 179
    11cc:	ff 4f       	sbci	r31, 0xFF	; 255
    11ce:	60 81       	ld	r22, Z
    11d0:	71 81       	ldd	r23, Z+1	; 0x01
    11d2:	82 81       	ldd	r24, Z+2	; 0x02
    11d4:	93 81       	ldd	r25, Z+3	; 0x03
    11d6:	20 e0       	ldi	r18, 0x00	; 0
    11d8:	30 e0       	ldi	r19, 0x00	; 0
    11da:	40 e8       	ldi	r20, 0x80	; 128
    11dc:	5f e3       	ldi	r21, 0x3F	; 63
    11de:	0e 94 79 03 	call	0x6f2	; 0x6f2 <__ltsf2>
    11e2:	88 23       	and	r24, r24
    11e4:	44 f4       	brge	.+16     	; 0x11f6 <main+0x6b0>
		__ticks = 1;
    11e6:	fe 01       	movw	r30, r28
    11e8:	e5 5b       	subi	r30, 0xB5	; 181
    11ea:	ff 4f       	sbci	r31, 0xFF	; 255
    11ec:	81 e0       	ldi	r24, 0x01	; 1
    11ee:	90 e0       	ldi	r25, 0x00	; 0
    11f0:	91 83       	std	Z+1, r25	; 0x01
    11f2:	80 83       	st	Z, r24
    11f4:	64 c0       	rjmp	.+200    	; 0x12be <main+0x778>
	else if (__tmp > 65535)
    11f6:	fe 01       	movw	r30, r28
    11f8:	e3 5b       	subi	r30, 0xB3	; 179
    11fa:	ff 4f       	sbci	r31, 0xFF	; 255
    11fc:	60 81       	ld	r22, Z
    11fe:	71 81       	ldd	r23, Z+1	; 0x01
    1200:	82 81       	ldd	r24, Z+2	; 0x02
    1202:	93 81       	ldd	r25, Z+3	; 0x03
    1204:	20 e0       	ldi	r18, 0x00	; 0
    1206:	3f ef       	ldi	r19, 0xFF	; 255
    1208:	4f e7       	ldi	r20, 0x7F	; 127
    120a:	57 e4       	ldi	r21, 0x47	; 71
    120c:	0e 94 19 03 	call	0x632	; 0x632 <__gtsf2>
    1210:	18 16       	cp	r1, r24
    1212:	0c f0       	brlt	.+2      	; 0x1216 <main+0x6d0>
    1214:	43 c0       	rjmp	.+134    	; 0x129c <main+0x756>
	{
		//	__ticks = requested delay in 1/10 ms
		__ticks = (uint16_t) (__ms * 10.0);
    1216:	fe 01       	movw	r30, r28
    1218:	ef 5a       	subi	r30, 0xAF	; 175
    121a:	ff 4f       	sbci	r31, 0xFF	; 255
    121c:	60 81       	ld	r22, Z
    121e:	71 81       	ldd	r23, Z+1	; 0x01
    1220:	82 81       	ldd	r24, Z+2	; 0x02
    1222:	93 81       	ldd	r25, Z+3	; 0x03
    1224:	20 e0       	ldi	r18, 0x00	; 0
    1226:	30 e0       	ldi	r19, 0x00	; 0
    1228:	40 e2       	ldi	r20, 0x20	; 32
    122a:	51 e4       	ldi	r21, 0x41	; 65
    122c:	0e 94 1f 02 	call	0x43e	; 0x43e <__mulsf3>
    1230:	dc 01       	movw	r26, r24
    1232:	cb 01       	movw	r24, r22
    1234:	8e 01       	movw	r16, r28
    1236:	05 5b       	subi	r16, 0xB5	; 181
    1238:	1f 4f       	sbci	r17, 0xFF	; 255
    123a:	bc 01       	movw	r22, r24
    123c:	cd 01       	movw	r24, r26
    123e:	0e 94 49 00 	call	0x92	; 0x92 <__fixunssfsi>
    1242:	dc 01       	movw	r26, r24
    1244:	cb 01       	movw	r24, r22
    1246:	f8 01       	movw	r30, r16
    1248:	91 83       	std	Z+1, r25	; 0x01
    124a:	80 83       	st	Z, r24
    124c:	1f c0       	rjmp	.+62     	; 0x128c <main+0x746>
    124e:	fe 01       	movw	r30, r28
    1250:	e7 5b       	subi	r30, 0xB7	; 183
    1252:	ff 4f       	sbci	r31, 0xFF	; 255
    1254:	88 ec       	ldi	r24, 0xC8	; 200
    1256:	90 e0       	ldi	r25, 0x00	; 0
    1258:	91 83       	std	Z+1, r25	; 0x01
    125a:	80 83       	st	Z, r24
    125c:	fe 01       	movw	r30, r28
    125e:	e7 5b       	subi	r30, 0xB7	; 183
    1260:	ff 4f       	sbci	r31, 0xFF	; 255
    1262:	80 81       	ld	r24, Z
    1264:	91 81       	ldd	r25, Z+1	; 0x01
    1266:	01 97       	sbiw	r24, 0x01	; 1
    1268:	f1 f7       	brne	.-4      	; 0x1266 <main+0x720>
    126a:	fe 01       	movw	r30, r28
    126c:	e7 5b       	subi	r30, 0xB7	; 183
    126e:	ff 4f       	sbci	r31, 0xFF	; 255
    1270:	91 83       	std	Z+1, r25	; 0x01
    1272:	80 83       	st	Z, r24
		while(__ticks)
		{
			// wait 1/10 ms
			_delay_loop_2(((F_CPU) / 4e3) / 10);
			__ticks --;
    1274:	de 01       	movw	r26, r28
    1276:	a5 5b       	subi	r26, 0xB5	; 181
    1278:	bf 4f       	sbci	r27, 0xFF	; 255
    127a:	fe 01       	movw	r30, r28
    127c:	e5 5b       	subi	r30, 0xB5	; 181
    127e:	ff 4f       	sbci	r31, 0xFF	; 255
    1280:	80 81       	ld	r24, Z
    1282:	91 81       	ldd	r25, Z+1	; 0x01
    1284:	01 97       	sbiw	r24, 0x01	; 1
    1286:	11 96       	adiw	r26, 0x01	; 1
    1288:	9c 93       	st	X, r25
    128a:	8e 93       	st	-X, r24
		__ticks = 1;
	else if (__tmp > 65535)
	{
		//	__ticks = requested delay in 1/10 ms
		__ticks = (uint16_t) (__ms * 10.0);
		while(__ticks)
    128c:	fe 01       	movw	r30, r28
    128e:	e5 5b       	subi	r30, 0xB5	; 181
    1290:	ff 4f       	sbci	r31, 0xFF	; 255
    1292:	80 81       	ld	r24, Z
    1294:	91 81       	ldd	r25, Z+1	; 0x01
    1296:	00 97       	sbiw	r24, 0x00	; 0
    1298:	d1 f6       	brne	.-76     	; 0x124e <main+0x708>
    129a:	27 c0       	rjmp	.+78     	; 0x12ea <main+0x7a4>
			__ticks --;
		}
		return;
	}
	else
		__ticks = (uint16_t)__tmp;
    129c:	8e 01       	movw	r16, r28
    129e:	05 5b       	subi	r16, 0xB5	; 181
    12a0:	1f 4f       	sbci	r17, 0xFF	; 255
    12a2:	fe 01       	movw	r30, r28
    12a4:	e3 5b       	subi	r30, 0xB3	; 179
    12a6:	ff 4f       	sbci	r31, 0xFF	; 255
    12a8:	60 81       	ld	r22, Z
    12aa:	71 81       	ldd	r23, Z+1	; 0x01
    12ac:	82 81       	ldd	r24, Z+2	; 0x02
    12ae:	93 81       	ldd	r25, Z+3	; 0x03
    12b0:	0e 94 49 00 	call	0x92	; 0x92 <__fixunssfsi>
    12b4:	dc 01       	movw	r26, r24
    12b6:	cb 01       	movw	r24, r22
    12b8:	f8 01       	movw	r30, r16
    12ba:	91 83       	std	Z+1, r25	; 0x01
    12bc:	80 83       	st	Z, r24
    12be:	de 01       	movw	r26, r28
    12c0:	a9 5b       	subi	r26, 0xB9	; 185
    12c2:	bf 4f       	sbci	r27, 0xFF	; 255
    12c4:	fe 01       	movw	r30, r28
    12c6:	e5 5b       	subi	r30, 0xB5	; 181
    12c8:	ff 4f       	sbci	r31, 0xFF	; 255
    12ca:	80 81       	ld	r24, Z
    12cc:	91 81       	ldd	r25, Z+1	; 0x01
    12ce:	8d 93       	st	X+, r24
    12d0:	9c 93       	st	X, r25
    12d2:	fe 01       	movw	r30, r28
    12d4:	e9 5b       	subi	r30, 0xB9	; 185
    12d6:	ff 4f       	sbci	r31, 0xFF	; 255
    12d8:	80 81       	ld	r24, Z
    12da:	91 81       	ldd	r25, Z+1	; 0x01
    12dc:	01 97       	sbiw	r24, 0x01	; 1
    12de:	f1 f7       	brne	.-4      	; 0x12dc <main+0x796>
    12e0:	fe 01       	movw	r30, r28
    12e2:	e9 5b       	subi	r30, 0xB9	; 185
    12e4:	ff 4f       	sbci	r31, 0xFF	; 255
    12e6:	91 83       	std	Z+1, r25	; 0x01
    12e8:	80 83       	st	Z, r24
				_delay_ms(100);
				Dc_Motor_Rotate(Rot_CW); /* Start the motor to rotate cw for 15s then 3 sec hold
    12ea:	80 e0       	ldi	r24, 0x00	; 0
    12ec:	0e 94 56 11 	call	0x22ac	; 0x22ac <Dc_Motor_Rotate>
				                          then close after 25 sec using timer driver to handle time
				 */
				Timer0_init(&config); // Initializing
    12f0:	ce 01       	movw	r24, r28
    12f2:	89 58       	subi	r24, 0x89	; 137
    12f4:	9f 4f       	sbci	r25, 0xFF	; 255
    12f6:	0e 94 17 12 	call	0x242e	; 0x242e <Timer0_init>
				Timer0_SetcallBack(&Timer0_Door_Delay); // set call back door delay function
    12fa:	87 ed       	ldi	r24, 0xD7	; 215
    12fc:	9c e0       	ldi	r25, 0x0C	; 12
    12fe:	0e 94 7a 12 	call	0x24f4	; 0x24f4 <Timer0_SetcallBack>
    1302:	f4 cc       	rjmp	.-1560   	; 0xcec <main+0x1a6>

			}else if (n == 1 ){ // if not matched
    1304:	80 91 83 00 	lds	r24, 0x0083
    1308:	90 91 84 00 	lds	r25, 0x0084
    130c:	81 30       	cpi	r24, 0x01	; 1
    130e:	91 05       	cpc	r25, r1
    1310:	09 f0       	breq	.+2      	; 0x1314 <main+0x7ce>
    1312:	ec cc       	rjmp	.-1576   	; 0xcec <main+0x1a6>
				if (x == 3){ // If the user entered it wrong for 3 times
    1314:	80 91 74 00 	lds	r24, 0x0074
    1318:	90 91 75 00 	lds	r25, 0x0075
    131c:	83 30       	cpi	r24, 0x03	; 3
    131e:	91 05       	cpc	r25, r1
    1320:	59 f4       	brne	.+22     	; 0x1338 <main+0x7f2>
					Timer0_SetcallBack(&BUZZER_ON_MIN); // set call back for buzzer
    1322:	80 e1       	ldi	r24, 0x10	; 16
    1324:	9d e0       	ldi	r25, 0x0D	; 13
    1326:	0e 94 7a 12 	call	0x24f4	; 0x24f4 <Timer0_SetcallBack>
					Timer0_init(&config); // init
    132a:	ce 01       	movw	r24, r28
    132c:	89 58       	subi	r24, 0x89	; 137
    132e:	9f 4f       	sbci	r25, 0xFF	; 255
    1330:	0e 94 17 12 	call	0x242e	; 0x242e <Timer0_init>
					Buzzer_On(); // turn on buzzer for 1 min and turn off using timer driver
    1334:	0e 94 44 0d 	call	0x1a88	; 0x1a88 <Buzzer_On>

				}
				again  = AGAIN + x ;
    1338:	80 91 74 00 	lds	r24, 0x0074
    133c:	90 91 75 00 	lds	r25, 0x0075
    1340:	44 96       	adiw	r24, 0x14	; 20
    1342:	90 93 94 00 	sts	0x0094, r25
    1346:	80 93 93 00 	sts	0x0093, r24
				UART_sendByte(again); // Send command for MC1 about how many times he entered wrong
    134a:	80 91 93 00 	lds	r24, 0x0093
    134e:	90 91 94 00 	lds	r25, 0x0094
    1352:	0e 94 eb 13 	call	0x27d6	; 0x27d6 <UART_sendByte>
    1356:	fe 01       	movw	r30, r28
    1358:	ed 5b       	subi	r30, 0xBD	; 189
    135a:	ff 4f       	sbci	r31, 0xFF	; 255
    135c:	80 e0       	ldi	r24, 0x00	; 0
    135e:	90 e0       	ldi	r25, 0x00	; 0
    1360:	a8 ec       	ldi	r26, 0xC8	; 200
    1362:	b2 e4       	ldi	r27, 0x42	; 66
    1364:	80 83       	st	Z, r24
    1366:	91 83       	std	Z+1, r25	; 0x01
    1368:	a2 83       	std	Z+2, r26	; 0x02
    136a:	b3 83       	std	Z+3, r27	; 0x03
 */
void
_delay_ms(double __ms)
{
	uint16_t __ticks;
	double __tmp = ((F_CPU) / 4e3) * __ms;
    136c:	8e 01       	movw	r16, r28
    136e:	01 5c       	subi	r16, 0xC1	; 193
    1370:	1f 4f       	sbci	r17, 0xFF	; 255
    1372:	fe 01       	movw	r30, r28
    1374:	ed 5b       	subi	r30, 0xBD	; 189
    1376:	ff 4f       	sbci	r31, 0xFF	; 255
    1378:	60 81       	ld	r22, Z
    137a:	71 81       	ldd	r23, Z+1	; 0x01
    137c:	82 81       	ldd	r24, Z+2	; 0x02
    137e:	93 81       	ldd	r25, Z+3	; 0x03
    1380:	20 e0       	ldi	r18, 0x00	; 0
    1382:	30 e0       	ldi	r19, 0x00	; 0
    1384:	4a ef       	ldi	r20, 0xFA	; 250
    1386:	54 e4       	ldi	r21, 0x44	; 68
    1388:	0e 94 1f 02 	call	0x43e	; 0x43e <__mulsf3>
    138c:	dc 01       	movw	r26, r24
    138e:	cb 01       	movw	r24, r22
    1390:	f8 01       	movw	r30, r16
    1392:	80 83       	st	Z, r24
    1394:	91 83       	std	Z+1, r25	; 0x01
    1396:	a2 83       	std	Z+2, r26	; 0x02
    1398:	b3 83       	std	Z+3, r27	; 0x03
	if (__tmp < 1.0)
    139a:	fe 01       	movw	r30, r28
    139c:	ff 96       	adiw	r30, 0x3f	; 63
    139e:	60 81       	ld	r22, Z
    13a0:	71 81       	ldd	r23, Z+1	; 0x01
    13a2:	82 81       	ldd	r24, Z+2	; 0x02
    13a4:	93 81       	ldd	r25, Z+3	; 0x03
    13a6:	20 e0       	ldi	r18, 0x00	; 0
    13a8:	30 e0       	ldi	r19, 0x00	; 0
    13aa:	40 e8       	ldi	r20, 0x80	; 128
    13ac:	5f e3       	ldi	r21, 0x3F	; 63
    13ae:	0e 94 79 03 	call	0x6f2	; 0x6f2 <__ltsf2>
    13b2:	88 23       	and	r24, r24
    13b4:	2c f4       	brge	.+10     	; 0x13c0 <main+0x87a>
		__ticks = 1;
    13b6:	81 e0       	ldi	r24, 0x01	; 1
    13b8:	90 e0       	ldi	r25, 0x00	; 0
    13ba:	9e af       	std	Y+62, r25	; 0x3e
    13bc:	8d af       	std	Y+61, r24	; 0x3d
    13be:	46 c0       	rjmp	.+140    	; 0x144c <main+0x906>
	else if (__tmp > 65535)
    13c0:	fe 01       	movw	r30, r28
    13c2:	ff 96       	adiw	r30, 0x3f	; 63
    13c4:	60 81       	ld	r22, Z
    13c6:	71 81       	ldd	r23, Z+1	; 0x01
    13c8:	82 81       	ldd	r24, Z+2	; 0x02
    13ca:	93 81       	ldd	r25, Z+3	; 0x03
    13cc:	20 e0       	ldi	r18, 0x00	; 0
    13ce:	3f ef       	ldi	r19, 0xFF	; 255
    13d0:	4f e7       	ldi	r20, 0x7F	; 127
    13d2:	57 e4       	ldi	r21, 0x47	; 71
    13d4:	0e 94 19 03 	call	0x632	; 0x632 <__gtsf2>
    13d8:	18 16       	cp	r1, r24
    13da:	64 f5       	brge	.+88     	; 0x1434 <main+0x8ee>
	{
		//	__ticks = requested delay in 1/10 ms
		__ticks = (uint16_t) (__ms * 10.0);
    13dc:	fe 01       	movw	r30, r28
    13de:	ed 5b       	subi	r30, 0xBD	; 189
    13e0:	ff 4f       	sbci	r31, 0xFF	; 255
    13e2:	60 81       	ld	r22, Z
    13e4:	71 81       	ldd	r23, Z+1	; 0x01
    13e6:	82 81       	ldd	r24, Z+2	; 0x02
    13e8:	93 81       	ldd	r25, Z+3	; 0x03
    13ea:	20 e0       	ldi	r18, 0x00	; 0
    13ec:	30 e0       	ldi	r19, 0x00	; 0
    13ee:	40 e2       	ldi	r20, 0x20	; 32
    13f0:	51 e4       	ldi	r21, 0x41	; 65
    13f2:	0e 94 1f 02 	call	0x43e	; 0x43e <__mulsf3>
    13f6:	dc 01       	movw	r26, r24
    13f8:	cb 01       	movw	r24, r22
    13fa:	bc 01       	movw	r22, r24
    13fc:	cd 01       	movw	r24, r26
    13fe:	0e 94 49 00 	call	0x92	; 0x92 <__fixunssfsi>
    1402:	dc 01       	movw	r26, r24
    1404:	cb 01       	movw	r24, r22
    1406:	9e af       	std	Y+62, r25	; 0x3e
    1408:	8d af       	std	Y+61, r24	; 0x3d
    140a:	0f c0       	rjmp	.+30     	; 0x142a <main+0x8e4>
    140c:	88 ec       	ldi	r24, 0xC8	; 200
    140e:	90 e0       	ldi	r25, 0x00	; 0
    1410:	9c af       	std	Y+60, r25	; 0x3c
    1412:	8b af       	std	Y+59, r24	; 0x3b
    1414:	8b ad       	ldd	r24, Y+59	; 0x3b
    1416:	9c ad       	ldd	r25, Y+60	; 0x3c
    1418:	01 97       	sbiw	r24, 0x01	; 1
    141a:	f1 f7       	brne	.-4      	; 0x1418 <main+0x8d2>
    141c:	9c af       	std	Y+60, r25	; 0x3c
    141e:	8b af       	std	Y+59, r24	; 0x3b
		while(__ticks)
		{
			// wait 1/10 ms
			_delay_loop_2(((F_CPU) / 4e3) / 10);
			__ticks --;
    1420:	8d ad       	ldd	r24, Y+61	; 0x3d
    1422:	9e ad       	ldd	r25, Y+62	; 0x3e
    1424:	01 97       	sbiw	r24, 0x01	; 1
    1426:	9e af       	std	Y+62, r25	; 0x3e
    1428:	8d af       	std	Y+61, r24	; 0x3d
		__ticks = 1;
	else if (__tmp > 65535)
	{
		//	__ticks = requested delay in 1/10 ms
		__ticks = (uint16_t) (__ms * 10.0);
		while(__ticks)
    142a:	8d ad       	ldd	r24, Y+61	; 0x3d
    142c:	9e ad       	ldd	r25, Y+62	; 0x3e
    142e:	00 97       	sbiw	r24, 0x00	; 0
    1430:	69 f7       	brne	.-38     	; 0x140c <main+0x8c6>
    1432:	16 c0       	rjmp	.+44     	; 0x1460 <main+0x91a>
			__ticks --;
		}
		return;
	}
	else
		__ticks = (uint16_t)__tmp;
    1434:	fe 01       	movw	r30, r28
    1436:	ff 96       	adiw	r30, 0x3f	; 63
    1438:	60 81       	ld	r22, Z
    143a:	71 81       	ldd	r23, Z+1	; 0x01
    143c:	82 81       	ldd	r24, Z+2	; 0x02
    143e:	93 81       	ldd	r25, Z+3	; 0x03
    1440:	0e 94 49 00 	call	0x92	; 0x92 <__fixunssfsi>
    1444:	dc 01       	movw	r26, r24
    1446:	cb 01       	movw	r24, r22
    1448:	9e af       	std	Y+62, r25	; 0x3e
    144a:	8d af       	std	Y+61, r24	; 0x3d
    144c:	8d ad       	ldd	r24, Y+61	; 0x3d
    144e:	9e ad       	ldd	r25, Y+62	; 0x3e
    1450:	9a af       	std	Y+58, r25	; 0x3a
    1452:	89 af       	std	Y+57, r24	; 0x39
    1454:	89 ad       	ldd	r24, Y+57	; 0x39
    1456:	9a ad       	ldd	r25, Y+58	; 0x3a
    1458:	01 97       	sbiw	r24, 0x01	; 1
    145a:	f1 f7       	brne	.-4      	; 0x1458 <main+0x912>
    145c:	9a af       	std	Y+58, r25	; 0x3a
    145e:	89 af       	std	Y+57, r24	; 0x39
				_delay_ms(100);
				if (x== 3){
    1460:	80 91 74 00 	lds	r24, 0x0074
    1464:	90 91 75 00 	lds	r25, 0x0075
    1468:	83 30       	cpi	r24, 0x03	; 3
    146a:	91 05       	cpc	r25, r1
    146c:	21 f4       	brne	.+8      	; 0x1476 <main+0x930>
					x =0 ; // clear counter for further operation
    146e:	10 92 75 00 	sts	0x0075, r1
    1472:	10 92 74 00 	sts	0x0074, r1
				}
				x++ ; // incrementing
    1476:	80 91 74 00 	lds	r24, 0x0074
    147a:	90 91 75 00 	lds	r25, 0x0075
    147e:	01 96       	adiw	r24, 0x01	; 1
    1480:	90 93 75 00 	sts	0x0075, r25
    1484:	80 93 74 00 	sts	0x0074, r24
    1488:	31 cc       	rjmp	.-1950   	; 0xcec <main+0x1a6>

			}

		}
		else if (n==Change_Pass_State){// Receiving the configured byte from MC1 about Changing Password senario
    148a:	80 91 83 00 	lds	r24, 0x0083
    148e:	90 91 84 00 	lds	r25, 0x0084
    1492:	8e 3d       	cpi	r24, 0xDE	; 222
    1494:	91 05       	cpc	r25, r1
    1496:	09 f0       	breq	.+2      	; 0x149a <main+0x954>
    1498:	29 cc       	rjmp	.-1966   	; 0xcec <main+0x1a6>
			for (i=0; i<5 ; i++){ // receive password from MC1
    149a:	10 92 88 00 	sts	0x0088, r1
    149e:	10 92 87 00 	sts	0x0087, r1
    14a2:	13 c0       	rjmp	.+38     	; 0x14ca <main+0x984>
				Str3[i]= UART_recieveByte(); // byte by byte
    14a4:	00 91 87 00 	lds	r16, 0x0087
    14a8:	10 91 88 00 	lds	r17, 0x0088
    14ac:	0e 94 02 14 	call	0x2804	; 0x2804 <UART_recieveByte>
    14b0:	f8 01       	movw	r30, r16
    14b2:	e2 58       	subi	r30, 0x82	; 130
    14b4:	ff 4f       	sbci	r31, 0xFF	; 255
    14b6:	80 83       	st	Z, r24

			}

		}
		else if (n==Change_Pass_State){// Receiving the configured byte from MC1 about Changing Password senario
			for (i=0; i<5 ; i++){ // receive password from MC1
    14b8:	80 91 87 00 	lds	r24, 0x0087
    14bc:	90 91 88 00 	lds	r25, 0x0088
    14c0:	01 96       	adiw	r24, 0x01	; 1
    14c2:	90 93 88 00 	sts	0x0088, r25
    14c6:	80 93 87 00 	sts	0x0087, r24
    14ca:	80 91 87 00 	lds	r24, 0x0087
    14ce:	90 91 88 00 	lds	r25, 0x0088
    14d2:	85 30       	cpi	r24, 0x05	; 5
    14d4:	91 05       	cpc	r25, r1
    14d6:	34 f3       	brlt	.-52     	; 0x14a4 <main+0x95e>
				Str3[i]= UART_recieveByte(); // byte by byte
			}
			for (i=0; i<5 ; i++){ // read the stored password from EEPROM
    14d8:	10 92 88 00 	sts	0x0088, r1
    14dc:	10 92 87 00 	sts	0x0087, r1
    14e0:	8d c0       	rjmp	.+282    	; 0x15fc <main+0xab6>
				EEPROM_readByte(0x0311 + i,&Str1[i]);
    14e2:	80 91 87 00 	lds	r24, 0x0087
    14e6:	90 91 88 00 	lds	r25, 0x0088
    14ea:	8f 5e       	subi	r24, 0xEF	; 239
    14ec:	9c 4f       	sbci	r25, 0xFC	; 252
    14ee:	ac 01       	movw	r20, r24
    14f0:	80 91 87 00 	lds	r24, 0x0087
    14f4:	90 91 88 00 	lds	r25, 0x0088
    14f8:	9c 01       	movw	r18, r24
    14fa:	27 57       	subi	r18, 0x77	; 119
    14fc:	3f 4f       	sbci	r19, 0xFF	; 255
    14fe:	ca 01       	movw	r24, r20
    1500:	b9 01       	movw	r22, r18
    1502:	0e 94 9d 0d 	call	0x1b3a	; 0x1b3a <EEPROM_readByte>
    1506:	80 e0       	ldi	r24, 0x00	; 0
    1508:	90 e0       	ldi	r25, 0x00	; 0
    150a:	a0 e2       	ldi	r26, 0x20	; 32
    150c:	b1 e4       	ldi	r27, 0x41	; 65
    150e:	8d ab       	std	Y+53, r24	; 0x35
    1510:	9e ab       	std	Y+54, r25	; 0x36
    1512:	af ab       	std	Y+55, r26	; 0x37
    1514:	b8 af       	std	Y+56, r27	; 0x38
 */
void
_delay_ms(double __ms)
{
	uint16_t __ticks;
	double __tmp = ((F_CPU) / 4e3) * __ms;
    1516:	6d a9       	ldd	r22, Y+53	; 0x35
    1518:	7e a9       	ldd	r23, Y+54	; 0x36
    151a:	8f a9       	ldd	r24, Y+55	; 0x37
    151c:	98 ad       	ldd	r25, Y+56	; 0x38
    151e:	20 e0       	ldi	r18, 0x00	; 0
    1520:	30 e0       	ldi	r19, 0x00	; 0
    1522:	4a ef       	ldi	r20, 0xFA	; 250
    1524:	54 e4       	ldi	r21, 0x44	; 68
    1526:	0e 94 1f 02 	call	0x43e	; 0x43e <__mulsf3>
    152a:	dc 01       	movw	r26, r24
    152c:	cb 01       	movw	r24, r22
    152e:	89 ab       	std	Y+49, r24	; 0x31
    1530:	9a ab       	std	Y+50, r25	; 0x32
    1532:	ab ab       	std	Y+51, r26	; 0x33
    1534:	bc ab       	std	Y+52, r27	; 0x34
	if (__tmp < 1.0)
    1536:	69 a9       	ldd	r22, Y+49	; 0x31
    1538:	7a a9       	ldd	r23, Y+50	; 0x32
    153a:	8b a9       	ldd	r24, Y+51	; 0x33
    153c:	9c a9       	ldd	r25, Y+52	; 0x34
    153e:	20 e0       	ldi	r18, 0x00	; 0
    1540:	30 e0       	ldi	r19, 0x00	; 0
    1542:	40 e8       	ldi	r20, 0x80	; 128
    1544:	5f e3       	ldi	r21, 0x3F	; 63
    1546:	0e 94 79 03 	call	0x6f2	; 0x6f2 <__ltsf2>
    154a:	88 23       	and	r24, r24
    154c:	2c f4       	brge	.+10     	; 0x1558 <main+0xa12>
		__ticks = 1;
    154e:	81 e0       	ldi	r24, 0x01	; 1
    1550:	90 e0       	ldi	r25, 0x00	; 0
    1552:	98 ab       	std	Y+48, r25	; 0x30
    1554:	8f a7       	std	Y+47, r24	; 0x2f
    1556:	3f c0       	rjmp	.+126    	; 0x15d6 <main+0xa90>
	else if (__tmp > 65535)
    1558:	69 a9       	ldd	r22, Y+49	; 0x31
    155a:	7a a9       	ldd	r23, Y+50	; 0x32
    155c:	8b a9       	ldd	r24, Y+51	; 0x33
    155e:	9c a9       	ldd	r25, Y+52	; 0x34
    1560:	20 e0       	ldi	r18, 0x00	; 0
    1562:	3f ef       	ldi	r19, 0xFF	; 255
    1564:	4f e7       	ldi	r20, 0x7F	; 127
    1566:	57 e4       	ldi	r21, 0x47	; 71
    1568:	0e 94 19 03 	call	0x632	; 0x632 <__gtsf2>
    156c:	18 16       	cp	r1, r24
    156e:	4c f5       	brge	.+82     	; 0x15c2 <main+0xa7c>
	{
		//	__ticks = requested delay in 1/10 ms
		__ticks = (uint16_t) (__ms * 10.0);
    1570:	6d a9       	ldd	r22, Y+53	; 0x35
    1572:	7e a9       	ldd	r23, Y+54	; 0x36
    1574:	8f a9       	ldd	r24, Y+55	; 0x37
    1576:	98 ad       	ldd	r25, Y+56	; 0x38
    1578:	20 e0       	ldi	r18, 0x00	; 0
    157a:	30 e0       	ldi	r19, 0x00	; 0
    157c:	40 e2       	ldi	r20, 0x20	; 32
    157e:	51 e4       	ldi	r21, 0x41	; 65
    1580:	0e 94 1f 02 	call	0x43e	; 0x43e <__mulsf3>
    1584:	dc 01       	movw	r26, r24
    1586:	cb 01       	movw	r24, r22
    1588:	bc 01       	movw	r22, r24
    158a:	cd 01       	movw	r24, r26
    158c:	0e 94 49 00 	call	0x92	; 0x92 <__fixunssfsi>
    1590:	dc 01       	movw	r26, r24
    1592:	cb 01       	movw	r24, r22
    1594:	98 ab       	std	Y+48, r25	; 0x30
    1596:	8f a7       	std	Y+47, r24	; 0x2f
    1598:	0f c0       	rjmp	.+30     	; 0x15b8 <main+0xa72>
    159a:	88 ec       	ldi	r24, 0xC8	; 200
    159c:	90 e0       	ldi	r25, 0x00	; 0
    159e:	9e a7       	std	Y+46, r25	; 0x2e
    15a0:	8d a7       	std	Y+45, r24	; 0x2d
    15a2:	8d a5       	ldd	r24, Y+45	; 0x2d
    15a4:	9e a5       	ldd	r25, Y+46	; 0x2e
    15a6:	01 97       	sbiw	r24, 0x01	; 1
    15a8:	f1 f7       	brne	.-4      	; 0x15a6 <main+0xa60>
    15aa:	9e a7       	std	Y+46, r25	; 0x2e
    15ac:	8d a7       	std	Y+45, r24	; 0x2d
		while(__ticks)
		{
			// wait 1/10 ms
			_delay_loop_2(((F_CPU) / 4e3) / 10);
			__ticks --;
    15ae:	8f a5       	ldd	r24, Y+47	; 0x2f
    15b0:	98 a9       	ldd	r25, Y+48	; 0x30
    15b2:	01 97       	sbiw	r24, 0x01	; 1
    15b4:	98 ab       	std	Y+48, r25	; 0x30
    15b6:	8f a7       	std	Y+47, r24	; 0x2f
		__ticks = 1;
	else if (__tmp > 65535)
	{
		//	__ticks = requested delay in 1/10 ms
		__ticks = (uint16_t) (__ms * 10.0);
		while(__ticks)
    15b8:	8f a5       	ldd	r24, Y+47	; 0x2f
    15ba:	98 a9       	ldd	r25, Y+48	; 0x30
    15bc:	00 97       	sbiw	r24, 0x00	; 0
    15be:	69 f7       	brne	.-38     	; 0x159a <main+0xa54>
    15c0:	14 c0       	rjmp	.+40     	; 0x15ea <main+0xaa4>
			__ticks --;
		}
		return;
	}
	else
		__ticks = (uint16_t)__tmp;
    15c2:	69 a9       	ldd	r22, Y+49	; 0x31
    15c4:	7a a9       	ldd	r23, Y+50	; 0x32
    15c6:	8b a9       	ldd	r24, Y+51	; 0x33
    15c8:	9c a9       	ldd	r25, Y+52	; 0x34
    15ca:	0e 94 49 00 	call	0x92	; 0x92 <__fixunssfsi>
    15ce:	dc 01       	movw	r26, r24
    15d0:	cb 01       	movw	r24, r22
    15d2:	98 ab       	std	Y+48, r25	; 0x30
    15d4:	8f a7       	std	Y+47, r24	; 0x2f
    15d6:	8f a5       	ldd	r24, Y+47	; 0x2f
    15d8:	98 a9       	ldd	r25, Y+48	; 0x30
    15da:	9c a7       	std	Y+44, r25	; 0x2c
    15dc:	8b a7       	std	Y+43, r24	; 0x2b
    15de:	8b a5       	ldd	r24, Y+43	; 0x2b
    15e0:	9c a5       	ldd	r25, Y+44	; 0x2c
    15e2:	01 97       	sbiw	r24, 0x01	; 1
    15e4:	f1 f7       	brne	.-4      	; 0x15e2 <main+0xa9c>
    15e6:	9c a7       	std	Y+44, r25	; 0x2c
    15e8:	8b a7       	std	Y+43, r24	; 0x2b
		}
		else if (n==Change_Pass_State){// Receiving the configured byte from MC1 about Changing Password senario
			for (i=0; i<5 ; i++){ // receive password from MC1
				Str3[i]= UART_recieveByte(); // byte by byte
			}
			for (i=0; i<5 ; i++){ // read the stored password from EEPROM
    15ea:	80 91 87 00 	lds	r24, 0x0087
    15ee:	90 91 88 00 	lds	r25, 0x0088
    15f2:	01 96       	adiw	r24, 0x01	; 1
    15f4:	90 93 88 00 	sts	0x0088, r25
    15f8:	80 93 87 00 	sts	0x0087, r24
    15fc:	80 91 87 00 	lds	r24, 0x0087
    1600:	90 91 88 00 	lds	r25, 0x0088
    1604:	85 30       	cpi	r24, 0x05	; 5
    1606:	91 05       	cpc	r25, r1
    1608:	0c f4       	brge	.+2      	; 0x160c <main+0xac6>
    160a:	6b cf       	rjmp	.-298    	; 0x14e2 <main+0x99c>
				EEPROM_readByte(0x0311 + i,&Str1[i]);
				_delay_ms(10);
			}
			for (i=0 ; i<5; i++){ // Compare them
    160c:	10 92 88 00 	sts	0x0088, r1
    1610:	10 92 87 00 	sts	0x0087, r1
    1614:	26 c0       	rjmp	.+76     	; 0x1662 <main+0xb1c>
				if (Str3[i] != Saved_Pass[i] ){ // if not matches set flag n =1
    1616:	80 91 87 00 	lds	r24, 0x0087
    161a:	90 91 88 00 	lds	r25, 0x0088
    161e:	fc 01       	movw	r30, r24
    1620:	e2 58       	subi	r30, 0x82	; 130
    1622:	ff 4f       	sbci	r31, 0xFF	; 255
    1624:	20 81       	ld	r18, Z
    1626:	80 91 87 00 	lds	r24, 0x0087
    162a:	90 91 88 00 	lds	r25, 0x0088
    162e:	fc 01       	movw	r30, r24
    1630:	eb 56       	subi	r30, 0x6B	; 107
    1632:	ff 4f       	sbci	r31, 0xFF	; 255
    1634:	80 81       	ld	r24, Z
    1636:	28 17       	cp	r18, r24
    1638:	39 f0       	breq	.+14     	; 0x1648 <main+0xb02>
					n = 1 ;
    163a:	81 e0       	ldi	r24, 0x01	; 1
    163c:	90 e0       	ldi	r25, 0x00	; 0
    163e:	90 93 84 00 	sts	0x0084, r25
    1642:	80 93 83 00 	sts	0x0083, r24
    1646:	14 c0       	rjmp	.+40     	; 0x1670 <main+0xb2a>
					break ;
				}else { // if  matches set flag n =0
					n =  0 ;
    1648:	10 92 84 00 	sts	0x0084, r1
    164c:	10 92 83 00 	sts	0x0083, r1
			}
			for (i=0; i<5 ; i++){ // read the stored password from EEPROM
				EEPROM_readByte(0x0311 + i,&Str1[i]);
				_delay_ms(10);
			}
			for (i=0 ; i<5; i++){ // Compare them
    1650:	80 91 87 00 	lds	r24, 0x0087
    1654:	90 91 88 00 	lds	r25, 0x0088
    1658:	01 96       	adiw	r24, 0x01	; 1
    165a:	90 93 88 00 	sts	0x0088, r25
    165e:	80 93 87 00 	sts	0x0087, r24
    1662:	80 91 87 00 	lds	r24, 0x0087
    1666:	90 91 88 00 	lds	r25, 0x0088
    166a:	85 30       	cpi	r24, 0x05	; 5
    166c:	91 05       	cpc	r25, r1
    166e:	9c f2       	brlt	.-90     	; 0x1616 <main+0xad0>
    1670:	80 e0       	ldi	r24, 0x00	; 0
    1672:	90 e0       	ldi	r25, 0x00	; 0
    1674:	a0 e2       	ldi	r26, 0x20	; 32
    1676:	b1 e4       	ldi	r27, 0x41	; 65
    1678:	8f a3       	std	Y+39, r24	; 0x27
    167a:	98 a7       	std	Y+40, r25	; 0x28
    167c:	a9 a7       	std	Y+41, r26	; 0x29
    167e:	ba a7       	std	Y+42, r27	; 0x2a
 */
void
_delay_ms(double __ms)
{
	uint16_t __ticks;
	double __tmp = ((F_CPU) / 4e3) * __ms;
    1680:	6f a1       	ldd	r22, Y+39	; 0x27
    1682:	78 a5       	ldd	r23, Y+40	; 0x28
    1684:	89 a5       	ldd	r24, Y+41	; 0x29
    1686:	9a a5       	ldd	r25, Y+42	; 0x2a
    1688:	20 e0       	ldi	r18, 0x00	; 0
    168a:	30 e0       	ldi	r19, 0x00	; 0
    168c:	4a ef       	ldi	r20, 0xFA	; 250
    168e:	54 e4       	ldi	r21, 0x44	; 68
    1690:	0e 94 1f 02 	call	0x43e	; 0x43e <__mulsf3>
    1694:	dc 01       	movw	r26, r24
    1696:	cb 01       	movw	r24, r22
    1698:	8b a3       	std	Y+35, r24	; 0x23
    169a:	9c a3       	std	Y+36, r25	; 0x24
    169c:	ad a3       	std	Y+37, r26	; 0x25
    169e:	be a3       	std	Y+38, r27	; 0x26
	if (__tmp < 1.0)
    16a0:	6b a1       	ldd	r22, Y+35	; 0x23
    16a2:	7c a1       	ldd	r23, Y+36	; 0x24
    16a4:	8d a1       	ldd	r24, Y+37	; 0x25
    16a6:	9e a1       	ldd	r25, Y+38	; 0x26
    16a8:	20 e0       	ldi	r18, 0x00	; 0
    16aa:	30 e0       	ldi	r19, 0x00	; 0
    16ac:	40 e8       	ldi	r20, 0x80	; 128
    16ae:	5f e3       	ldi	r21, 0x3F	; 63
    16b0:	0e 94 79 03 	call	0x6f2	; 0x6f2 <__ltsf2>
    16b4:	88 23       	and	r24, r24
    16b6:	2c f4       	brge	.+10     	; 0x16c2 <main+0xb7c>
		__ticks = 1;
    16b8:	81 e0       	ldi	r24, 0x01	; 1
    16ba:	90 e0       	ldi	r25, 0x00	; 0
    16bc:	9a a3       	std	Y+34, r25	; 0x22
    16be:	89 a3       	std	Y+33, r24	; 0x21
    16c0:	3f c0       	rjmp	.+126    	; 0x1740 <main+0xbfa>
	else if (__tmp > 65535)
    16c2:	6b a1       	ldd	r22, Y+35	; 0x23
    16c4:	7c a1       	ldd	r23, Y+36	; 0x24
    16c6:	8d a1       	ldd	r24, Y+37	; 0x25
    16c8:	9e a1       	ldd	r25, Y+38	; 0x26
    16ca:	20 e0       	ldi	r18, 0x00	; 0
    16cc:	3f ef       	ldi	r19, 0xFF	; 255
    16ce:	4f e7       	ldi	r20, 0x7F	; 127
    16d0:	57 e4       	ldi	r21, 0x47	; 71
    16d2:	0e 94 19 03 	call	0x632	; 0x632 <__gtsf2>
    16d6:	18 16       	cp	r1, r24
    16d8:	4c f5       	brge	.+82     	; 0x172c <main+0xbe6>
	{
		//	__ticks = requested delay in 1/10 ms
		__ticks = (uint16_t) (__ms * 10.0);
    16da:	6f a1       	ldd	r22, Y+39	; 0x27
    16dc:	78 a5       	ldd	r23, Y+40	; 0x28
    16de:	89 a5       	ldd	r24, Y+41	; 0x29
    16e0:	9a a5       	ldd	r25, Y+42	; 0x2a
    16e2:	20 e0       	ldi	r18, 0x00	; 0
    16e4:	30 e0       	ldi	r19, 0x00	; 0
    16e6:	40 e2       	ldi	r20, 0x20	; 32
    16e8:	51 e4       	ldi	r21, 0x41	; 65
    16ea:	0e 94 1f 02 	call	0x43e	; 0x43e <__mulsf3>
    16ee:	dc 01       	movw	r26, r24
    16f0:	cb 01       	movw	r24, r22
    16f2:	bc 01       	movw	r22, r24
    16f4:	cd 01       	movw	r24, r26
    16f6:	0e 94 49 00 	call	0x92	; 0x92 <__fixunssfsi>
    16fa:	dc 01       	movw	r26, r24
    16fc:	cb 01       	movw	r24, r22
    16fe:	9a a3       	std	Y+34, r25	; 0x22
    1700:	89 a3       	std	Y+33, r24	; 0x21
    1702:	0f c0       	rjmp	.+30     	; 0x1722 <main+0xbdc>
    1704:	88 ec       	ldi	r24, 0xC8	; 200
    1706:	90 e0       	ldi	r25, 0x00	; 0
    1708:	98 a3       	std	Y+32, r25	; 0x20
    170a:	8f 8f       	std	Y+31, r24	; 0x1f
    170c:	8f 8d       	ldd	r24, Y+31	; 0x1f
    170e:	98 a1       	ldd	r25, Y+32	; 0x20
    1710:	01 97       	sbiw	r24, 0x01	; 1
    1712:	f1 f7       	brne	.-4      	; 0x1710 <main+0xbca>
    1714:	98 a3       	std	Y+32, r25	; 0x20
    1716:	8f 8f       	std	Y+31, r24	; 0x1f
		while(__ticks)
		{
			// wait 1/10 ms
			_delay_loop_2(((F_CPU) / 4e3) / 10);
			__ticks --;
    1718:	89 a1       	ldd	r24, Y+33	; 0x21
    171a:	9a a1       	ldd	r25, Y+34	; 0x22
    171c:	01 97       	sbiw	r24, 0x01	; 1
    171e:	9a a3       	std	Y+34, r25	; 0x22
    1720:	89 a3       	std	Y+33, r24	; 0x21
		__ticks = 1;
	else if (__tmp > 65535)
	{
		//	__ticks = requested delay in 1/10 ms
		__ticks = (uint16_t) (__ms * 10.0);
		while(__ticks)
    1722:	89 a1       	ldd	r24, Y+33	; 0x21
    1724:	9a a1       	ldd	r25, Y+34	; 0x22
    1726:	00 97       	sbiw	r24, 0x00	; 0
    1728:	69 f7       	brne	.-38     	; 0x1704 <main+0xbbe>
    172a:	14 c0       	rjmp	.+40     	; 0x1754 <main+0xc0e>
			__ticks --;
		}
		return;
	}
	else
		__ticks = (uint16_t)__tmp;
    172c:	6b a1       	ldd	r22, Y+35	; 0x23
    172e:	7c a1       	ldd	r23, Y+36	; 0x24
    1730:	8d a1       	ldd	r24, Y+37	; 0x25
    1732:	9e a1       	ldd	r25, Y+38	; 0x26
    1734:	0e 94 49 00 	call	0x92	; 0x92 <__fixunssfsi>
    1738:	dc 01       	movw	r26, r24
    173a:	cb 01       	movw	r24, r22
    173c:	9a a3       	std	Y+34, r25	; 0x22
    173e:	89 a3       	std	Y+33, r24	; 0x21
    1740:	89 a1       	ldd	r24, Y+33	; 0x21
    1742:	9a a1       	ldd	r25, Y+34	; 0x22
    1744:	9e 8f       	std	Y+30, r25	; 0x1e
    1746:	8d 8f       	std	Y+29, r24	; 0x1d
    1748:	8d 8d       	ldd	r24, Y+29	; 0x1d
    174a:	9e 8d       	ldd	r25, Y+30	; 0x1e
    174c:	01 97       	sbiw	r24, 0x01	; 1
    174e:	f1 f7       	brne	.-4      	; 0x174c <main+0xc06>
    1750:	9e 8f       	std	Y+30, r25	; 0x1e
    1752:	8d 8f       	std	Y+29, r24	; 0x1d
				}else { // if  matches set flag n =0
					n =  0 ;
				}
			}
			_delay_ms(10);
			if (n == 0){ // if matches
    1754:	80 91 83 00 	lds	r24, 0x0083
    1758:	90 91 84 00 	lds	r25, 0x0084
    175c:	00 97       	sbiw	r24, 0x00	; 0
    175e:	09 f0       	breq	.+2      	; 0x1762 <main+0xc1c>
    1760:	76 c0       	rjmp	.+236    	; 0x184e <main+0xd08>
				UART_sendByte(OK); // send command to MC1 to let the user change his set up
    1762:	80 e0       	ldi	r24, 0x00	; 0
    1764:	0e 94 eb 13 	call	0x27d6	; 0x27d6 <UART_sendByte>
    1768:	80 e0       	ldi	r24, 0x00	; 0
    176a:	90 e0       	ldi	r25, 0x00	; 0
    176c:	a8 ec       	ldi	r26, 0xC8	; 200
    176e:	b2 e4       	ldi	r27, 0x42	; 66
    1770:	89 8f       	std	Y+25, r24	; 0x19
    1772:	9a 8f       	std	Y+26, r25	; 0x1a
    1774:	ab 8f       	std	Y+27, r26	; 0x1b
    1776:	bc 8f       	std	Y+28, r27	; 0x1c
 */
void
_delay_ms(double __ms)
{
	uint16_t __ticks;
	double __tmp = ((F_CPU) / 4e3) * __ms;
    1778:	69 8d       	ldd	r22, Y+25	; 0x19
    177a:	7a 8d       	ldd	r23, Y+26	; 0x1a
    177c:	8b 8d       	ldd	r24, Y+27	; 0x1b
    177e:	9c 8d       	ldd	r25, Y+28	; 0x1c
    1780:	20 e0       	ldi	r18, 0x00	; 0
    1782:	30 e0       	ldi	r19, 0x00	; 0
    1784:	4a ef       	ldi	r20, 0xFA	; 250
    1786:	54 e4       	ldi	r21, 0x44	; 68
    1788:	0e 94 1f 02 	call	0x43e	; 0x43e <__mulsf3>
    178c:	dc 01       	movw	r26, r24
    178e:	cb 01       	movw	r24, r22
    1790:	8d 8b       	std	Y+21, r24	; 0x15
    1792:	9e 8b       	std	Y+22, r25	; 0x16
    1794:	af 8b       	std	Y+23, r26	; 0x17
    1796:	b8 8f       	std	Y+24, r27	; 0x18
	if (__tmp < 1.0)
    1798:	6d 89       	ldd	r22, Y+21	; 0x15
    179a:	7e 89       	ldd	r23, Y+22	; 0x16
    179c:	8f 89       	ldd	r24, Y+23	; 0x17
    179e:	98 8d       	ldd	r25, Y+24	; 0x18
    17a0:	20 e0       	ldi	r18, 0x00	; 0
    17a2:	30 e0       	ldi	r19, 0x00	; 0
    17a4:	40 e8       	ldi	r20, 0x80	; 128
    17a6:	5f e3       	ldi	r21, 0x3F	; 63
    17a8:	0e 94 79 03 	call	0x6f2	; 0x6f2 <__ltsf2>
    17ac:	88 23       	and	r24, r24
    17ae:	2c f4       	brge	.+10     	; 0x17ba <main+0xc74>
		__ticks = 1;
    17b0:	81 e0       	ldi	r24, 0x01	; 1
    17b2:	90 e0       	ldi	r25, 0x00	; 0
    17b4:	9c 8b       	std	Y+20, r25	; 0x14
    17b6:	8b 8b       	std	Y+19, r24	; 0x13
    17b8:	3f c0       	rjmp	.+126    	; 0x1838 <main+0xcf2>
	else if (__tmp > 65535)
    17ba:	6d 89       	ldd	r22, Y+21	; 0x15
    17bc:	7e 89       	ldd	r23, Y+22	; 0x16
    17be:	8f 89       	ldd	r24, Y+23	; 0x17
    17c0:	98 8d       	ldd	r25, Y+24	; 0x18
    17c2:	20 e0       	ldi	r18, 0x00	; 0
    17c4:	3f ef       	ldi	r19, 0xFF	; 255
    17c6:	4f e7       	ldi	r20, 0x7F	; 127
    17c8:	57 e4       	ldi	r21, 0x47	; 71
    17ca:	0e 94 19 03 	call	0x632	; 0x632 <__gtsf2>
    17ce:	18 16       	cp	r1, r24
    17d0:	4c f5       	brge	.+82     	; 0x1824 <main+0xcde>
	{
		//	__ticks = requested delay in 1/10 ms
		__ticks = (uint16_t) (__ms * 10.0);
    17d2:	69 8d       	ldd	r22, Y+25	; 0x19
    17d4:	7a 8d       	ldd	r23, Y+26	; 0x1a
    17d6:	8b 8d       	ldd	r24, Y+27	; 0x1b
    17d8:	9c 8d       	ldd	r25, Y+28	; 0x1c
    17da:	20 e0       	ldi	r18, 0x00	; 0
    17dc:	30 e0       	ldi	r19, 0x00	; 0
    17de:	40 e2       	ldi	r20, 0x20	; 32
    17e0:	51 e4       	ldi	r21, 0x41	; 65
    17e2:	0e 94 1f 02 	call	0x43e	; 0x43e <__mulsf3>
    17e6:	dc 01       	movw	r26, r24
    17e8:	cb 01       	movw	r24, r22
    17ea:	bc 01       	movw	r22, r24
    17ec:	cd 01       	movw	r24, r26
    17ee:	0e 94 49 00 	call	0x92	; 0x92 <__fixunssfsi>
    17f2:	dc 01       	movw	r26, r24
    17f4:	cb 01       	movw	r24, r22
    17f6:	9c 8b       	std	Y+20, r25	; 0x14
    17f8:	8b 8b       	std	Y+19, r24	; 0x13
    17fa:	0f c0       	rjmp	.+30     	; 0x181a <main+0xcd4>
    17fc:	88 ec       	ldi	r24, 0xC8	; 200
    17fe:	90 e0       	ldi	r25, 0x00	; 0
    1800:	9a 8b       	std	Y+18, r25	; 0x12
    1802:	89 8b       	std	Y+17, r24	; 0x11
    1804:	89 89       	ldd	r24, Y+17	; 0x11
    1806:	9a 89       	ldd	r25, Y+18	; 0x12
    1808:	01 97       	sbiw	r24, 0x01	; 1
    180a:	f1 f7       	brne	.-4      	; 0x1808 <main+0xcc2>
    180c:	9a 8b       	std	Y+18, r25	; 0x12
    180e:	89 8b       	std	Y+17, r24	; 0x11
		while(__ticks)
		{
			// wait 1/10 ms
			_delay_loop_2(((F_CPU) / 4e3) / 10);
			__ticks --;
    1810:	8b 89       	ldd	r24, Y+19	; 0x13
    1812:	9c 89       	ldd	r25, Y+20	; 0x14
    1814:	01 97       	sbiw	r24, 0x01	; 1
    1816:	9c 8b       	std	Y+20, r25	; 0x14
    1818:	8b 8b       	std	Y+19, r24	; 0x13
		__ticks = 1;
	else if (__tmp > 65535)
	{
		//	__ticks = requested delay in 1/10 ms
		__ticks = (uint16_t) (__ms * 10.0);
		while(__ticks)
    181a:	8b 89       	ldd	r24, Y+19	; 0x13
    181c:	9c 89       	ldd	r25, Y+20	; 0x14
    181e:	00 97       	sbiw	r24, 0x00	; 0
    1820:	69 f7       	brne	.-38     	; 0x17fc <main+0xcb6>
    1822:	64 ca       	rjmp	.-2872   	; 0xcec <main+0x1a6>
			__ticks --;
		}
		return;
	}
	else
		__ticks = (uint16_t)__tmp;
    1824:	6d 89       	ldd	r22, Y+21	; 0x15
    1826:	7e 89       	ldd	r23, Y+22	; 0x16
    1828:	8f 89       	ldd	r24, Y+23	; 0x17
    182a:	98 8d       	ldd	r25, Y+24	; 0x18
    182c:	0e 94 49 00 	call	0x92	; 0x92 <__fixunssfsi>
    1830:	dc 01       	movw	r26, r24
    1832:	cb 01       	movw	r24, r22
    1834:	9c 8b       	std	Y+20, r25	; 0x14
    1836:	8b 8b       	std	Y+19, r24	; 0x13
    1838:	8b 89       	ldd	r24, Y+19	; 0x13
    183a:	9c 89       	ldd	r25, Y+20	; 0x14
    183c:	98 8b       	std	Y+16, r25	; 0x10
    183e:	8f 87       	std	Y+15, r24	; 0x0f
    1840:	8f 85       	ldd	r24, Y+15	; 0x0f
    1842:	98 89       	ldd	r25, Y+16	; 0x10
    1844:	01 97       	sbiw	r24, 0x01	; 1
    1846:	f1 f7       	brne	.-4      	; 0x1844 <main+0xcfe>
    1848:	98 8b       	std	Y+16, r25	; 0x10
    184a:	8f 87       	std	Y+15, r24	; 0x0f
    184c:	4f ca       	rjmp	.-2914   	; 0xcec <main+0x1a6>
				_delay_ms(100);
				continue ;
			}else if (n == 1){ // if not matches
    184e:	80 91 83 00 	lds	r24, 0x0083
    1852:	90 91 84 00 	lds	r25, 0x0084
    1856:	81 30       	cpi	r24, 0x01	; 1
    1858:	91 05       	cpc	r25, r1
    185a:	09 f0       	breq	.+2      	; 0x185e <main+0xd18>
    185c:	47 ca       	rjmp	.-2930   	; 0xcec <main+0x1a6>
				if (y == 3){ // if the user inserted the password wrong for 3 times
    185e:	80 91 76 00 	lds	r24, 0x0076
    1862:	90 91 77 00 	lds	r25, 0x0077
    1866:	83 30       	cpi	r24, 0x03	; 3
    1868:	91 05       	cpc	r25, r1
    186a:	59 f4       	brne	.+22     	; 0x1882 <main+0xd3c>
					Timer0_SetcallBack(&BUZZER_ON_MIN); // set call back buzzer function
    186c:	80 e1       	ldi	r24, 0x10	; 16
    186e:	9d e0       	ldi	r25, 0x0D	; 13
    1870:	0e 94 7a 12 	call	0x24f4	; 0x24f4 <Timer0_SetcallBack>
					Timer0_init(&config); // init it
    1874:	ce 01       	movw	r24, r28
    1876:	89 58       	subi	r24, 0x89	; 137
    1878:	9f 4f       	sbci	r25, 0xFF	; 255
    187a:	0e 94 17 12 	call	0x242e	; 0x242e <Timer0_init>
					Buzzer_On(); // turn on buzzer for 1min and turn off using timer driver
    187e:	0e 94 44 0d 	call	0x1a88	; 0x1a88 <Buzzer_On>
				}
				again1 = NOT_OK + y ;
    1882:	80 91 76 00 	lds	r24, 0x0076
    1886:	90 91 77 00 	lds	r25, 0x0077
    188a:	03 96       	adiw	r24, 0x03	; 3
    188c:	90 93 86 00 	sts	0x0086, r25
    1890:	80 93 85 00 	sts	0x0085, r24
				UART_sendByte(again1); // Send command for MC1 about how many times he entered the password wrong
    1894:	80 91 85 00 	lds	r24, 0x0085
    1898:	90 91 86 00 	lds	r25, 0x0086
    189c:	0e 94 eb 13 	call	0x27d6	; 0x27d6 <UART_sendByte>
    18a0:	80 e0       	ldi	r24, 0x00	; 0
    18a2:	90 e0       	ldi	r25, 0x00	; 0
    18a4:	a8 ec       	ldi	r26, 0xC8	; 200
    18a6:	b2 e4       	ldi	r27, 0x42	; 66
    18a8:	8b 87       	std	Y+11, r24	; 0x0b
    18aa:	9c 87       	std	Y+12, r25	; 0x0c
    18ac:	ad 87       	std	Y+13, r26	; 0x0d
    18ae:	be 87       	std	Y+14, r27	; 0x0e
 */
void
_delay_ms(double __ms)
{
	uint16_t __ticks;
	double __tmp = ((F_CPU) / 4e3) * __ms;
    18b0:	6b 85       	ldd	r22, Y+11	; 0x0b
    18b2:	7c 85       	ldd	r23, Y+12	; 0x0c
    18b4:	8d 85       	ldd	r24, Y+13	; 0x0d
    18b6:	9e 85       	ldd	r25, Y+14	; 0x0e
    18b8:	20 e0       	ldi	r18, 0x00	; 0
    18ba:	30 e0       	ldi	r19, 0x00	; 0
    18bc:	4a ef       	ldi	r20, 0xFA	; 250
    18be:	54 e4       	ldi	r21, 0x44	; 68
    18c0:	0e 94 1f 02 	call	0x43e	; 0x43e <__mulsf3>
    18c4:	dc 01       	movw	r26, r24
    18c6:	cb 01       	movw	r24, r22
    18c8:	8f 83       	std	Y+7, r24	; 0x07
    18ca:	98 87       	std	Y+8, r25	; 0x08
    18cc:	a9 87       	std	Y+9, r26	; 0x09
    18ce:	ba 87       	std	Y+10, r27	; 0x0a
	if (__tmp < 1.0)
    18d0:	6f 81       	ldd	r22, Y+7	; 0x07
    18d2:	78 85       	ldd	r23, Y+8	; 0x08
    18d4:	89 85       	ldd	r24, Y+9	; 0x09
    18d6:	9a 85       	ldd	r25, Y+10	; 0x0a
    18d8:	20 e0       	ldi	r18, 0x00	; 0
    18da:	30 e0       	ldi	r19, 0x00	; 0
    18dc:	40 e8       	ldi	r20, 0x80	; 128
    18de:	5f e3       	ldi	r21, 0x3F	; 63
    18e0:	0e 94 79 03 	call	0x6f2	; 0x6f2 <__ltsf2>
    18e4:	88 23       	and	r24, r24
    18e6:	2c f4       	brge	.+10     	; 0x18f2 <main+0xdac>
		__ticks = 1;
    18e8:	81 e0       	ldi	r24, 0x01	; 1
    18ea:	90 e0       	ldi	r25, 0x00	; 0
    18ec:	9e 83       	std	Y+6, r25	; 0x06
    18ee:	8d 83       	std	Y+5, r24	; 0x05
    18f0:	3f c0       	rjmp	.+126    	; 0x1970 <main+0xe2a>
	else if (__tmp > 65535)
    18f2:	6f 81       	ldd	r22, Y+7	; 0x07
    18f4:	78 85       	ldd	r23, Y+8	; 0x08
    18f6:	89 85       	ldd	r24, Y+9	; 0x09
    18f8:	9a 85       	ldd	r25, Y+10	; 0x0a
    18fa:	20 e0       	ldi	r18, 0x00	; 0
    18fc:	3f ef       	ldi	r19, 0xFF	; 255
    18fe:	4f e7       	ldi	r20, 0x7F	; 127
    1900:	57 e4       	ldi	r21, 0x47	; 71
    1902:	0e 94 19 03 	call	0x632	; 0x632 <__gtsf2>
    1906:	18 16       	cp	r1, r24
    1908:	4c f5       	brge	.+82     	; 0x195c <main+0xe16>
	{
		//	__ticks = requested delay in 1/10 ms
		__ticks = (uint16_t) (__ms * 10.0);
    190a:	6b 85       	ldd	r22, Y+11	; 0x0b
    190c:	7c 85       	ldd	r23, Y+12	; 0x0c
    190e:	8d 85       	ldd	r24, Y+13	; 0x0d
    1910:	9e 85       	ldd	r25, Y+14	; 0x0e
    1912:	20 e0       	ldi	r18, 0x00	; 0
    1914:	30 e0       	ldi	r19, 0x00	; 0
    1916:	40 e2       	ldi	r20, 0x20	; 32
    1918:	51 e4       	ldi	r21, 0x41	; 65
    191a:	0e 94 1f 02 	call	0x43e	; 0x43e <__mulsf3>
    191e:	dc 01       	movw	r26, r24
    1920:	cb 01       	movw	r24, r22
    1922:	bc 01       	movw	r22, r24
    1924:	cd 01       	movw	r24, r26
    1926:	0e 94 49 00 	call	0x92	; 0x92 <__fixunssfsi>
    192a:	dc 01       	movw	r26, r24
    192c:	cb 01       	movw	r24, r22
    192e:	9e 83       	std	Y+6, r25	; 0x06
    1930:	8d 83       	std	Y+5, r24	; 0x05
    1932:	0f c0       	rjmp	.+30     	; 0x1952 <main+0xe0c>
    1934:	88 ec       	ldi	r24, 0xC8	; 200
    1936:	90 e0       	ldi	r25, 0x00	; 0
    1938:	9c 83       	std	Y+4, r25	; 0x04
    193a:	8b 83       	std	Y+3, r24	; 0x03
    193c:	8b 81       	ldd	r24, Y+3	; 0x03
    193e:	9c 81       	ldd	r25, Y+4	; 0x04
    1940:	01 97       	sbiw	r24, 0x01	; 1
    1942:	f1 f7       	brne	.-4      	; 0x1940 <main+0xdfa>
    1944:	9c 83       	std	Y+4, r25	; 0x04
    1946:	8b 83       	std	Y+3, r24	; 0x03
		while(__ticks)
		{
			// wait 1/10 ms
			_delay_loop_2(((F_CPU) / 4e3) / 10);
			__ticks --;
    1948:	8d 81       	ldd	r24, Y+5	; 0x05
    194a:	9e 81       	ldd	r25, Y+6	; 0x06
    194c:	01 97       	sbiw	r24, 0x01	; 1
    194e:	9e 83       	std	Y+6, r25	; 0x06
    1950:	8d 83       	std	Y+5, r24	; 0x05
		__ticks = 1;
	else if (__tmp > 65535)
	{
		//	__ticks = requested delay in 1/10 ms
		__ticks = (uint16_t) (__ms * 10.0);
		while(__ticks)
    1952:	8d 81       	ldd	r24, Y+5	; 0x05
    1954:	9e 81       	ldd	r25, Y+6	; 0x06
    1956:	00 97       	sbiw	r24, 0x00	; 0
    1958:	69 f7       	brne	.-38     	; 0x1934 <main+0xdee>
    195a:	14 c0       	rjmp	.+40     	; 0x1984 <main+0xe3e>
			__ticks --;
		}
		return;
	}
	else
		__ticks = (uint16_t)__tmp;
    195c:	6f 81       	ldd	r22, Y+7	; 0x07
    195e:	78 85       	ldd	r23, Y+8	; 0x08
    1960:	89 85       	ldd	r24, Y+9	; 0x09
    1962:	9a 85       	ldd	r25, Y+10	; 0x0a
    1964:	0e 94 49 00 	call	0x92	; 0x92 <__fixunssfsi>
    1968:	dc 01       	movw	r26, r24
    196a:	cb 01       	movw	r24, r22
    196c:	9e 83       	std	Y+6, r25	; 0x06
    196e:	8d 83       	std	Y+5, r24	; 0x05
    1970:	8d 81       	ldd	r24, Y+5	; 0x05
    1972:	9e 81       	ldd	r25, Y+6	; 0x06
    1974:	9a 83       	std	Y+2, r25	; 0x02
    1976:	89 83       	std	Y+1, r24	; 0x01
    1978:	89 81       	ldd	r24, Y+1	; 0x01
    197a:	9a 81       	ldd	r25, Y+2	; 0x02
    197c:	01 97       	sbiw	r24, 0x01	; 1
    197e:	f1 f7       	brne	.-4      	; 0x197c <main+0xe36>
    1980:	9a 83       	std	Y+2, r25	; 0x02
    1982:	89 83       	std	Y+1, r24	; 0x01
				_delay_ms(100);
				if (y== 3){
    1984:	80 91 76 00 	lds	r24, 0x0076
    1988:	90 91 77 00 	lds	r25, 0x0077
    198c:	83 30       	cpi	r24, 0x03	; 3
    198e:	91 05       	cpc	r25, r1
    1990:	21 f4       	brne	.+8      	; 0x199a <main+0xe54>
					y =0 ; // clear counter for further operation
    1992:	10 92 77 00 	sts	0x0077, r1
    1996:	10 92 76 00 	sts	0x0076, r1
				}
				y++ ; // increment counter by 1
    199a:	80 91 76 00 	lds	r24, 0x0076
    199e:	90 91 77 00 	lds	r25, 0x0077
    19a2:	01 96       	adiw	r24, 0x01	; 1
    19a4:	90 93 77 00 	sts	0x0077, r25
    19a8:	80 93 76 00 	sts	0x0076, r24
    19ac:	9f c9       	rjmp	.-3266   	; 0xcec <main+0x1a6>

000019ae <Timer0_Door_Delay>:
 * Call back function for door delay Function that is called every interrupt
 As we have choosen prescale 1024 , OCR0 = 250 , therefore new clock is 7812.5 , each clock will take
 0.000128 sec ,   0.000128 sec x 250 , therefore every interrupt will come after 0.032 , therefore each 1 sec will
 come after 31.25 ticks
 */
void Timer0_Door_Delay(void){
    19ae:	df 93       	push	r29
    19b0:	cf 93       	push	r28
    19b2:	cd b7       	in	r28, 0x3d	; 61
    19b4:	de b7       	in	r29, 0x3e	; 62

	if (tick1 == 469){// AFTER 15 SEC 31.25 X 15 = 468.75 ~ 469
    19b6:	80 91 78 00 	lds	r24, 0x0078
    19ba:	90 91 79 00 	lds	r25, 0x0079
    19be:	21 e0       	ldi	r18, 0x01	; 1
    19c0:	85 3d       	cpi	r24, 0xD5	; 213
    19c2:	92 07       	cpc	r25, r18
    19c4:	21 f4       	brne	.+8      	; 0x19ce <Timer0_Door_Delay+0x20>
		Dc_Motor_Rotate(Stop); // Stop motor after 3s of operation
    19c6:	82 e0       	ldi	r24, 0x02	; 2
    19c8:	0e 94 56 11 	call	0x22ac	; 0x22ac <Dc_Motor_Rotate>
    19cc:	1d c0       	rjmp	.+58     	; 0x1a08 <Timer0_Door_Delay+0x5a>
	}else if (tick1 ==562){// AFTER 18 SEC 31.25 X 18 = 562.5 ~ 562
    19ce:	80 91 78 00 	lds	r24, 0x0078
    19d2:	90 91 79 00 	lds	r25, 0x0079
    19d6:	22 e0       	ldi	r18, 0x02	; 2
    19d8:	82 33       	cpi	r24, 0x32	; 50
    19da:	92 07       	cpc	r25, r18
    19dc:	21 f4       	brne	.+8      	; 0x19e6 <Timer0_Door_Delay+0x38>
		Dc_Motor_Rotate(Rot_A_CW );// re start the motor to rotate in opposite direction for 15s
    19de:	81 e0       	ldi	r24, 0x01	; 1
    19e0:	0e 94 56 11 	call	0x22ac	; 0x22ac <Dc_Motor_Rotate>
    19e4:	11 c0       	rjmp	.+34     	; 0x1a08 <Timer0_Door_Delay+0x5a>
	}else if (tick1 == 1031){// AFTER 33 SEC 31.25 X 33 = 1031.25 ~ 1031
    19e6:	80 91 78 00 	lds	r24, 0x0078
    19ea:	90 91 79 00 	lds	r25, 0x0079
    19ee:	24 e0       	ldi	r18, 0x04	; 4
    19f0:	87 30       	cpi	r24, 0x07	; 7
    19f2:	92 07       	cpc	r25, r18
    19f4:	49 f4       	brne	.+18     	; 0x1a08 <Timer0_Door_Delay+0x5a>
		Dc_Motor_Rotate(Stop); // Stop the motor
    19f6:	82 e0       	ldi	r24, 0x02	; 2
    19f8:	0e 94 56 11 	call	0x22ac	; 0x22ac <Dc_Motor_Rotate>
		Time0_deinit();// Disable timer
    19fc:	0e 94 8c 12 	call	0x2518	; 0x2518 <Time0_deinit>
		tick1 = 0 ; // clear tick times for further opertion
    1a00:	10 92 79 00 	sts	0x0079, r1
    1a04:	10 92 78 00 	sts	0x0078, r1
	}
	tick1 ++ ; // increment ticks
    1a08:	80 91 78 00 	lds	r24, 0x0078
    1a0c:	90 91 79 00 	lds	r25, 0x0079
    1a10:	01 96       	adiw	r24, 0x01	; 1
    1a12:	90 93 79 00 	sts	0x0079, r25
    1a16:	80 93 78 00 	sts	0x0078, r24
}
    1a1a:	cf 91       	pop	r28
    1a1c:	df 91       	pop	r29
    1a1e:	08 95       	ret

00001a20 <BUZZER_ON_MIN>:
 * Call back function for Buzzer delay Function that is called every interrupt
 As we have choosen prescale 1024 , OCR0 = 250 , therefore new clock is 7812.5 , each clock will take
 0.000128 sec ,   0.000128 sec x 250 , therefore every interrupt will come after 0.032 , therefore each 1 sec will
 come after 31.25 ticks
 */
void BUZZER_ON_MIN(void){
    1a20:	df 93       	push	r29
    1a22:	cf 93       	push	r28
    1a24:	cd b7       	in	r28, 0x3d	; 61
    1a26:	de b7       	in	r29, 0x3e	; 62

	if (tick2 == 1875){ // AFTER 1 min = 60 SEC 31.25 X 60 = 1875
    1a28:	80 91 7a 00 	lds	r24, 0x007A
    1a2c:	90 91 7b 00 	lds	r25, 0x007B
    1a30:	27 e0       	ldi	r18, 0x07	; 7
    1a32:	83 35       	cpi	r24, 0x53	; 83
    1a34:	92 07       	cpc	r25, r18
    1a36:	81 f4       	brne	.+32     	; 0x1a58 <BUZZER_ON_MIN+0x38>
		Buzzer_Off(); // Turn off buzzer after 1min of operation
    1a38:	0e 94 50 0d 	call	0x1aa0	; 0x1aa0 <Buzzer_Off>
		Time0_deinit();// disable timer
    1a3c:	0e 94 8c 12 	call	0x2518	; 0x2518 <Time0_deinit>
		tick2 = 0 ; // clear ticks for further operation
    1a40:	10 92 7b 00 	sts	0x007B, r1
    1a44:	10 92 7a 00 	sts	0x007A, r1
		x = 0 ; // clear the counted number of the user to enter the password wrong
    1a48:	10 92 75 00 	sts	0x0075, r1
    1a4c:	10 92 74 00 	sts	0x0074, r1
		y = 0 ;// clear the counted number of the user to enter the password wrong
    1a50:	10 92 77 00 	sts	0x0077, r1
    1a54:	10 92 76 00 	sts	0x0076, r1
	}
	tick2 ++ ;// increment ticks
    1a58:	80 91 7a 00 	lds	r24, 0x007A
    1a5c:	90 91 7b 00 	lds	r25, 0x007B
    1a60:	01 96       	adiw	r24, 0x01	; 1
    1a62:	90 93 7b 00 	sts	0x007B, r25
    1a66:	80 93 7a 00 	sts	0x007A, r24
}
    1a6a:	cf 91       	pop	r28
    1a6c:	df 91       	pop	r29
    1a6e:	08 95       	ret

00001a70 <Buzzer_inint>:
                             FUNCTIONS DEFINATION
 ***************************************************************************/
/*
 * This Function Used for setting type of the pin connected to buzzer to be output
 */
void Buzzer_inint(void){
    1a70:	df 93       	push	r29
    1a72:	cf 93       	push	r28
    1a74:	cd b7       	in	r28, 0x3d	; 61
    1a76:	de b7       	in	r29, 0x3e	; 62
	GPIO_setupPinDirection(PORT_BUZZER_ID,PIN_BUZZER_ID,PIN_OUTPUT); // Output Pin
    1a78:	83 e0       	ldi	r24, 0x03	; 3
    1a7a:	64 e0       	ldi	r22, 0x04	; 4
    1a7c:	41 e0       	ldi	r20, 0x01	; 1
    1a7e:	0e 94 fd 0d 	call	0x1bfa	; 0x1bfa <GPIO_setupPinDirection>

}
    1a82:	cf 91       	pop	r28
    1a84:	df 91       	pop	r29
    1a86:	08 95       	ret

00001a88 <Buzzer_On>:
/*
 * This Function Used for setting the pin to give logic high  --> Turn on Buzzer
 */
void Buzzer_On(void){
    1a88:	df 93       	push	r29
    1a8a:	cf 93       	push	r28
    1a8c:	cd b7       	in	r28, 0x3d	; 61
    1a8e:	de b7       	in	r29, 0x3e	; 62
	GPIO_writePin(PORT_BUZZER_ID,PIN_BUZZER_ID, LOGIC_HIGH);//Turn on Buzzer
    1a90:	83 e0       	ldi	r24, 0x03	; 3
    1a92:	64 e0       	ldi	r22, 0x04	; 4
    1a94:	41 e0       	ldi	r20, 0x01	; 1
    1a96:	0e 94 e8 0e 	call	0x1dd0	; 0x1dd0 <GPIO_writePin>
}
    1a9a:	cf 91       	pop	r28
    1a9c:	df 91       	pop	r29
    1a9e:	08 95       	ret

00001aa0 <Buzzer_Off>:
/*
 * This Function Used for setting the pin to give logic low  --> Turn off Buzzer
 */
void Buzzer_Off(void){
    1aa0:	df 93       	push	r29
    1aa2:	cf 93       	push	r28
    1aa4:	cd b7       	in	r28, 0x3d	; 61
    1aa6:	de b7       	in	r29, 0x3e	; 62
	GPIO_writePin(PORT_BUZZER_ID,PIN_BUZZER_ID, LOGIC_LOW); // Turn off Buzzer
    1aa8:	83 e0       	ldi	r24, 0x03	; 3
    1aaa:	64 e0       	ldi	r22, 0x04	; 4
    1aac:	40 e0       	ldi	r20, 0x00	; 0
    1aae:	0e 94 e8 0e 	call	0x1dd0	; 0x1dd0 <GPIO_writePin>
}
    1ab2:	cf 91       	pop	r28
    1ab4:	df 91       	pop	r29
    1ab6:	08 95       	ret

00001ab8 <EEPROM_writeByte>:
 *******************************************************************************/
#include "external_eeprom.h"
#include "twi.h"

uint8 EEPROM_writeByte(uint16 u16addr, uint8 u8data)
{
    1ab8:	df 93       	push	r29
    1aba:	cf 93       	push	r28
    1abc:	00 d0       	rcall	.+0      	; 0x1abe <EEPROM_writeByte+0x6>
    1abe:	00 d0       	rcall	.+0      	; 0x1ac0 <EEPROM_writeByte+0x8>
    1ac0:	cd b7       	in	r28, 0x3d	; 61
    1ac2:	de b7       	in	r29, 0x3e	; 62
    1ac4:	9a 83       	std	Y+2, r25	; 0x02
    1ac6:	89 83       	std	Y+1, r24	; 0x01
    1ac8:	6b 83       	std	Y+3, r22	; 0x03
	/* Send the Start Bit */
    TWI_start();
    1aca:	0e 94 d4 12 	call	0x25a8	; 0x25a8 <TWI_start>
    if (TWI_getStatus() != TWI_START)
    1ace:	0e 94 2c 13 	call	0x2658	; 0x2658 <TWI_getStatus>
    1ad2:	88 30       	cpi	r24, 0x08	; 8
    1ad4:	11 f0       	breq	.+4      	; 0x1ada <EEPROM_writeByte+0x22>
        return ERROR;
    1ad6:	1c 82       	std	Y+4, r1	; 0x04
    1ad8:	28 c0       	rjmp	.+80     	; 0x1b2a <EEPROM_writeByte+0x72>
		
    /* Send the device address, we need to get A8 A9 A10 address bits from the
     * memory location address and R/W=0 (write) */
    TWI_writeByte((uint8)(0xA0 | ((u16addr & 0x0700)>>7)));
    1ada:	89 81       	ldd	r24, Y+1	; 0x01
    1adc:	9a 81       	ldd	r25, Y+2	; 0x02
    1ade:	80 70       	andi	r24, 0x00	; 0
    1ae0:	97 70       	andi	r25, 0x07	; 7
    1ae2:	88 0f       	add	r24, r24
    1ae4:	89 2f       	mov	r24, r25
    1ae6:	88 1f       	adc	r24, r24
    1ae8:	99 0b       	sbc	r25, r25
    1aea:	91 95       	neg	r25
    1aec:	80 6a       	ori	r24, 0xA0	; 160
    1aee:	0e 94 ef 12 	call	0x25de	; 0x25de <TWI_writeByte>
    if (TWI_getStatus() != TWI_MT_SLA_W_ACK)
    1af2:	0e 94 2c 13 	call	0x2658	; 0x2658 <TWI_getStatus>
    1af6:	88 31       	cpi	r24, 0x18	; 24
    1af8:	11 f0       	breq	.+4      	; 0x1afe <EEPROM_writeByte+0x46>
        return ERROR; 
    1afa:	1c 82       	std	Y+4, r1	; 0x04
    1afc:	16 c0       	rjmp	.+44     	; 0x1b2a <EEPROM_writeByte+0x72>
		 
    /* Send the required memory location address */
    TWI_writeByte((uint8)(u16addr));
    1afe:	89 81       	ldd	r24, Y+1	; 0x01
    1b00:	0e 94 ef 12 	call	0x25de	; 0x25de <TWI_writeByte>
    if (TWI_getStatus() != TWI_MT_DATA_ACK)
    1b04:	0e 94 2c 13 	call	0x2658	; 0x2658 <TWI_getStatus>
    1b08:	88 32       	cpi	r24, 0x28	; 40
    1b0a:	11 f0       	breq	.+4      	; 0x1b10 <EEPROM_writeByte+0x58>
        return ERROR;
    1b0c:	1c 82       	std	Y+4, r1	; 0x04
    1b0e:	0d c0       	rjmp	.+26     	; 0x1b2a <EEPROM_writeByte+0x72>
		
    /* write byte to eeprom */
    TWI_writeByte(u8data);
    1b10:	8b 81       	ldd	r24, Y+3	; 0x03
    1b12:	0e 94 ef 12 	call	0x25de	; 0x25de <TWI_writeByte>
    if (TWI_getStatus() != TWI_MT_DATA_ACK)
    1b16:	0e 94 2c 13 	call	0x2658	; 0x2658 <TWI_getStatus>
    1b1a:	88 32       	cpi	r24, 0x28	; 40
    1b1c:	11 f0       	breq	.+4      	; 0x1b22 <EEPROM_writeByte+0x6a>
        return ERROR;
    1b1e:	1c 82       	std	Y+4, r1	; 0x04
    1b20:	04 c0       	rjmp	.+8      	; 0x1b2a <EEPROM_writeByte+0x72>

    /* Send the Stop Bit */
    TWI_stop();
    1b22:	0e 94 e4 12 	call	0x25c8	; 0x25c8 <TWI_stop>
	
    return SUCCESS;
    1b26:	81 e0       	ldi	r24, 0x01	; 1
    1b28:	8c 83       	std	Y+4, r24	; 0x04
    1b2a:	8c 81       	ldd	r24, Y+4	; 0x04
}
    1b2c:	0f 90       	pop	r0
    1b2e:	0f 90       	pop	r0
    1b30:	0f 90       	pop	r0
    1b32:	0f 90       	pop	r0
    1b34:	cf 91       	pop	r28
    1b36:	df 91       	pop	r29
    1b38:	08 95       	ret

00001b3a <EEPROM_readByte>:

uint8 EEPROM_readByte(uint16 u16addr, uint8 *u8data)
{
    1b3a:	df 93       	push	r29
    1b3c:	cf 93       	push	r28
    1b3e:	00 d0       	rcall	.+0      	; 0x1b40 <EEPROM_readByte+0x6>
    1b40:	00 d0       	rcall	.+0      	; 0x1b42 <EEPROM_readByte+0x8>
    1b42:	0f 92       	push	r0
    1b44:	cd b7       	in	r28, 0x3d	; 61
    1b46:	de b7       	in	r29, 0x3e	; 62
    1b48:	9a 83       	std	Y+2, r25	; 0x02
    1b4a:	89 83       	std	Y+1, r24	; 0x01
    1b4c:	7c 83       	std	Y+4, r23	; 0x04
    1b4e:	6b 83       	std	Y+3, r22	; 0x03
	/* Send the Start Bit */
    TWI_start();
    1b50:	0e 94 d4 12 	call	0x25a8	; 0x25a8 <TWI_start>
    if (TWI_getStatus() != TWI_START)
    1b54:	0e 94 2c 13 	call	0x2658	; 0x2658 <TWI_getStatus>
    1b58:	88 30       	cpi	r24, 0x08	; 8
    1b5a:	11 f0       	breq	.+4      	; 0x1b60 <EEPROM_readByte+0x26>
        return ERROR;
    1b5c:	1d 82       	std	Y+5, r1	; 0x05
    1b5e:	44 c0       	rjmp	.+136    	; 0x1be8 <EEPROM_readByte+0xae>
		
    /* Send the device address, we need to get A8 A9 A10 address bits from the
     * memory location address and R/W=0 (write) */
    TWI_writeByte((uint8)((0xA0) | ((u16addr & 0x0700)>>7)));
    1b60:	89 81       	ldd	r24, Y+1	; 0x01
    1b62:	9a 81       	ldd	r25, Y+2	; 0x02
    1b64:	80 70       	andi	r24, 0x00	; 0
    1b66:	97 70       	andi	r25, 0x07	; 7
    1b68:	88 0f       	add	r24, r24
    1b6a:	89 2f       	mov	r24, r25
    1b6c:	88 1f       	adc	r24, r24
    1b6e:	99 0b       	sbc	r25, r25
    1b70:	91 95       	neg	r25
    1b72:	80 6a       	ori	r24, 0xA0	; 160
    1b74:	0e 94 ef 12 	call	0x25de	; 0x25de <TWI_writeByte>
    if (TWI_getStatus() != TWI_MT_SLA_W_ACK)
    1b78:	0e 94 2c 13 	call	0x2658	; 0x2658 <TWI_getStatus>
    1b7c:	88 31       	cpi	r24, 0x18	; 24
    1b7e:	11 f0       	breq	.+4      	; 0x1b84 <EEPROM_readByte+0x4a>
        return ERROR;
    1b80:	1d 82       	std	Y+5, r1	; 0x05
    1b82:	32 c0       	rjmp	.+100    	; 0x1be8 <EEPROM_readByte+0xae>
		
    /* Send the required memory location address */
    TWI_writeByte((uint8)(u16addr));
    1b84:	89 81       	ldd	r24, Y+1	; 0x01
    1b86:	0e 94 ef 12 	call	0x25de	; 0x25de <TWI_writeByte>
    if (TWI_getStatus() != TWI_MT_DATA_ACK)
    1b8a:	0e 94 2c 13 	call	0x2658	; 0x2658 <TWI_getStatus>
    1b8e:	88 32       	cpi	r24, 0x28	; 40
    1b90:	11 f0       	breq	.+4      	; 0x1b96 <EEPROM_readByte+0x5c>
        return ERROR;
    1b92:	1d 82       	std	Y+5, r1	; 0x05
    1b94:	29 c0       	rjmp	.+82     	; 0x1be8 <EEPROM_readByte+0xae>
		
    /* Send the Repeated Start Bit */
    TWI_start();
    1b96:	0e 94 d4 12 	call	0x25a8	; 0x25a8 <TWI_start>
    if (TWI_getStatus() != TWI_REP_START)
    1b9a:	0e 94 2c 13 	call	0x2658	; 0x2658 <TWI_getStatus>
    1b9e:	80 31       	cpi	r24, 0x10	; 16
    1ba0:	11 f0       	breq	.+4      	; 0x1ba6 <EEPROM_readByte+0x6c>
        return ERROR;
    1ba2:	1d 82       	std	Y+5, r1	; 0x05
    1ba4:	21 c0       	rjmp	.+66     	; 0x1be8 <EEPROM_readByte+0xae>
		
    /* Send the device address, we need to get A8 A9 A10 address bits from the
     * memory location address and R/W=1 (Read) */
    TWI_writeByte((uint8)((0xA0) | ((u16addr & 0x0700)>>7) | 1));
    1ba6:	89 81       	ldd	r24, Y+1	; 0x01
    1ba8:	9a 81       	ldd	r25, Y+2	; 0x02
    1baa:	80 70       	andi	r24, 0x00	; 0
    1bac:	97 70       	andi	r25, 0x07	; 7
    1bae:	88 0f       	add	r24, r24
    1bb0:	89 2f       	mov	r24, r25
    1bb2:	88 1f       	adc	r24, r24
    1bb4:	99 0b       	sbc	r25, r25
    1bb6:	91 95       	neg	r25
    1bb8:	81 6a       	ori	r24, 0xA1	; 161
    1bba:	0e 94 ef 12 	call	0x25de	; 0x25de <TWI_writeByte>
    if (TWI_getStatus() != TWI_MT_SLA_R_ACK)
    1bbe:	0e 94 2c 13 	call	0x2658	; 0x2658 <TWI_getStatus>
    1bc2:	80 34       	cpi	r24, 0x40	; 64
    1bc4:	11 f0       	breq	.+4      	; 0x1bca <EEPROM_readByte+0x90>
        return ERROR;
    1bc6:	1d 82       	std	Y+5, r1	; 0x05
    1bc8:	0f c0       	rjmp	.+30     	; 0x1be8 <EEPROM_readByte+0xae>

    /* Read Byte from Memory without send ACK */
    *u8data = TWI_readByteWithNACK();
    1bca:	0e 94 19 13 	call	0x2632	; 0x2632 <TWI_readByteWithNACK>
    1bce:	eb 81       	ldd	r30, Y+3	; 0x03
    1bd0:	fc 81       	ldd	r31, Y+4	; 0x04
    1bd2:	80 83       	st	Z, r24
    if (TWI_getStatus() != TWI_MR_DATA_NACK)
    1bd4:	0e 94 2c 13 	call	0x2658	; 0x2658 <TWI_getStatus>
    1bd8:	88 35       	cpi	r24, 0x58	; 88
    1bda:	11 f0       	breq	.+4      	; 0x1be0 <EEPROM_readByte+0xa6>
        return ERROR;
    1bdc:	1d 82       	std	Y+5, r1	; 0x05
    1bde:	04 c0       	rjmp	.+8      	; 0x1be8 <EEPROM_readByte+0xae>

    /* Send the Stop Bit */
    TWI_stop();
    1be0:	0e 94 e4 12 	call	0x25c8	; 0x25c8 <TWI_stop>

    return SUCCESS;
    1be4:	81 e0       	ldi	r24, 0x01	; 1
    1be6:	8d 83       	std	Y+5, r24	; 0x05
    1be8:	8d 81       	ldd	r24, Y+5	; 0x05
}
    1bea:	0f 90       	pop	r0
    1bec:	0f 90       	pop	r0
    1bee:	0f 90       	pop	r0
    1bf0:	0f 90       	pop	r0
    1bf2:	0f 90       	pop	r0
    1bf4:	cf 91       	pop	r28
    1bf6:	df 91       	pop	r29
    1bf8:	08 95       	ret

00001bfa <GPIO_setupPinDirection>:
 * Description :
 * Setup the direction of the required pin input/output.
 * If the input port number or pin number are not correct, The function will not handle the request.
 */
void GPIO_setupPinDirection(uint8 port_num, uint8 pin_num, GPIO_PinDirectionType direction)
{
    1bfa:	df 93       	push	r29
    1bfc:	cf 93       	push	r28
    1bfe:	00 d0       	rcall	.+0      	; 0x1c00 <GPIO_setupPinDirection+0x6>
    1c00:	00 d0       	rcall	.+0      	; 0x1c02 <GPIO_setupPinDirection+0x8>
    1c02:	0f 92       	push	r0
    1c04:	cd b7       	in	r28, 0x3d	; 61
    1c06:	de b7       	in	r29, 0x3e	; 62
    1c08:	89 83       	std	Y+1, r24	; 0x01
    1c0a:	6a 83       	std	Y+2, r22	; 0x02
    1c0c:	4b 83       	std	Y+3, r20	; 0x03
	/*
	 * Check if the input port number is greater than NUM_OF_PINS_PER_PORT value.
	 * Or if the input pin number is greater than NUM_OF_PINS_PER_PORT value.
	 * In this case the input is not valid port/pin number
	 */
	if((pin_num >= NUM_OF_PINS_PER_PORT) || (port_num >= NUM_OF_PORTS))
    1c0e:	8a 81       	ldd	r24, Y+2	; 0x02
    1c10:	88 30       	cpi	r24, 0x08	; 8
    1c12:	08 f0       	brcs	.+2      	; 0x1c16 <GPIO_setupPinDirection+0x1c>
    1c14:	d5 c0       	rjmp	.+426    	; 0x1dc0 <GPIO_setupPinDirection+0x1c6>
    1c16:	89 81       	ldd	r24, Y+1	; 0x01
    1c18:	84 30       	cpi	r24, 0x04	; 4
    1c1a:	08 f0       	brcs	.+2      	; 0x1c1e <GPIO_setupPinDirection+0x24>
    1c1c:	d1 c0       	rjmp	.+418    	; 0x1dc0 <GPIO_setupPinDirection+0x1c6>
		/* Do Nothing */
	}
	else
	{
		/* Setup the pin direction as required */
		switch(port_num)
    1c1e:	89 81       	ldd	r24, Y+1	; 0x01
    1c20:	28 2f       	mov	r18, r24
    1c22:	30 e0       	ldi	r19, 0x00	; 0
    1c24:	3d 83       	std	Y+5, r19	; 0x05
    1c26:	2c 83       	std	Y+4, r18	; 0x04
    1c28:	8c 81       	ldd	r24, Y+4	; 0x04
    1c2a:	9d 81       	ldd	r25, Y+5	; 0x05
    1c2c:	81 30       	cpi	r24, 0x01	; 1
    1c2e:	91 05       	cpc	r25, r1
    1c30:	09 f4       	brne	.+2      	; 0x1c34 <GPIO_setupPinDirection+0x3a>
    1c32:	43 c0       	rjmp	.+134    	; 0x1cba <GPIO_setupPinDirection+0xc0>
    1c34:	2c 81       	ldd	r18, Y+4	; 0x04
    1c36:	3d 81       	ldd	r19, Y+5	; 0x05
    1c38:	22 30       	cpi	r18, 0x02	; 2
    1c3a:	31 05       	cpc	r19, r1
    1c3c:	2c f4       	brge	.+10     	; 0x1c48 <GPIO_setupPinDirection+0x4e>
    1c3e:	8c 81       	ldd	r24, Y+4	; 0x04
    1c40:	9d 81       	ldd	r25, Y+5	; 0x05
    1c42:	00 97       	sbiw	r24, 0x00	; 0
    1c44:	71 f0       	breq	.+28     	; 0x1c62 <GPIO_setupPinDirection+0x68>
    1c46:	bc c0       	rjmp	.+376    	; 0x1dc0 <GPIO_setupPinDirection+0x1c6>
    1c48:	2c 81       	ldd	r18, Y+4	; 0x04
    1c4a:	3d 81       	ldd	r19, Y+5	; 0x05
    1c4c:	22 30       	cpi	r18, 0x02	; 2
    1c4e:	31 05       	cpc	r19, r1
    1c50:	09 f4       	brne	.+2      	; 0x1c54 <GPIO_setupPinDirection+0x5a>
    1c52:	5f c0       	rjmp	.+190    	; 0x1d12 <GPIO_setupPinDirection+0x118>
    1c54:	8c 81       	ldd	r24, Y+4	; 0x04
    1c56:	9d 81       	ldd	r25, Y+5	; 0x05
    1c58:	83 30       	cpi	r24, 0x03	; 3
    1c5a:	91 05       	cpc	r25, r1
    1c5c:	09 f4       	brne	.+2      	; 0x1c60 <GPIO_setupPinDirection+0x66>
    1c5e:	85 c0       	rjmp	.+266    	; 0x1d6a <GPIO_setupPinDirection+0x170>
    1c60:	af c0       	rjmp	.+350    	; 0x1dc0 <GPIO_setupPinDirection+0x1c6>
		{
		case PORTA_ID:
			if(direction == PIN_OUTPUT)
    1c62:	8b 81       	ldd	r24, Y+3	; 0x03
    1c64:	81 30       	cpi	r24, 0x01	; 1
    1c66:	a1 f4       	brne	.+40     	; 0x1c90 <GPIO_setupPinDirection+0x96>
			{
				SET_BIT(DDRA,pin_num);
    1c68:	aa e3       	ldi	r26, 0x3A	; 58
    1c6a:	b0 e0       	ldi	r27, 0x00	; 0
    1c6c:	ea e3       	ldi	r30, 0x3A	; 58
    1c6e:	f0 e0       	ldi	r31, 0x00	; 0
    1c70:	80 81       	ld	r24, Z
    1c72:	48 2f       	mov	r20, r24
    1c74:	8a 81       	ldd	r24, Y+2	; 0x02
    1c76:	28 2f       	mov	r18, r24
    1c78:	30 e0       	ldi	r19, 0x00	; 0
    1c7a:	81 e0       	ldi	r24, 0x01	; 1
    1c7c:	90 e0       	ldi	r25, 0x00	; 0
    1c7e:	02 2e       	mov	r0, r18
    1c80:	02 c0       	rjmp	.+4      	; 0x1c86 <GPIO_setupPinDirection+0x8c>
    1c82:	88 0f       	add	r24, r24
    1c84:	99 1f       	adc	r25, r25
    1c86:	0a 94       	dec	r0
    1c88:	e2 f7       	brpl	.-8      	; 0x1c82 <GPIO_setupPinDirection+0x88>
    1c8a:	84 2b       	or	r24, r20
    1c8c:	8c 93       	st	X, r24
    1c8e:	98 c0       	rjmp	.+304    	; 0x1dc0 <GPIO_setupPinDirection+0x1c6>
			}
			else
			{
				CLEAR_BIT(DDRA,pin_num);
    1c90:	aa e3       	ldi	r26, 0x3A	; 58
    1c92:	b0 e0       	ldi	r27, 0x00	; 0
    1c94:	ea e3       	ldi	r30, 0x3A	; 58
    1c96:	f0 e0       	ldi	r31, 0x00	; 0
    1c98:	80 81       	ld	r24, Z
    1c9a:	48 2f       	mov	r20, r24
    1c9c:	8a 81       	ldd	r24, Y+2	; 0x02
    1c9e:	28 2f       	mov	r18, r24
    1ca0:	30 e0       	ldi	r19, 0x00	; 0
    1ca2:	81 e0       	ldi	r24, 0x01	; 1
    1ca4:	90 e0       	ldi	r25, 0x00	; 0
    1ca6:	02 2e       	mov	r0, r18
    1ca8:	02 c0       	rjmp	.+4      	; 0x1cae <GPIO_setupPinDirection+0xb4>
    1caa:	88 0f       	add	r24, r24
    1cac:	99 1f       	adc	r25, r25
    1cae:	0a 94       	dec	r0
    1cb0:	e2 f7       	brpl	.-8      	; 0x1caa <GPIO_setupPinDirection+0xb0>
    1cb2:	80 95       	com	r24
    1cb4:	84 23       	and	r24, r20
    1cb6:	8c 93       	st	X, r24
    1cb8:	83 c0       	rjmp	.+262    	; 0x1dc0 <GPIO_setupPinDirection+0x1c6>
			}
			break;
		case PORTB_ID:
			if(direction == PIN_OUTPUT)
    1cba:	8b 81       	ldd	r24, Y+3	; 0x03
    1cbc:	81 30       	cpi	r24, 0x01	; 1
    1cbe:	a1 f4       	brne	.+40     	; 0x1ce8 <GPIO_setupPinDirection+0xee>
			{
				SET_BIT(DDRB,pin_num);
    1cc0:	a7 e3       	ldi	r26, 0x37	; 55
    1cc2:	b0 e0       	ldi	r27, 0x00	; 0
    1cc4:	e7 e3       	ldi	r30, 0x37	; 55
    1cc6:	f0 e0       	ldi	r31, 0x00	; 0
    1cc8:	80 81       	ld	r24, Z
    1cca:	48 2f       	mov	r20, r24
    1ccc:	8a 81       	ldd	r24, Y+2	; 0x02
    1cce:	28 2f       	mov	r18, r24
    1cd0:	30 e0       	ldi	r19, 0x00	; 0
    1cd2:	81 e0       	ldi	r24, 0x01	; 1
    1cd4:	90 e0       	ldi	r25, 0x00	; 0
    1cd6:	02 2e       	mov	r0, r18
    1cd8:	02 c0       	rjmp	.+4      	; 0x1cde <GPIO_setupPinDirection+0xe4>
    1cda:	88 0f       	add	r24, r24
    1cdc:	99 1f       	adc	r25, r25
    1cde:	0a 94       	dec	r0
    1ce0:	e2 f7       	brpl	.-8      	; 0x1cda <GPIO_setupPinDirection+0xe0>
    1ce2:	84 2b       	or	r24, r20
    1ce4:	8c 93       	st	X, r24
    1ce6:	6c c0       	rjmp	.+216    	; 0x1dc0 <GPIO_setupPinDirection+0x1c6>
			}
			else
			{
				CLEAR_BIT(DDRB,pin_num);
    1ce8:	a7 e3       	ldi	r26, 0x37	; 55
    1cea:	b0 e0       	ldi	r27, 0x00	; 0
    1cec:	e7 e3       	ldi	r30, 0x37	; 55
    1cee:	f0 e0       	ldi	r31, 0x00	; 0
    1cf0:	80 81       	ld	r24, Z
    1cf2:	48 2f       	mov	r20, r24
    1cf4:	8a 81       	ldd	r24, Y+2	; 0x02
    1cf6:	28 2f       	mov	r18, r24
    1cf8:	30 e0       	ldi	r19, 0x00	; 0
    1cfa:	81 e0       	ldi	r24, 0x01	; 1
    1cfc:	90 e0       	ldi	r25, 0x00	; 0
    1cfe:	02 2e       	mov	r0, r18
    1d00:	02 c0       	rjmp	.+4      	; 0x1d06 <GPIO_setupPinDirection+0x10c>
    1d02:	88 0f       	add	r24, r24
    1d04:	99 1f       	adc	r25, r25
    1d06:	0a 94       	dec	r0
    1d08:	e2 f7       	brpl	.-8      	; 0x1d02 <GPIO_setupPinDirection+0x108>
    1d0a:	80 95       	com	r24
    1d0c:	84 23       	and	r24, r20
    1d0e:	8c 93       	st	X, r24
    1d10:	57 c0       	rjmp	.+174    	; 0x1dc0 <GPIO_setupPinDirection+0x1c6>
			}
			break;
		case PORTC_ID:
			if(direction == PIN_OUTPUT)
    1d12:	8b 81       	ldd	r24, Y+3	; 0x03
    1d14:	81 30       	cpi	r24, 0x01	; 1
    1d16:	a1 f4       	brne	.+40     	; 0x1d40 <GPIO_setupPinDirection+0x146>
			{
				SET_BIT(DDRC,pin_num);
    1d18:	a4 e3       	ldi	r26, 0x34	; 52
    1d1a:	b0 e0       	ldi	r27, 0x00	; 0
    1d1c:	e4 e3       	ldi	r30, 0x34	; 52
    1d1e:	f0 e0       	ldi	r31, 0x00	; 0
    1d20:	80 81       	ld	r24, Z
    1d22:	48 2f       	mov	r20, r24
    1d24:	8a 81       	ldd	r24, Y+2	; 0x02
    1d26:	28 2f       	mov	r18, r24
    1d28:	30 e0       	ldi	r19, 0x00	; 0
    1d2a:	81 e0       	ldi	r24, 0x01	; 1
    1d2c:	90 e0       	ldi	r25, 0x00	; 0
    1d2e:	02 2e       	mov	r0, r18
    1d30:	02 c0       	rjmp	.+4      	; 0x1d36 <GPIO_setupPinDirection+0x13c>
    1d32:	88 0f       	add	r24, r24
    1d34:	99 1f       	adc	r25, r25
    1d36:	0a 94       	dec	r0
    1d38:	e2 f7       	brpl	.-8      	; 0x1d32 <GPIO_setupPinDirection+0x138>
    1d3a:	84 2b       	or	r24, r20
    1d3c:	8c 93       	st	X, r24
    1d3e:	40 c0       	rjmp	.+128    	; 0x1dc0 <GPIO_setupPinDirection+0x1c6>
			}
			else
			{
				CLEAR_BIT(DDRC,pin_num);
    1d40:	a4 e3       	ldi	r26, 0x34	; 52
    1d42:	b0 e0       	ldi	r27, 0x00	; 0
    1d44:	e4 e3       	ldi	r30, 0x34	; 52
    1d46:	f0 e0       	ldi	r31, 0x00	; 0
    1d48:	80 81       	ld	r24, Z
    1d4a:	48 2f       	mov	r20, r24
    1d4c:	8a 81       	ldd	r24, Y+2	; 0x02
    1d4e:	28 2f       	mov	r18, r24
    1d50:	30 e0       	ldi	r19, 0x00	; 0
    1d52:	81 e0       	ldi	r24, 0x01	; 1
    1d54:	90 e0       	ldi	r25, 0x00	; 0
    1d56:	02 2e       	mov	r0, r18
    1d58:	02 c0       	rjmp	.+4      	; 0x1d5e <GPIO_setupPinDirection+0x164>
    1d5a:	88 0f       	add	r24, r24
    1d5c:	99 1f       	adc	r25, r25
    1d5e:	0a 94       	dec	r0
    1d60:	e2 f7       	brpl	.-8      	; 0x1d5a <GPIO_setupPinDirection+0x160>
    1d62:	80 95       	com	r24
    1d64:	84 23       	and	r24, r20
    1d66:	8c 93       	st	X, r24
    1d68:	2b c0       	rjmp	.+86     	; 0x1dc0 <GPIO_setupPinDirection+0x1c6>
			}
			break;
		case PORTD_ID:
			if(direction == PIN_OUTPUT)
    1d6a:	8b 81       	ldd	r24, Y+3	; 0x03
    1d6c:	81 30       	cpi	r24, 0x01	; 1
    1d6e:	a1 f4       	brne	.+40     	; 0x1d98 <GPIO_setupPinDirection+0x19e>
			{
				SET_BIT(DDRD,pin_num);
    1d70:	a1 e3       	ldi	r26, 0x31	; 49
    1d72:	b0 e0       	ldi	r27, 0x00	; 0
    1d74:	e1 e3       	ldi	r30, 0x31	; 49
    1d76:	f0 e0       	ldi	r31, 0x00	; 0
    1d78:	80 81       	ld	r24, Z
    1d7a:	48 2f       	mov	r20, r24
    1d7c:	8a 81       	ldd	r24, Y+2	; 0x02
    1d7e:	28 2f       	mov	r18, r24
    1d80:	30 e0       	ldi	r19, 0x00	; 0
    1d82:	81 e0       	ldi	r24, 0x01	; 1
    1d84:	90 e0       	ldi	r25, 0x00	; 0
    1d86:	02 2e       	mov	r0, r18
    1d88:	02 c0       	rjmp	.+4      	; 0x1d8e <GPIO_setupPinDirection+0x194>
    1d8a:	88 0f       	add	r24, r24
    1d8c:	99 1f       	adc	r25, r25
    1d8e:	0a 94       	dec	r0
    1d90:	e2 f7       	brpl	.-8      	; 0x1d8a <GPIO_setupPinDirection+0x190>
    1d92:	84 2b       	or	r24, r20
    1d94:	8c 93       	st	X, r24
    1d96:	14 c0       	rjmp	.+40     	; 0x1dc0 <GPIO_setupPinDirection+0x1c6>
			}
			else
			{
				CLEAR_BIT(DDRD,pin_num);
    1d98:	a1 e3       	ldi	r26, 0x31	; 49
    1d9a:	b0 e0       	ldi	r27, 0x00	; 0
    1d9c:	e1 e3       	ldi	r30, 0x31	; 49
    1d9e:	f0 e0       	ldi	r31, 0x00	; 0
    1da0:	80 81       	ld	r24, Z
    1da2:	48 2f       	mov	r20, r24
    1da4:	8a 81       	ldd	r24, Y+2	; 0x02
    1da6:	28 2f       	mov	r18, r24
    1da8:	30 e0       	ldi	r19, 0x00	; 0
    1daa:	81 e0       	ldi	r24, 0x01	; 1
    1dac:	90 e0       	ldi	r25, 0x00	; 0
    1dae:	02 2e       	mov	r0, r18
    1db0:	02 c0       	rjmp	.+4      	; 0x1db6 <GPIO_setupPinDirection+0x1bc>
    1db2:	88 0f       	add	r24, r24
    1db4:	99 1f       	adc	r25, r25
    1db6:	0a 94       	dec	r0
    1db8:	e2 f7       	brpl	.-8      	; 0x1db2 <GPIO_setupPinDirection+0x1b8>
    1dba:	80 95       	com	r24
    1dbc:	84 23       	and	r24, r20
    1dbe:	8c 93       	st	X, r24
			}
			break;
		}
	}
}
    1dc0:	0f 90       	pop	r0
    1dc2:	0f 90       	pop	r0
    1dc4:	0f 90       	pop	r0
    1dc6:	0f 90       	pop	r0
    1dc8:	0f 90       	pop	r0
    1dca:	cf 91       	pop	r28
    1dcc:	df 91       	pop	r29
    1dce:	08 95       	ret

00001dd0 <GPIO_writePin>:
 * Write the value Logic High or Logic Low on the required pin.
 * If the input port number or pin number are not correct, The function will not handle the request.
 * If the pin is input, this function will enable/disable the internal pull-up resistor.
 */
void GPIO_writePin(uint8 port_num, uint8 pin_num, uint8 value)
{
    1dd0:	df 93       	push	r29
    1dd2:	cf 93       	push	r28
    1dd4:	00 d0       	rcall	.+0      	; 0x1dd6 <GPIO_writePin+0x6>
    1dd6:	00 d0       	rcall	.+0      	; 0x1dd8 <GPIO_writePin+0x8>
    1dd8:	0f 92       	push	r0
    1dda:	cd b7       	in	r28, 0x3d	; 61
    1ddc:	de b7       	in	r29, 0x3e	; 62
    1dde:	89 83       	std	Y+1, r24	; 0x01
    1de0:	6a 83       	std	Y+2, r22	; 0x02
    1de2:	4b 83       	std	Y+3, r20	; 0x03
	/*
	 * Check if the input port number is greater than NUM_OF_PINS_PER_PORT value.
	 * Or if the input pin number is greater than NUM_OF_PINS_PER_PORT value.
	 * In this case the input is not valid port/pin number
	 */
	if((pin_num >= NUM_OF_PINS_PER_PORT) || (port_num >= NUM_OF_PORTS))
    1de4:	8a 81       	ldd	r24, Y+2	; 0x02
    1de6:	88 30       	cpi	r24, 0x08	; 8
    1de8:	08 f0       	brcs	.+2      	; 0x1dec <GPIO_writePin+0x1c>
    1dea:	d5 c0       	rjmp	.+426    	; 0x1f96 <GPIO_writePin+0x1c6>
    1dec:	89 81       	ldd	r24, Y+1	; 0x01
    1dee:	84 30       	cpi	r24, 0x04	; 4
    1df0:	08 f0       	brcs	.+2      	; 0x1df4 <GPIO_writePin+0x24>
    1df2:	d1 c0       	rjmp	.+418    	; 0x1f96 <GPIO_writePin+0x1c6>
		/* Do Nothing */
	}
	else
	{
		/* Write the pin value as required */
		switch(port_num)
    1df4:	89 81       	ldd	r24, Y+1	; 0x01
    1df6:	28 2f       	mov	r18, r24
    1df8:	30 e0       	ldi	r19, 0x00	; 0
    1dfa:	3d 83       	std	Y+5, r19	; 0x05
    1dfc:	2c 83       	std	Y+4, r18	; 0x04
    1dfe:	8c 81       	ldd	r24, Y+4	; 0x04
    1e00:	9d 81       	ldd	r25, Y+5	; 0x05
    1e02:	81 30       	cpi	r24, 0x01	; 1
    1e04:	91 05       	cpc	r25, r1
    1e06:	09 f4       	brne	.+2      	; 0x1e0a <GPIO_writePin+0x3a>
    1e08:	43 c0       	rjmp	.+134    	; 0x1e90 <GPIO_writePin+0xc0>
    1e0a:	2c 81       	ldd	r18, Y+4	; 0x04
    1e0c:	3d 81       	ldd	r19, Y+5	; 0x05
    1e0e:	22 30       	cpi	r18, 0x02	; 2
    1e10:	31 05       	cpc	r19, r1
    1e12:	2c f4       	brge	.+10     	; 0x1e1e <GPIO_writePin+0x4e>
    1e14:	8c 81       	ldd	r24, Y+4	; 0x04
    1e16:	9d 81       	ldd	r25, Y+5	; 0x05
    1e18:	00 97       	sbiw	r24, 0x00	; 0
    1e1a:	71 f0       	breq	.+28     	; 0x1e38 <GPIO_writePin+0x68>
    1e1c:	bc c0       	rjmp	.+376    	; 0x1f96 <GPIO_writePin+0x1c6>
    1e1e:	2c 81       	ldd	r18, Y+4	; 0x04
    1e20:	3d 81       	ldd	r19, Y+5	; 0x05
    1e22:	22 30       	cpi	r18, 0x02	; 2
    1e24:	31 05       	cpc	r19, r1
    1e26:	09 f4       	brne	.+2      	; 0x1e2a <GPIO_writePin+0x5a>
    1e28:	5f c0       	rjmp	.+190    	; 0x1ee8 <GPIO_writePin+0x118>
    1e2a:	8c 81       	ldd	r24, Y+4	; 0x04
    1e2c:	9d 81       	ldd	r25, Y+5	; 0x05
    1e2e:	83 30       	cpi	r24, 0x03	; 3
    1e30:	91 05       	cpc	r25, r1
    1e32:	09 f4       	brne	.+2      	; 0x1e36 <GPIO_writePin+0x66>
    1e34:	85 c0       	rjmp	.+266    	; 0x1f40 <GPIO_writePin+0x170>
    1e36:	af c0       	rjmp	.+350    	; 0x1f96 <GPIO_writePin+0x1c6>
		{
		case PORTA_ID:
			if(value == LOGIC_HIGH)
    1e38:	8b 81       	ldd	r24, Y+3	; 0x03
    1e3a:	81 30       	cpi	r24, 0x01	; 1
    1e3c:	a1 f4       	brne	.+40     	; 0x1e66 <GPIO_writePin+0x96>
			{
				SET_BIT(PORTA,pin_num);
    1e3e:	ab e3       	ldi	r26, 0x3B	; 59
    1e40:	b0 e0       	ldi	r27, 0x00	; 0
    1e42:	eb e3       	ldi	r30, 0x3B	; 59
    1e44:	f0 e0       	ldi	r31, 0x00	; 0
    1e46:	80 81       	ld	r24, Z
    1e48:	48 2f       	mov	r20, r24
    1e4a:	8a 81       	ldd	r24, Y+2	; 0x02
    1e4c:	28 2f       	mov	r18, r24
    1e4e:	30 e0       	ldi	r19, 0x00	; 0
    1e50:	81 e0       	ldi	r24, 0x01	; 1
    1e52:	90 e0       	ldi	r25, 0x00	; 0
    1e54:	02 2e       	mov	r0, r18
    1e56:	02 c0       	rjmp	.+4      	; 0x1e5c <GPIO_writePin+0x8c>
    1e58:	88 0f       	add	r24, r24
    1e5a:	99 1f       	adc	r25, r25
    1e5c:	0a 94       	dec	r0
    1e5e:	e2 f7       	brpl	.-8      	; 0x1e58 <GPIO_writePin+0x88>
    1e60:	84 2b       	or	r24, r20
    1e62:	8c 93       	st	X, r24
    1e64:	98 c0       	rjmp	.+304    	; 0x1f96 <GPIO_writePin+0x1c6>
			}
			else
			{
				CLEAR_BIT(PORTA,pin_num);
    1e66:	ab e3       	ldi	r26, 0x3B	; 59
    1e68:	b0 e0       	ldi	r27, 0x00	; 0
    1e6a:	eb e3       	ldi	r30, 0x3B	; 59
    1e6c:	f0 e0       	ldi	r31, 0x00	; 0
    1e6e:	80 81       	ld	r24, Z
    1e70:	48 2f       	mov	r20, r24
    1e72:	8a 81       	ldd	r24, Y+2	; 0x02
    1e74:	28 2f       	mov	r18, r24
    1e76:	30 e0       	ldi	r19, 0x00	; 0
    1e78:	81 e0       	ldi	r24, 0x01	; 1
    1e7a:	90 e0       	ldi	r25, 0x00	; 0
    1e7c:	02 2e       	mov	r0, r18
    1e7e:	02 c0       	rjmp	.+4      	; 0x1e84 <GPIO_writePin+0xb4>
    1e80:	88 0f       	add	r24, r24
    1e82:	99 1f       	adc	r25, r25
    1e84:	0a 94       	dec	r0
    1e86:	e2 f7       	brpl	.-8      	; 0x1e80 <GPIO_writePin+0xb0>
    1e88:	80 95       	com	r24
    1e8a:	84 23       	and	r24, r20
    1e8c:	8c 93       	st	X, r24
    1e8e:	83 c0       	rjmp	.+262    	; 0x1f96 <GPIO_writePin+0x1c6>
			}
			break;
		case PORTB_ID:
			if(value == LOGIC_HIGH)
    1e90:	8b 81       	ldd	r24, Y+3	; 0x03
    1e92:	81 30       	cpi	r24, 0x01	; 1
    1e94:	a1 f4       	brne	.+40     	; 0x1ebe <GPIO_writePin+0xee>
			{
				SET_BIT(PORTB,pin_num);
    1e96:	a8 e3       	ldi	r26, 0x38	; 56
    1e98:	b0 e0       	ldi	r27, 0x00	; 0
    1e9a:	e8 e3       	ldi	r30, 0x38	; 56
    1e9c:	f0 e0       	ldi	r31, 0x00	; 0
    1e9e:	80 81       	ld	r24, Z
    1ea0:	48 2f       	mov	r20, r24
    1ea2:	8a 81       	ldd	r24, Y+2	; 0x02
    1ea4:	28 2f       	mov	r18, r24
    1ea6:	30 e0       	ldi	r19, 0x00	; 0
    1ea8:	81 e0       	ldi	r24, 0x01	; 1
    1eaa:	90 e0       	ldi	r25, 0x00	; 0
    1eac:	02 2e       	mov	r0, r18
    1eae:	02 c0       	rjmp	.+4      	; 0x1eb4 <GPIO_writePin+0xe4>
    1eb0:	88 0f       	add	r24, r24
    1eb2:	99 1f       	adc	r25, r25
    1eb4:	0a 94       	dec	r0
    1eb6:	e2 f7       	brpl	.-8      	; 0x1eb0 <GPIO_writePin+0xe0>
    1eb8:	84 2b       	or	r24, r20
    1eba:	8c 93       	st	X, r24
    1ebc:	6c c0       	rjmp	.+216    	; 0x1f96 <GPIO_writePin+0x1c6>
			}
			else
			{
				CLEAR_BIT(PORTB,pin_num);
    1ebe:	a8 e3       	ldi	r26, 0x38	; 56
    1ec0:	b0 e0       	ldi	r27, 0x00	; 0
    1ec2:	e8 e3       	ldi	r30, 0x38	; 56
    1ec4:	f0 e0       	ldi	r31, 0x00	; 0
    1ec6:	80 81       	ld	r24, Z
    1ec8:	48 2f       	mov	r20, r24
    1eca:	8a 81       	ldd	r24, Y+2	; 0x02
    1ecc:	28 2f       	mov	r18, r24
    1ece:	30 e0       	ldi	r19, 0x00	; 0
    1ed0:	81 e0       	ldi	r24, 0x01	; 1
    1ed2:	90 e0       	ldi	r25, 0x00	; 0
    1ed4:	02 2e       	mov	r0, r18
    1ed6:	02 c0       	rjmp	.+4      	; 0x1edc <GPIO_writePin+0x10c>
    1ed8:	88 0f       	add	r24, r24
    1eda:	99 1f       	adc	r25, r25
    1edc:	0a 94       	dec	r0
    1ede:	e2 f7       	brpl	.-8      	; 0x1ed8 <GPIO_writePin+0x108>
    1ee0:	80 95       	com	r24
    1ee2:	84 23       	and	r24, r20
    1ee4:	8c 93       	st	X, r24
    1ee6:	57 c0       	rjmp	.+174    	; 0x1f96 <GPIO_writePin+0x1c6>
			}
			break;
		case PORTC_ID:
			if(value == LOGIC_HIGH)
    1ee8:	8b 81       	ldd	r24, Y+3	; 0x03
    1eea:	81 30       	cpi	r24, 0x01	; 1
    1eec:	a1 f4       	brne	.+40     	; 0x1f16 <GPIO_writePin+0x146>
			{
				SET_BIT(PORTC,pin_num);
    1eee:	a5 e3       	ldi	r26, 0x35	; 53
    1ef0:	b0 e0       	ldi	r27, 0x00	; 0
    1ef2:	e5 e3       	ldi	r30, 0x35	; 53
    1ef4:	f0 e0       	ldi	r31, 0x00	; 0
    1ef6:	80 81       	ld	r24, Z
    1ef8:	48 2f       	mov	r20, r24
    1efa:	8a 81       	ldd	r24, Y+2	; 0x02
    1efc:	28 2f       	mov	r18, r24
    1efe:	30 e0       	ldi	r19, 0x00	; 0
    1f00:	81 e0       	ldi	r24, 0x01	; 1
    1f02:	90 e0       	ldi	r25, 0x00	; 0
    1f04:	02 2e       	mov	r0, r18
    1f06:	02 c0       	rjmp	.+4      	; 0x1f0c <GPIO_writePin+0x13c>
    1f08:	88 0f       	add	r24, r24
    1f0a:	99 1f       	adc	r25, r25
    1f0c:	0a 94       	dec	r0
    1f0e:	e2 f7       	brpl	.-8      	; 0x1f08 <GPIO_writePin+0x138>
    1f10:	84 2b       	or	r24, r20
    1f12:	8c 93       	st	X, r24
    1f14:	40 c0       	rjmp	.+128    	; 0x1f96 <GPIO_writePin+0x1c6>
			}
			else
			{
				CLEAR_BIT(PORTC,pin_num);
    1f16:	a5 e3       	ldi	r26, 0x35	; 53
    1f18:	b0 e0       	ldi	r27, 0x00	; 0
    1f1a:	e5 e3       	ldi	r30, 0x35	; 53
    1f1c:	f0 e0       	ldi	r31, 0x00	; 0
    1f1e:	80 81       	ld	r24, Z
    1f20:	48 2f       	mov	r20, r24
    1f22:	8a 81       	ldd	r24, Y+2	; 0x02
    1f24:	28 2f       	mov	r18, r24
    1f26:	30 e0       	ldi	r19, 0x00	; 0
    1f28:	81 e0       	ldi	r24, 0x01	; 1
    1f2a:	90 e0       	ldi	r25, 0x00	; 0
    1f2c:	02 2e       	mov	r0, r18
    1f2e:	02 c0       	rjmp	.+4      	; 0x1f34 <GPIO_writePin+0x164>
    1f30:	88 0f       	add	r24, r24
    1f32:	99 1f       	adc	r25, r25
    1f34:	0a 94       	dec	r0
    1f36:	e2 f7       	brpl	.-8      	; 0x1f30 <GPIO_writePin+0x160>
    1f38:	80 95       	com	r24
    1f3a:	84 23       	and	r24, r20
    1f3c:	8c 93       	st	X, r24
    1f3e:	2b c0       	rjmp	.+86     	; 0x1f96 <GPIO_writePin+0x1c6>
			}
			break;
		case PORTD_ID:
			if(value == LOGIC_HIGH)
    1f40:	8b 81       	ldd	r24, Y+3	; 0x03
    1f42:	81 30       	cpi	r24, 0x01	; 1
    1f44:	a1 f4       	brne	.+40     	; 0x1f6e <GPIO_writePin+0x19e>
			{
				SET_BIT(PORTD,pin_num);
    1f46:	a2 e3       	ldi	r26, 0x32	; 50
    1f48:	b0 e0       	ldi	r27, 0x00	; 0
    1f4a:	e2 e3       	ldi	r30, 0x32	; 50
    1f4c:	f0 e0       	ldi	r31, 0x00	; 0
    1f4e:	80 81       	ld	r24, Z
    1f50:	48 2f       	mov	r20, r24
    1f52:	8a 81       	ldd	r24, Y+2	; 0x02
    1f54:	28 2f       	mov	r18, r24
    1f56:	30 e0       	ldi	r19, 0x00	; 0
    1f58:	81 e0       	ldi	r24, 0x01	; 1
    1f5a:	90 e0       	ldi	r25, 0x00	; 0
    1f5c:	02 2e       	mov	r0, r18
    1f5e:	02 c0       	rjmp	.+4      	; 0x1f64 <GPIO_writePin+0x194>
    1f60:	88 0f       	add	r24, r24
    1f62:	99 1f       	adc	r25, r25
    1f64:	0a 94       	dec	r0
    1f66:	e2 f7       	brpl	.-8      	; 0x1f60 <GPIO_writePin+0x190>
    1f68:	84 2b       	or	r24, r20
    1f6a:	8c 93       	st	X, r24
    1f6c:	14 c0       	rjmp	.+40     	; 0x1f96 <GPIO_writePin+0x1c6>
			}
			else
			{
				CLEAR_BIT(PORTD,pin_num);
    1f6e:	a2 e3       	ldi	r26, 0x32	; 50
    1f70:	b0 e0       	ldi	r27, 0x00	; 0
    1f72:	e2 e3       	ldi	r30, 0x32	; 50
    1f74:	f0 e0       	ldi	r31, 0x00	; 0
    1f76:	80 81       	ld	r24, Z
    1f78:	48 2f       	mov	r20, r24
    1f7a:	8a 81       	ldd	r24, Y+2	; 0x02
    1f7c:	28 2f       	mov	r18, r24
    1f7e:	30 e0       	ldi	r19, 0x00	; 0
    1f80:	81 e0       	ldi	r24, 0x01	; 1
    1f82:	90 e0       	ldi	r25, 0x00	; 0
    1f84:	02 2e       	mov	r0, r18
    1f86:	02 c0       	rjmp	.+4      	; 0x1f8c <GPIO_writePin+0x1bc>
    1f88:	88 0f       	add	r24, r24
    1f8a:	99 1f       	adc	r25, r25
    1f8c:	0a 94       	dec	r0
    1f8e:	e2 f7       	brpl	.-8      	; 0x1f88 <GPIO_writePin+0x1b8>
    1f90:	80 95       	com	r24
    1f92:	84 23       	and	r24, r20
    1f94:	8c 93       	st	X, r24
			}
			break;
		}
	}
}
    1f96:	0f 90       	pop	r0
    1f98:	0f 90       	pop	r0
    1f9a:	0f 90       	pop	r0
    1f9c:	0f 90       	pop	r0
    1f9e:	0f 90       	pop	r0
    1fa0:	cf 91       	pop	r28
    1fa2:	df 91       	pop	r29
    1fa4:	08 95       	ret

00001fa6 <GPIO_readPin>:
 * Description :
 * Read and return the value for the required pin, it should be Logic High or Logic Low.
 * If the input port number or pin number are not correct, The function will return Logic Low.
 */
uint8 GPIO_readPin(uint8 port_num, uint8 pin_num)
{
    1fa6:	df 93       	push	r29
    1fa8:	cf 93       	push	r28
    1faa:	00 d0       	rcall	.+0      	; 0x1fac <GPIO_readPin+0x6>
    1fac:	00 d0       	rcall	.+0      	; 0x1fae <GPIO_readPin+0x8>
    1fae:	0f 92       	push	r0
    1fb0:	cd b7       	in	r28, 0x3d	; 61
    1fb2:	de b7       	in	r29, 0x3e	; 62
    1fb4:	8a 83       	std	Y+2, r24	; 0x02
    1fb6:	6b 83       	std	Y+3, r22	; 0x03
	uint8 pin_value = LOGIC_LOW;
    1fb8:	19 82       	std	Y+1, r1	; 0x01
	/*
	 * Check if the input port number is greater than NUM_OF_PINS_PER_PORT value.
	 * Or if the input pin number is greater than NUM_OF_PINS_PER_PORT value.
	 * In this case the input is not valid port/pin number
	 */
	if((pin_num >= NUM_OF_PINS_PER_PORT) || (port_num >= NUM_OF_PORTS))
    1fba:	8b 81       	ldd	r24, Y+3	; 0x03
    1fbc:	88 30       	cpi	r24, 0x08	; 8
    1fbe:	08 f0       	brcs	.+2      	; 0x1fc2 <GPIO_readPin+0x1c>
    1fc0:	84 c0       	rjmp	.+264    	; 0x20ca <GPIO_readPin+0x124>
    1fc2:	8a 81       	ldd	r24, Y+2	; 0x02
    1fc4:	84 30       	cpi	r24, 0x04	; 4
    1fc6:	08 f0       	brcs	.+2      	; 0x1fca <GPIO_readPin+0x24>
    1fc8:	80 c0       	rjmp	.+256    	; 0x20ca <GPIO_readPin+0x124>
		/* Do Nothing */
	}
	else
	{
		/* Read the pin value as required */
		switch(port_num)
    1fca:	8a 81       	ldd	r24, Y+2	; 0x02
    1fcc:	28 2f       	mov	r18, r24
    1fce:	30 e0       	ldi	r19, 0x00	; 0
    1fd0:	3d 83       	std	Y+5, r19	; 0x05
    1fd2:	2c 83       	std	Y+4, r18	; 0x04
    1fd4:	4c 81       	ldd	r20, Y+4	; 0x04
    1fd6:	5d 81       	ldd	r21, Y+5	; 0x05
    1fd8:	41 30       	cpi	r20, 0x01	; 1
    1fda:	51 05       	cpc	r21, r1
    1fdc:	79 f1       	breq	.+94     	; 0x203c <GPIO_readPin+0x96>
    1fde:	8c 81       	ldd	r24, Y+4	; 0x04
    1fe0:	9d 81       	ldd	r25, Y+5	; 0x05
    1fe2:	82 30       	cpi	r24, 0x02	; 2
    1fe4:	91 05       	cpc	r25, r1
    1fe6:	34 f4       	brge	.+12     	; 0x1ff4 <GPIO_readPin+0x4e>
    1fe8:	2c 81       	ldd	r18, Y+4	; 0x04
    1fea:	3d 81       	ldd	r19, Y+5	; 0x05
    1fec:	21 15       	cp	r18, r1
    1fee:	31 05       	cpc	r19, r1
    1ff0:	69 f0       	breq	.+26     	; 0x200c <GPIO_readPin+0x66>
    1ff2:	6b c0       	rjmp	.+214    	; 0x20ca <GPIO_readPin+0x124>
    1ff4:	4c 81       	ldd	r20, Y+4	; 0x04
    1ff6:	5d 81       	ldd	r21, Y+5	; 0x05
    1ff8:	42 30       	cpi	r20, 0x02	; 2
    1ffa:	51 05       	cpc	r21, r1
    1ffc:	b9 f1       	breq	.+110    	; 0x206c <GPIO_readPin+0xc6>
    1ffe:	8c 81       	ldd	r24, Y+4	; 0x04
    2000:	9d 81       	ldd	r25, Y+5	; 0x05
    2002:	83 30       	cpi	r24, 0x03	; 3
    2004:	91 05       	cpc	r25, r1
    2006:	09 f4       	brne	.+2      	; 0x200a <GPIO_readPin+0x64>
    2008:	49 c0       	rjmp	.+146    	; 0x209c <GPIO_readPin+0xf6>
    200a:	5f c0       	rjmp	.+190    	; 0x20ca <GPIO_readPin+0x124>
		{
		case PORTA_ID:
			if(BIT_IS_SET(PINA,pin_num))
    200c:	e9 e3       	ldi	r30, 0x39	; 57
    200e:	f0 e0       	ldi	r31, 0x00	; 0
    2010:	80 81       	ld	r24, Z
    2012:	28 2f       	mov	r18, r24
    2014:	30 e0       	ldi	r19, 0x00	; 0
    2016:	8b 81       	ldd	r24, Y+3	; 0x03
    2018:	88 2f       	mov	r24, r24
    201a:	90 e0       	ldi	r25, 0x00	; 0
    201c:	a9 01       	movw	r20, r18
    201e:	02 c0       	rjmp	.+4      	; 0x2024 <GPIO_readPin+0x7e>
    2020:	55 95       	asr	r21
    2022:	47 95       	ror	r20
    2024:	8a 95       	dec	r24
    2026:	e2 f7       	brpl	.-8      	; 0x2020 <GPIO_readPin+0x7a>
    2028:	ca 01       	movw	r24, r20
    202a:	81 70       	andi	r24, 0x01	; 1
    202c:	90 70       	andi	r25, 0x00	; 0
    202e:	88 23       	and	r24, r24
    2030:	19 f0       	breq	.+6      	; 0x2038 <GPIO_readPin+0x92>
			{
				pin_value = LOGIC_HIGH;
    2032:	81 e0       	ldi	r24, 0x01	; 1
    2034:	89 83       	std	Y+1, r24	; 0x01
    2036:	49 c0       	rjmp	.+146    	; 0x20ca <GPIO_readPin+0x124>
			}
			else
			{
				pin_value = LOGIC_LOW;
    2038:	19 82       	std	Y+1, r1	; 0x01
    203a:	47 c0       	rjmp	.+142    	; 0x20ca <GPIO_readPin+0x124>
			}
			break;
		case PORTB_ID:
			if(BIT_IS_SET(PINB,pin_num))
    203c:	e6 e3       	ldi	r30, 0x36	; 54
    203e:	f0 e0       	ldi	r31, 0x00	; 0
    2040:	80 81       	ld	r24, Z
    2042:	28 2f       	mov	r18, r24
    2044:	30 e0       	ldi	r19, 0x00	; 0
    2046:	8b 81       	ldd	r24, Y+3	; 0x03
    2048:	88 2f       	mov	r24, r24
    204a:	90 e0       	ldi	r25, 0x00	; 0
    204c:	a9 01       	movw	r20, r18
    204e:	02 c0       	rjmp	.+4      	; 0x2054 <GPIO_readPin+0xae>
    2050:	55 95       	asr	r21
    2052:	47 95       	ror	r20
    2054:	8a 95       	dec	r24
    2056:	e2 f7       	brpl	.-8      	; 0x2050 <GPIO_readPin+0xaa>
    2058:	ca 01       	movw	r24, r20
    205a:	81 70       	andi	r24, 0x01	; 1
    205c:	90 70       	andi	r25, 0x00	; 0
    205e:	88 23       	and	r24, r24
    2060:	19 f0       	breq	.+6      	; 0x2068 <GPIO_readPin+0xc2>
			{
				pin_value = LOGIC_HIGH;
    2062:	81 e0       	ldi	r24, 0x01	; 1
    2064:	89 83       	std	Y+1, r24	; 0x01
    2066:	31 c0       	rjmp	.+98     	; 0x20ca <GPIO_readPin+0x124>
			}
			else
			{
				pin_value = LOGIC_LOW;
    2068:	19 82       	std	Y+1, r1	; 0x01
    206a:	2f c0       	rjmp	.+94     	; 0x20ca <GPIO_readPin+0x124>
			}
			break;
		case PORTC_ID:
			if(BIT_IS_SET(PINC,pin_num))
    206c:	e3 e3       	ldi	r30, 0x33	; 51
    206e:	f0 e0       	ldi	r31, 0x00	; 0
    2070:	80 81       	ld	r24, Z
    2072:	28 2f       	mov	r18, r24
    2074:	30 e0       	ldi	r19, 0x00	; 0
    2076:	8b 81       	ldd	r24, Y+3	; 0x03
    2078:	88 2f       	mov	r24, r24
    207a:	90 e0       	ldi	r25, 0x00	; 0
    207c:	a9 01       	movw	r20, r18
    207e:	02 c0       	rjmp	.+4      	; 0x2084 <GPIO_readPin+0xde>
    2080:	55 95       	asr	r21
    2082:	47 95       	ror	r20
    2084:	8a 95       	dec	r24
    2086:	e2 f7       	brpl	.-8      	; 0x2080 <GPIO_readPin+0xda>
    2088:	ca 01       	movw	r24, r20
    208a:	81 70       	andi	r24, 0x01	; 1
    208c:	90 70       	andi	r25, 0x00	; 0
    208e:	88 23       	and	r24, r24
    2090:	19 f0       	breq	.+6      	; 0x2098 <GPIO_readPin+0xf2>
			{
				pin_value = LOGIC_HIGH;
    2092:	81 e0       	ldi	r24, 0x01	; 1
    2094:	89 83       	std	Y+1, r24	; 0x01
    2096:	19 c0       	rjmp	.+50     	; 0x20ca <GPIO_readPin+0x124>
			}
			else
			{
				pin_value = LOGIC_LOW;
    2098:	19 82       	std	Y+1, r1	; 0x01
    209a:	17 c0       	rjmp	.+46     	; 0x20ca <GPIO_readPin+0x124>
			}
			break;
		case PORTD_ID:
			if(BIT_IS_SET(PIND,pin_num))
    209c:	e0 e3       	ldi	r30, 0x30	; 48
    209e:	f0 e0       	ldi	r31, 0x00	; 0
    20a0:	80 81       	ld	r24, Z
    20a2:	28 2f       	mov	r18, r24
    20a4:	30 e0       	ldi	r19, 0x00	; 0
    20a6:	8b 81       	ldd	r24, Y+3	; 0x03
    20a8:	88 2f       	mov	r24, r24
    20aa:	90 e0       	ldi	r25, 0x00	; 0
    20ac:	a9 01       	movw	r20, r18
    20ae:	02 c0       	rjmp	.+4      	; 0x20b4 <GPIO_readPin+0x10e>
    20b0:	55 95       	asr	r21
    20b2:	47 95       	ror	r20
    20b4:	8a 95       	dec	r24
    20b6:	e2 f7       	brpl	.-8      	; 0x20b0 <GPIO_readPin+0x10a>
    20b8:	ca 01       	movw	r24, r20
    20ba:	81 70       	andi	r24, 0x01	; 1
    20bc:	90 70       	andi	r25, 0x00	; 0
    20be:	88 23       	and	r24, r24
    20c0:	19 f0       	breq	.+6      	; 0x20c8 <GPIO_readPin+0x122>
			{
				pin_value = LOGIC_HIGH;
    20c2:	81 e0       	ldi	r24, 0x01	; 1
    20c4:	89 83       	std	Y+1, r24	; 0x01
    20c6:	01 c0       	rjmp	.+2      	; 0x20ca <GPIO_readPin+0x124>
			}
			else
			{
				pin_value = LOGIC_LOW;
    20c8:	19 82       	std	Y+1, r1	; 0x01
			}
			break;
		}
	}

	return pin_value;
    20ca:	89 81       	ldd	r24, Y+1	; 0x01
}
    20cc:	0f 90       	pop	r0
    20ce:	0f 90       	pop	r0
    20d0:	0f 90       	pop	r0
    20d2:	0f 90       	pop	r0
    20d4:	0f 90       	pop	r0
    20d6:	cf 91       	pop	r28
    20d8:	df 91       	pop	r29
    20da:	08 95       	ret

000020dc <GPIO_setupPortDirection>:
 * If the direction value is PORT_INPUT all pins in this port should be input pins.
 * If the direction value is PORT_OUTPUT all pins in this port should be output pins.
 * If the input port number is not correct, The function will not handle the request.
 */
void GPIO_setupPortDirection(uint8 port_num, GPIO_PortDirectionType direction)
{
    20dc:	df 93       	push	r29
    20de:	cf 93       	push	r28
    20e0:	00 d0       	rcall	.+0      	; 0x20e2 <GPIO_setupPortDirection+0x6>
    20e2:	00 d0       	rcall	.+0      	; 0x20e4 <GPIO_setupPortDirection+0x8>
    20e4:	cd b7       	in	r28, 0x3d	; 61
    20e6:	de b7       	in	r29, 0x3e	; 62
    20e8:	89 83       	std	Y+1, r24	; 0x01
    20ea:	6a 83       	std	Y+2, r22	; 0x02
	/*
	 * Check if the input number is greater than NUM_OF_PORTS value.
	 * In this case the input is not valid port number
	 */
	if(port_num >= NUM_OF_PORTS)
    20ec:	89 81       	ldd	r24, Y+1	; 0x01
    20ee:	84 30       	cpi	r24, 0x04	; 4
    20f0:	90 f5       	brcc	.+100    	; 0x2156 <GPIO_setupPortDirection+0x7a>
		/* Do Nothing */
	}
	else
	{
		/* Setup the port direction as required */
		switch(port_num)
    20f2:	89 81       	ldd	r24, Y+1	; 0x01
    20f4:	28 2f       	mov	r18, r24
    20f6:	30 e0       	ldi	r19, 0x00	; 0
    20f8:	3c 83       	std	Y+4, r19	; 0x04
    20fa:	2b 83       	std	Y+3, r18	; 0x03
    20fc:	8b 81       	ldd	r24, Y+3	; 0x03
    20fe:	9c 81       	ldd	r25, Y+4	; 0x04
    2100:	81 30       	cpi	r24, 0x01	; 1
    2102:	91 05       	cpc	r25, r1
    2104:	d1 f0       	breq	.+52     	; 0x213a <GPIO_setupPortDirection+0x5e>
    2106:	2b 81       	ldd	r18, Y+3	; 0x03
    2108:	3c 81       	ldd	r19, Y+4	; 0x04
    210a:	22 30       	cpi	r18, 0x02	; 2
    210c:	31 05       	cpc	r19, r1
    210e:	2c f4       	brge	.+10     	; 0x211a <GPIO_setupPortDirection+0x3e>
    2110:	8b 81       	ldd	r24, Y+3	; 0x03
    2112:	9c 81       	ldd	r25, Y+4	; 0x04
    2114:	00 97       	sbiw	r24, 0x00	; 0
    2116:	61 f0       	breq	.+24     	; 0x2130 <GPIO_setupPortDirection+0x54>
    2118:	1e c0       	rjmp	.+60     	; 0x2156 <GPIO_setupPortDirection+0x7a>
    211a:	2b 81       	ldd	r18, Y+3	; 0x03
    211c:	3c 81       	ldd	r19, Y+4	; 0x04
    211e:	22 30       	cpi	r18, 0x02	; 2
    2120:	31 05       	cpc	r19, r1
    2122:	81 f0       	breq	.+32     	; 0x2144 <GPIO_setupPortDirection+0x68>
    2124:	8b 81       	ldd	r24, Y+3	; 0x03
    2126:	9c 81       	ldd	r25, Y+4	; 0x04
    2128:	83 30       	cpi	r24, 0x03	; 3
    212a:	91 05       	cpc	r25, r1
    212c:	81 f0       	breq	.+32     	; 0x214e <GPIO_setupPortDirection+0x72>
    212e:	13 c0       	rjmp	.+38     	; 0x2156 <GPIO_setupPortDirection+0x7a>
		{
		case PORTA_ID:
			DDRA = direction;
    2130:	ea e3       	ldi	r30, 0x3A	; 58
    2132:	f0 e0       	ldi	r31, 0x00	; 0
    2134:	8a 81       	ldd	r24, Y+2	; 0x02
    2136:	80 83       	st	Z, r24
    2138:	0e c0       	rjmp	.+28     	; 0x2156 <GPIO_setupPortDirection+0x7a>
			break;
		case PORTB_ID:
			DDRB = direction;
    213a:	e7 e3       	ldi	r30, 0x37	; 55
    213c:	f0 e0       	ldi	r31, 0x00	; 0
    213e:	8a 81       	ldd	r24, Y+2	; 0x02
    2140:	80 83       	st	Z, r24
    2142:	09 c0       	rjmp	.+18     	; 0x2156 <GPIO_setupPortDirection+0x7a>
			break;
		case PORTC_ID:
			DDRC = direction;
    2144:	e4 e3       	ldi	r30, 0x34	; 52
    2146:	f0 e0       	ldi	r31, 0x00	; 0
    2148:	8a 81       	ldd	r24, Y+2	; 0x02
    214a:	80 83       	st	Z, r24
    214c:	04 c0       	rjmp	.+8      	; 0x2156 <GPIO_setupPortDirection+0x7a>
			break;
		case PORTD_ID:
			DDRD = direction;
    214e:	e1 e3       	ldi	r30, 0x31	; 49
    2150:	f0 e0       	ldi	r31, 0x00	; 0
    2152:	8a 81       	ldd	r24, Y+2	; 0x02
    2154:	80 83       	st	Z, r24
			break;
		}
	}
}
    2156:	0f 90       	pop	r0
    2158:	0f 90       	pop	r0
    215a:	0f 90       	pop	r0
    215c:	0f 90       	pop	r0
    215e:	cf 91       	pop	r28
    2160:	df 91       	pop	r29
    2162:	08 95       	ret

00002164 <GPIO_writePort>:
 * If any pin in the port is output pin the value will be written.
 * If any pin in the port is input pin this will activate/deactivate the internal pull-up resistor.
 * If the input port number is not correct, The function will not handle the request.
 */
void GPIO_writePort(uint8 port_num, uint8 value)
{
    2164:	df 93       	push	r29
    2166:	cf 93       	push	r28
    2168:	00 d0       	rcall	.+0      	; 0x216a <GPIO_writePort+0x6>
    216a:	00 d0       	rcall	.+0      	; 0x216c <GPIO_writePort+0x8>
    216c:	cd b7       	in	r28, 0x3d	; 61
    216e:	de b7       	in	r29, 0x3e	; 62
    2170:	89 83       	std	Y+1, r24	; 0x01
    2172:	6a 83       	std	Y+2, r22	; 0x02
	/*
	 * Check if the input number is greater than NUM_OF_PORTS value.
	 * In this case the input is not valid port number
	 */
	if(port_num >= NUM_OF_PORTS)
    2174:	89 81       	ldd	r24, Y+1	; 0x01
    2176:	84 30       	cpi	r24, 0x04	; 4
    2178:	90 f5       	brcc	.+100    	; 0x21de <GPIO_writePort+0x7a>
		/* Do Nothing */
	}
	else
	{
		/* Write the port value as required */
		switch(port_num)
    217a:	89 81       	ldd	r24, Y+1	; 0x01
    217c:	28 2f       	mov	r18, r24
    217e:	30 e0       	ldi	r19, 0x00	; 0
    2180:	3c 83       	std	Y+4, r19	; 0x04
    2182:	2b 83       	std	Y+3, r18	; 0x03
    2184:	8b 81       	ldd	r24, Y+3	; 0x03
    2186:	9c 81       	ldd	r25, Y+4	; 0x04
    2188:	81 30       	cpi	r24, 0x01	; 1
    218a:	91 05       	cpc	r25, r1
    218c:	d1 f0       	breq	.+52     	; 0x21c2 <GPIO_writePort+0x5e>
    218e:	2b 81       	ldd	r18, Y+3	; 0x03
    2190:	3c 81       	ldd	r19, Y+4	; 0x04
    2192:	22 30       	cpi	r18, 0x02	; 2
    2194:	31 05       	cpc	r19, r1
    2196:	2c f4       	brge	.+10     	; 0x21a2 <GPIO_writePort+0x3e>
    2198:	8b 81       	ldd	r24, Y+3	; 0x03
    219a:	9c 81       	ldd	r25, Y+4	; 0x04
    219c:	00 97       	sbiw	r24, 0x00	; 0
    219e:	61 f0       	breq	.+24     	; 0x21b8 <GPIO_writePort+0x54>
    21a0:	1e c0       	rjmp	.+60     	; 0x21de <GPIO_writePort+0x7a>
    21a2:	2b 81       	ldd	r18, Y+3	; 0x03
    21a4:	3c 81       	ldd	r19, Y+4	; 0x04
    21a6:	22 30       	cpi	r18, 0x02	; 2
    21a8:	31 05       	cpc	r19, r1
    21aa:	81 f0       	breq	.+32     	; 0x21cc <GPIO_writePort+0x68>
    21ac:	8b 81       	ldd	r24, Y+3	; 0x03
    21ae:	9c 81       	ldd	r25, Y+4	; 0x04
    21b0:	83 30       	cpi	r24, 0x03	; 3
    21b2:	91 05       	cpc	r25, r1
    21b4:	81 f0       	breq	.+32     	; 0x21d6 <GPIO_writePort+0x72>
    21b6:	13 c0       	rjmp	.+38     	; 0x21de <GPIO_writePort+0x7a>
		{
		case PORTA_ID:
			PORTA = value;
    21b8:	eb e3       	ldi	r30, 0x3B	; 59
    21ba:	f0 e0       	ldi	r31, 0x00	; 0
    21bc:	8a 81       	ldd	r24, Y+2	; 0x02
    21be:	80 83       	st	Z, r24
    21c0:	0e c0       	rjmp	.+28     	; 0x21de <GPIO_writePort+0x7a>
			break;
		case PORTB_ID:
			PORTB = value;
    21c2:	e8 e3       	ldi	r30, 0x38	; 56
    21c4:	f0 e0       	ldi	r31, 0x00	; 0
    21c6:	8a 81       	ldd	r24, Y+2	; 0x02
    21c8:	80 83       	st	Z, r24
    21ca:	09 c0       	rjmp	.+18     	; 0x21de <GPIO_writePort+0x7a>
			break;
		case PORTC_ID:
			PORTC = value;
    21cc:	e5 e3       	ldi	r30, 0x35	; 53
    21ce:	f0 e0       	ldi	r31, 0x00	; 0
    21d0:	8a 81       	ldd	r24, Y+2	; 0x02
    21d2:	80 83       	st	Z, r24
    21d4:	04 c0       	rjmp	.+8      	; 0x21de <GPIO_writePort+0x7a>
			break;
		case PORTD_ID:
			PORTD = value;
    21d6:	e2 e3       	ldi	r30, 0x32	; 50
    21d8:	f0 e0       	ldi	r31, 0x00	; 0
    21da:	8a 81       	ldd	r24, Y+2	; 0x02
    21dc:	80 83       	st	Z, r24
			break;
		}
	}
}
    21de:	0f 90       	pop	r0
    21e0:	0f 90       	pop	r0
    21e2:	0f 90       	pop	r0
    21e4:	0f 90       	pop	r0
    21e6:	cf 91       	pop	r28
    21e8:	df 91       	pop	r29
    21ea:	08 95       	ret

000021ec <GPIO_readPort>:
 * Description :
 * Read and return the value of the required port.
 * If the input port number is not correct, The function will return ZERO value.
 */
uint8 GPIO_readPort(uint8 port_num)
{
    21ec:	df 93       	push	r29
    21ee:	cf 93       	push	r28
    21f0:	00 d0       	rcall	.+0      	; 0x21f2 <GPIO_readPort+0x6>
    21f2:	00 d0       	rcall	.+0      	; 0x21f4 <GPIO_readPort+0x8>
    21f4:	cd b7       	in	r28, 0x3d	; 61
    21f6:	de b7       	in	r29, 0x3e	; 62
    21f8:	8a 83       	std	Y+2, r24	; 0x02
	uint8 value = LOGIC_LOW;
    21fa:	19 82       	std	Y+1, r1	; 0x01

	/*
	 * Check if the input number is greater than NUM_OF_PORTS value.
	 * In this case the input is not valid port number
	 */
	if(port_num >= NUM_OF_PORTS)
    21fc:	8a 81       	ldd	r24, Y+2	; 0x02
    21fe:	84 30       	cpi	r24, 0x04	; 4
    2200:	90 f5       	brcc	.+100    	; 0x2266 <GPIO_readPort+0x7a>
		/* Do Nothing */
	}
	else
	{
		/* Read the port value as required */
		switch(port_num)
    2202:	8a 81       	ldd	r24, Y+2	; 0x02
    2204:	28 2f       	mov	r18, r24
    2206:	30 e0       	ldi	r19, 0x00	; 0
    2208:	3c 83       	std	Y+4, r19	; 0x04
    220a:	2b 83       	std	Y+3, r18	; 0x03
    220c:	8b 81       	ldd	r24, Y+3	; 0x03
    220e:	9c 81       	ldd	r25, Y+4	; 0x04
    2210:	81 30       	cpi	r24, 0x01	; 1
    2212:	91 05       	cpc	r25, r1
    2214:	d1 f0       	breq	.+52     	; 0x224a <GPIO_readPort+0x5e>
    2216:	2b 81       	ldd	r18, Y+3	; 0x03
    2218:	3c 81       	ldd	r19, Y+4	; 0x04
    221a:	22 30       	cpi	r18, 0x02	; 2
    221c:	31 05       	cpc	r19, r1
    221e:	2c f4       	brge	.+10     	; 0x222a <GPIO_readPort+0x3e>
    2220:	8b 81       	ldd	r24, Y+3	; 0x03
    2222:	9c 81       	ldd	r25, Y+4	; 0x04
    2224:	00 97       	sbiw	r24, 0x00	; 0
    2226:	61 f0       	breq	.+24     	; 0x2240 <GPIO_readPort+0x54>
    2228:	1e c0       	rjmp	.+60     	; 0x2266 <GPIO_readPort+0x7a>
    222a:	2b 81       	ldd	r18, Y+3	; 0x03
    222c:	3c 81       	ldd	r19, Y+4	; 0x04
    222e:	22 30       	cpi	r18, 0x02	; 2
    2230:	31 05       	cpc	r19, r1
    2232:	81 f0       	breq	.+32     	; 0x2254 <GPIO_readPort+0x68>
    2234:	8b 81       	ldd	r24, Y+3	; 0x03
    2236:	9c 81       	ldd	r25, Y+4	; 0x04
    2238:	83 30       	cpi	r24, 0x03	; 3
    223a:	91 05       	cpc	r25, r1
    223c:	81 f0       	breq	.+32     	; 0x225e <GPIO_readPort+0x72>
    223e:	13 c0       	rjmp	.+38     	; 0x2266 <GPIO_readPort+0x7a>
		{
		case PORTA_ID:
			value = PINA;
    2240:	e9 e3       	ldi	r30, 0x39	; 57
    2242:	f0 e0       	ldi	r31, 0x00	; 0
    2244:	80 81       	ld	r24, Z
    2246:	89 83       	std	Y+1, r24	; 0x01
    2248:	0e c0       	rjmp	.+28     	; 0x2266 <GPIO_readPort+0x7a>
			break;
		case PORTB_ID:
			value = PINB;
    224a:	e6 e3       	ldi	r30, 0x36	; 54
    224c:	f0 e0       	ldi	r31, 0x00	; 0
    224e:	80 81       	ld	r24, Z
    2250:	89 83       	std	Y+1, r24	; 0x01
    2252:	09 c0       	rjmp	.+18     	; 0x2266 <GPIO_readPort+0x7a>
			break;
		case PORTC_ID:
			value = PINC;
    2254:	e3 e3       	ldi	r30, 0x33	; 51
    2256:	f0 e0       	ldi	r31, 0x00	; 0
    2258:	80 81       	ld	r24, Z
    225a:	89 83       	std	Y+1, r24	; 0x01
    225c:	04 c0       	rjmp	.+8      	; 0x2266 <GPIO_readPort+0x7a>
			break;
		case PORTD_ID:
			value = PIND;
    225e:	e0 e3       	ldi	r30, 0x30	; 48
    2260:	f0 e0       	ldi	r31, 0x00	; 0
    2262:	80 81       	ld	r24, Z
    2264:	89 83       	std	Y+1, r24	; 0x01
			break;
		}
	}

	return value;
    2266:	89 81       	ldd	r24, Y+1	; 0x01
}
    2268:	0f 90       	pop	r0
    226a:	0f 90       	pop	r0
    226c:	0f 90       	pop	r0
    226e:	0f 90       	pop	r0
    2270:	cf 91       	pop	r28
    2272:	df 91       	pop	r29
    2274:	08 95       	ret

00002276 <DcMotor_Init>:

/**************************************************************************

                             FUNCTIONS DEFINATION
 ***************************************************************************/
void DcMotor_Init(void){ // FUNCTION init which used to initiate the motor states
    2276:	df 93       	push	r29
    2278:	cf 93       	push	r28
    227a:	cd b7       	in	r28, 0x3d	; 61
    227c:	de b7       	in	r29, 0x3e	; 62
	 * start the motor in stop condition by applying zero signals to the
	   motor h bridge by making pins 4,5 in port B as output of logic low
	   which is zero .

	 */
	GPIO_setupPinDirection(MOTOR_CONTROL_PORT_ID, MOTOR_CONTROL_PIN1_ID, PIN_OUTPUT);
    227e:	81 e0       	ldi	r24, 0x01	; 1
    2280:	64 e0       	ldi	r22, 0x04	; 4
    2282:	41 e0       	ldi	r20, 0x01	; 1
    2284:	0e 94 fd 0d 	call	0x1bfa	; 0x1bfa <GPIO_setupPinDirection>
	GPIO_setupPinDirection(MOTOR_CONTROL_PORT_ID, MOTOR_CONTROL_PIN2_ID, PIN_OUTPUT);
    2288:	81 e0       	ldi	r24, 0x01	; 1
    228a:	65 e0       	ldi	r22, 0x05	; 5
    228c:	41 e0       	ldi	r20, 0x01	; 1
    228e:	0e 94 fd 0d 	call	0x1bfa	; 0x1bfa <GPIO_setupPinDirection>
	GPIO_writePin(MOTOR_CONTROL_PORT_ID, MOTOR_CONTROL_PIN1_ID, LOGIC_LOW);
    2292:	81 e0       	ldi	r24, 0x01	; 1
    2294:	64 e0       	ldi	r22, 0x04	; 4
    2296:	40 e0       	ldi	r20, 0x00	; 0
    2298:	0e 94 e8 0e 	call	0x1dd0	; 0x1dd0 <GPIO_writePin>
	GPIO_writePin(MOTOR_CONTROL_PORT_ID, MOTOR_CONTROL_PIN2_ID, LOGIC_LOW);
    229c:	81 e0       	ldi	r24, 0x01	; 1
    229e:	65 e0       	ldi	r22, 0x05	; 5
    22a0:	40 e0       	ldi	r20, 0x00	; 0
    22a2:	0e 94 e8 0e 	call	0x1dd0	; 0x1dd0 <GPIO_writePin>
}
    22a6:	cf 91       	pop	r28
    22a8:	df 91       	pop	r29
    22aa:	08 95       	ret

000022ac <Dc_Motor_Rotate>:
 and the speed of the motor depending on two data comes with calling the fuction
 which are motor state and the speed
 *Note that : state of the motor is variable which means it can be changed to three states thats
 *Note why we have made a enum of three constants .
 */
void Dc_Motor_Rotate(DcMotor_State state ){
    22ac:	df 93       	push	r29
    22ae:	cf 93       	push	r28
    22b0:	00 d0       	rcall	.+0      	; 0x22b2 <Dc_Motor_Rotate+0x6>
    22b2:	0f 92       	push	r0
    22b4:	cd b7       	in	r28, 0x3d	; 61
    22b6:	de b7       	in	r29, 0x3e	; 62
    22b8:	89 83       	std	Y+1, r24	; 0x01


	switch (state){
    22ba:	89 81       	ldd	r24, Y+1	; 0x01
    22bc:	28 2f       	mov	r18, r24
    22be:	30 e0       	ldi	r19, 0x00	; 0
    22c0:	3b 83       	std	Y+3, r19	; 0x03
    22c2:	2a 83       	std	Y+2, r18	; 0x02
    22c4:	8a 81       	ldd	r24, Y+2	; 0x02
    22c6:	9b 81       	ldd	r25, Y+3	; 0x03
    22c8:	81 30       	cpi	r24, 0x01	; 1
    22ca:	91 05       	cpc	r25, r1
    22cc:	79 f0       	breq	.+30     	; 0x22ec <Dc_Motor_Rotate+0x40>
    22ce:	2a 81       	ldd	r18, Y+2	; 0x02
    22d0:	3b 81       	ldd	r19, Y+3	; 0x03
    22d2:	22 30       	cpi	r18, 0x02	; 2
    22d4:	31 05       	cpc	r19, r1
    22d6:	81 f0       	breq	.+32     	; 0x22f8 <Dc_Motor_Rotate+0x4c>
    22d8:	8a 81       	ldd	r24, Y+2	; 0x02
    22da:	9b 81       	ldd	r25, Y+3	; 0x03
    22dc:	00 97       	sbiw	r24, 0x00	; 0
    22de:	b9 f4       	brne	.+46     	; 0x230e <Dc_Motor_Rotate+0x62>
	case 0 :
		GPIO_writePin(MOTOR_CONTROL_PORT_ID, MOTOR_CONTROL_PIN2_ID, LOGIC_HIGH); // Rotate the motor clockwise direction
    22e0:	81 e0       	ldi	r24, 0x01	; 1
    22e2:	65 e0       	ldi	r22, 0x05	; 5
    22e4:	41 e0       	ldi	r20, 0x01	; 1
    22e6:	0e 94 e8 0e 	call	0x1dd0	; 0x1dd0 <GPIO_writePin>
    22ea:	1b c0       	rjmp	.+54     	; 0x2322 <Dc_Motor_Rotate+0x76>
		break ;
	case 1 :
		GPIO_writePin(MOTOR_CONTROL_PORT_ID,MOTOR_CONTROL_PIN1_ID, LOGIC_HIGH);// Rotate the motor anti-clockwise direction
    22ec:	81 e0       	ldi	r24, 0x01	; 1
    22ee:	64 e0       	ldi	r22, 0x04	; 4
    22f0:	41 e0       	ldi	r20, 0x01	; 1
    22f2:	0e 94 e8 0e 	call	0x1dd0	; 0x1dd0 <GPIO_writePin>
    22f6:	15 c0       	rjmp	.+42     	; 0x2322 <Dc_Motor_Rotate+0x76>
		break ;
	case 2  :
		GPIO_writePin(MOTOR_CONTROL_PORT_ID,MOTOR_CONTROL_PIN1_ID, LOGIC_LOW); // Stop the motor's motion
    22f8:	81 e0       	ldi	r24, 0x01	; 1
    22fa:	64 e0       	ldi	r22, 0x04	; 4
    22fc:	40 e0       	ldi	r20, 0x00	; 0
    22fe:	0e 94 e8 0e 	call	0x1dd0	; 0x1dd0 <GPIO_writePin>
		GPIO_writePin(MOTOR_CONTROL_PORT_ID, MOTOR_CONTROL_PIN2_ID, LOGIC_LOW);
    2302:	81 e0       	ldi	r24, 0x01	; 1
    2304:	65 e0       	ldi	r22, 0x05	; 5
    2306:	40 e0       	ldi	r20, 0x00	; 0
    2308:	0e 94 e8 0e 	call	0x1dd0	; 0x1dd0 <GPIO_writePin>
    230c:	0a c0       	rjmp	.+20     	; 0x2322 <Dc_Motor_Rotate+0x76>
		break ;
	default :
		GPIO_writePin(MOTOR_CONTROL_PORT_ID, MOTOR_CONTROL_PIN1_ID, LOGIC_LOW); // Stop the motor's motion as default
    230e:	81 e0       	ldi	r24, 0x01	; 1
    2310:	64 e0       	ldi	r22, 0x04	; 4
    2312:	40 e0       	ldi	r20, 0x00	; 0
    2314:	0e 94 e8 0e 	call	0x1dd0	; 0x1dd0 <GPIO_writePin>
		GPIO_writePin(MOTOR_CONTROL_PORT_ID, MOTOR_CONTROL_PIN2_ID, LOGIC_LOW);
    2318:	81 e0       	ldi	r24, 0x01	; 1
    231a:	65 e0       	ldi	r22, 0x05	; 5
    231c:	40 e0       	ldi	r20, 0x00	; 0
    231e:	0e 94 e8 0e 	call	0x1dd0	; 0x1dd0 <GPIO_writePin>
		break ;
	}



}
    2322:	0f 90       	pop	r0
    2324:	0f 90       	pop	r0
    2326:	0f 90       	pop	r0
    2328:	cf 91       	pop	r28
    232a:	df 91       	pop	r29
    232c:	08 95       	ret

0000232e <PWM_Timer0_Start>:
/*-_-_-_-_-_-_-_-_-_-_-_-_-_-_-_-_-_-_-_-_-_-_-_-_-_-_-_-_-_-_-_-_-_-_--_-_-_-__-_

                             FUNCTIONS DEFINATION
 -_-_-_-_-_-_-_-_-_-_-_-_-_-_-_-_-_-_-_-_-_-_-_-_-_-_-_-_-_-_-_-_-_--_-_-_-__-_-_*/

void  PWM_Timer0_Start(uint8 duty_cycle){
    232e:	df 93       	push	r29
    2330:	cf 93       	push	r28
    2332:	0f 92       	push	r0
    2334:	cd b7       	in	r28, 0x3d	; 61
    2336:	de b7       	in	r29, 0x3e	; 62
    2338:	89 83       	std	Y+1, r24	; 0x01
	TCNT0 = 0 ; // Set Timer Initial Value to 0
    233a:	e2 e5       	ldi	r30, 0x52	; 82
    233c:	f0 e0       	ldi	r31, 0x00	; 0
    233e:	10 82       	st	Z, r1
	GPIO_setupPinDirection(PWM_PORT_ID, PWM_PIN_ID, PIN_OUTPUT); // Configure PB3/OC0 as output pin --> pin where the PWM signal is generated from MC
    2340:	81 e0       	ldi	r24, 0x01	; 1
    2342:	63 e0       	ldi	r22, 0x03	; 3
    2344:	41 e0       	ldi	r20, 0x01	; 1
    2346:	0e 94 fd 0d 	call	0x1bfa	; 0x1bfa <GPIO_setupPinDirection>
	OCR0 = duty_cycle ;   //Set Compare value
    234a:	ec e5       	ldi	r30, 0x5C	; 92
    234c:	f0 e0       	ldi	r31, 0x00	; 0
    234e:	89 81       	ldd	r24, Y+1	; 0x01
    2350:	80 83       	st	Z, r24

	TCCR0 = (1<<COM01)|(1<<CS01)|(1<<WGM00)|(1<<WGM01);
    2352:	e3 e5       	ldi	r30, 0x53	; 83
    2354:	f0 e0       	ldi	r31, 0x00	; 0
    2356:	8a e6       	ldi	r24, 0x6A	; 106
    2358:	80 83       	st	Z, r24
	 * 3. Clear OC0 when match occurs (non inverted mode) COM00=0 & COM01=1
	 * 4. clock = F_CPU/8 CS00=0 CS01=1 CS02=0
	 */


}
    235a:	0f 90       	pop	r0
    235c:	cf 91       	pop	r28
    235e:	df 91       	pop	r29
    2360:	08 95       	ret

00002362 <__vector_9>:
                             FUNCTIONS DEFINATION
 -_-_-_-_-_-_-_-_-_-_-_-_-_-_-_-_-_-_-_-_-_-_-_-_-_-_-_-_-_-_-_-_-_--_-_-_-__-_-_*/
/*
 * This ISR function is used in case of overflow mode
 */
ISR(TIMER0_OVF_vect){
    2362:	1f 92       	push	r1
    2364:	0f 92       	push	r0
    2366:	0f b6       	in	r0, 0x3f	; 63
    2368:	0f 92       	push	r0
    236a:	11 24       	eor	r1, r1
    236c:	2f 93       	push	r18
    236e:	3f 93       	push	r19
    2370:	4f 93       	push	r20
    2372:	5f 93       	push	r21
    2374:	6f 93       	push	r22
    2376:	7f 93       	push	r23
    2378:	8f 93       	push	r24
    237a:	9f 93       	push	r25
    237c:	af 93       	push	r26
    237e:	bf 93       	push	r27
    2380:	ef 93       	push	r30
    2382:	ff 93       	push	r31
    2384:	df 93       	push	r29
    2386:	cf 93       	push	r28
    2388:	cd b7       	in	r28, 0x3d	; 61
    238a:	de b7       	in	r29, 0x3e	; 62
	if(g_callBackPtr != NULL_PTR)
    238c:	80 91 7c 00 	lds	r24, 0x007C
    2390:	90 91 7d 00 	lds	r25, 0x007D
    2394:	00 97       	sbiw	r24, 0x00	; 0
    2396:	29 f0       	breq	.+10     	; 0x23a2 <__vector_9+0x40>
	{
		/* Call the Call Back function in the application after the edge is detected */
		(*g_callBackPtr)(); /* another method to call the function using pointer to function g_callBackPtr(); */
    2398:	e0 91 7c 00 	lds	r30, 0x007C
    239c:	f0 91 7d 00 	lds	r31, 0x007D
    23a0:	09 95       	icall
	}
}
    23a2:	cf 91       	pop	r28
    23a4:	df 91       	pop	r29
    23a6:	ff 91       	pop	r31
    23a8:	ef 91       	pop	r30
    23aa:	bf 91       	pop	r27
    23ac:	af 91       	pop	r26
    23ae:	9f 91       	pop	r25
    23b0:	8f 91       	pop	r24
    23b2:	7f 91       	pop	r23
    23b4:	6f 91       	pop	r22
    23b6:	5f 91       	pop	r21
    23b8:	4f 91       	pop	r20
    23ba:	3f 91       	pop	r19
    23bc:	2f 91       	pop	r18
    23be:	0f 90       	pop	r0
    23c0:	0f be       	out	0x3f, r0	; 63
    23c2:	0f 90       	pop	r0
    23c4:	1f 90       	pop	r1
    23c6:	18 95       	reti

000023c8 <__vector_19>:
/*
 * This ISR function is used in case of CTC  mode , That is been called each time it reaches the compare value
 */
ISR(TIMER0_COMP_vect){
    23c8:	1f 92       	push	r1
    23ca:	0f 92       	push	r0
    23cc:	0f b6       	in	r0, 0x3f	; 63
    23ce:	0f 92       	push	r0
    23d0:	11 24       	eor	r1, r1
    23d2:	2f 93       	push	r18
    23d4:	3f 93       	push	r19
    23d6:	4f 93       	push	r20
    23d8:	5f 93       	push	r21
    23da:	6f 93       	push	r22
    23dc:	7f 93       	push	r23
    23de:	8f 93       	push	r24
    23e0:	9f 93       	push	r25
    23e2:	af 93       	push	r26
    23e4:	bf 93       	push	r27
    23e6:	ef 93       	push	r30
    23e8:	ff 93       	push	r31
    23ea:	df 93       	push	r29
    23ec:	cf 93       	push	r28
    23ee:	cd b7       	in	r28, 0x3d	; 61
    23f0:	de b7       	in	r29, 0x3e	; 62
	if(g_callBackPtr != NULL_PTR)
    23f2:	80 91 7c 00 	lds	r24, 0x007C
    23f6:	90 91 7d 00 	lds	r25, 0x007D
    23fa:	00 97       	sbiw	r24, 0x00	; 0
    23fc:	29 f0       	breq	.+10     	; 0x2408 <__vector_19+0x40>
	{
		/* Call the Call Back function in the application after the edge is detected */
		(*g_callBackPtr)(); /* another method to call the function using pointer to function g_callBackPtr(); */
    23fe:	e0 91 7c 00 	lds	r30, 0x007C
    2402:	f0 91 7d 00 	lds	r31, 0x007D
    2406:	09 95       	icall
	}
}
    2408:	cf 91       	pop	r28
    240a:	df 91       	pop	r29
    240c:	ff 91       	pop	r31
    240e:	ef 91       	pop	r30
    2410:	bf 91       	pop	r27
    2412:	af 91       	pop	r26
    2414:	9f 91       	pop	r25
    2416:	8f 91       	pop	r24
    2418:	7f 91       	pop	r23
    241a:	6f 91       	pop	r22
    241c:	5f 91       	pop	r21
    241e:	4f 91       	pop	r20
    2420:	3f 91       	pop	r19
    2422:	2f 91       	pop	r18
    2424:	0f 90       	pop	r0
    2426:	0f be       	out	0x3f, r0	; 63
    2428:	0f 90       	pop	r0
    242a:	1f 90       	pop	r1
    242c:	18 95       	reti

0000242e <Timer0_init>:
/*
 * Timer0_init is a function that used to set some Bits in Timer0 Registers For
 *  Starting the timer to count till the desired value
 */
void Timer0_init(const Timer0_config *ptr){
    242e:	df 93       	push	r29
    2430:	cf 93       	push	r28
    2432:	00 d0       	rcall	.+0      	; 0x2434 <Timer0_init+0x6>
    2434:	00 d0       	rcall	.+0      	; 0x2436 <Timer0_init+0x8>
    2436:	cd b7       	in	r28, 0x3d	; 61
    2438:	de b7       	in	r29, 0x3e	; 62
    243a:	9a 83       	std	Y+2, r25	; 0x02
    243c:	89 83       	std	Y+1, r24	; 0x01
	TCNT0 = ptr->init_value ; // Set The initial value in TCNT0
    243e:	a2 e5       	ldi	r26, 0x52	; 82
    2440:	b0 e0       	ldi	r27, 0x00	; 0
    2442:	e9 81       	ldd	r30, Y+1	; 0x01
    2444:	fa 81       	ldd	r31, Y+2	; 0x02
    2446:	82 81       	ldd	r24, Z+2	; 0x02
    2448:	93 81       	ldd	r25, Z+3	; 0x03
    244a:	8c 93       	st	X, r24
	TCCR0 = ptr->clock ;    // Set the prescaler selected
    244c:	a3 e5       	ldi	r26, 0x53	; 83
    244e:	b0 e0       	ldi	r27, 0x00	; 0
    2450:	e9 81       	ldd	r30, Y+1	; 0x01
    2452:	fa 81       	ldd	r31, Y+2	; 0x02
    2454:	80 81       	ld	r24, Z
    2456:	8c 93       	st	X, r24
	OCR0 = ptr->comp_value ; // Set the compare value in OCR0 register that will be automatically used in case of selection of CTC mode
    2458:	ac e5       	ldi	r26, 0x5C	; 92
    245a:	b0 e0       	ldi	r27, 0x00	; 0
    245c:	e9 81       	ldd	r30, Y+1	; 0x01
    245e:	fa 81       	ldd	r31, Y+2	; 0x02
    2460:	84 81       	ldd	r24, Z+4	; 0x04
    2462:	95 81       	ldd	r25, Z+5	; 0x05
    2464:	8c 93       	st	X, r24
	/*
	 * This switch case used to differentiate between wish mode of 4 will be used
	 */
	switch (ptr->mode){
    2466:	e9 81       	ldd	r30, Y+1	; 0x01
    2468:	fa 81       	ldd	r31, Y+2	; 0x02
    246a:	81 81       	ldd	r24, Z+1	; 0x01
    246c:	28 2f       	mov	r18, r24
    246e:	30 e0       	ldi	r19, 0x00	; 0
    2470:	3c 83       	std	Y+4, r19	; 0x04
    2472:	2b 83       	std	Y+3, r18	; 0x03
    2474:	8b 81       	ldd	r24, Y+3	; 0x03
    2476:	9c 81       	ldd	r25, Y+4	; 0x04
    2478:	81 30       	cpi	r24, 0x01	; 1
    247a:	91 05       	cpc	r25, r1
    247c:	e1 f0       	breq	.+56     	; 0x24b6 <Timer0_init+0x88>
    247e:	2b 81       	ldd	r18, Y+3	; 0x03
    2480:	3c 81       	ldd	r19, Y+4	; 0x04
    2482:	22 30       	cpi	r18, 0x02	; 2
    2484:	31 05       	cpc	r19, r1
    2486:	2c f4       	brge	.+10     	; 0x2492 <Timer0_init+0x64>
    2488:	8b 81       	ldd	r24, Y+3	; 0x03
    248a:	9c 81       	ldd	r25, Y+4	; 0x04
    248c:	00 97       	sbiw	r24, 0x00	; 0
    248e:	61 f0       	breq	.+24     	; 0x24a8 <Timer0_init+0x7a>
    2490:	21 c0       	rjmp	.+66     	; 0x24d4 <Timer0_init+0xa6>
    2492:	2b 81       	ldd	r18, Y+3	; 0x03
    2494:	3c 81       	ldd	r19, Y+4	; 0x04
    2496:	22 30       	cpi	r18, 0x02	; 2
    2498:	31 05       	cpc	r19, r1
    249a:	89 f0       	breq	.+34     	; 0x24be <Timer0_init+0x90>
    249c:	8b 81       	ldd	r24, Y+3	; 0x03
    249e:	9c 81       	ldd	r25, Y+4	; 0x04
    24a0:	83 30       	cpi	r24, 0x03	; 3
    24a2:	91 05       	cpc	r25, r1
    24a4:	a1 f0       	breq	.+40     	; 0x24ce <Timer0_init+0xa0>
    24a6:	16 c0       	rjmp	.+44     	; 0x24d4 <Timer0_init+0xa6>
	case 0 : // Case 0 : Normal Mode
		WGM = 0x00 ; //  set bits -> WGM00 = 0 , WGM01 = 0
    24a8:	10 92 9d 00 	sts	0x009D, r1
		TIMSK = 1; // Enable TOIE0 BIT =1 , That enable The overflow mode interrupt
    24ac:	e9 e5       	ldi	r30, 0x59	; 89
    24ae:	f0 e0       	ldi	r31, 0x00	; 0
    24b0:	81 e0       	ldi	r24, 0x01	; 1
    24b2:	80 83       	st	Z, r24
    24b4:	0f c0       	rjmp	.+30     	; 0x24d4 <Timer0_init+0xa6>
		break ;
	case 1 :// Case 1 : PWM Mode which is Not going to be used in this project
		WGM = 0x40 ; // set bits -> WGM00 = 1 , WGM01 = 0
    24b6:	80 e4       	ldi	r24, 0x40	; 64
    24b8:	80 93 9d 00 	sts	0x009D, r24
    24bc:	0b c0       	rjmp	.+22     	; 0x24d4 <Timer0_init+0xa6>

		break ;
	case 2 :// Case 2 : CTC Mode
		WGM = 0x08  ; // set bits -> WGM00 = 0 , WGM01 = 1
    24be:	88 e0       	ldi	r24, 0x08	; 8
    24c0:	80 93 9d 00 	sts	0x009D, r24
		TIMSK = 2; // Enable OCIE0  BIT = 1 , That enable The CTC mode interrupt
    24c4:	e9 e5       	ldi	r30, 0x59	; 89
    24c6:	f0 e0       	ldi	r31, 0x00	; 0
    24c8:	82 e0       	ldi	r24, 0x02	; 2
    24ca:	80 83       	st	Z, r24
    24cc:	03 c0       	rjmp	.+6      	; 0x24d4 <Timer0_init+0xa6>

		break ;
	case 3 :// Case 3 : Fast_PWM Mode
		WGM = 0x48 ; //set bits -> WGM00 = 1 , WGM01 = 1
    24ce:	88 e4       	ldi	r24, 0x48	; 72
    24d0:	80 93 9d 00 	sts	0x009D, r24
		break ;
	default :
		break ;
	}
	TCCR0 |= WGM ; // Use this Variable WGM to set the requirements in TCCR0 According to the switch case
    24d4:	a3 e5       	ldi	r26, 0x53	; 83
    24d6:	b0 e0       	ldi	r27, 0x00	; 0
    24d8:	e3 e5       	ldi	r30, 0x53	; 83
    24da:	f0 e0       	ldi	r31, 0x00	; 0
    24dc:	90 81       	ld	r25, Z
    24de:	80 91 9d 00 	lds	r24, 0x009D
    24e2:	89 2b       	or	r24, r25
    24e4:	8c 93       	st	X, r24
}
    24e6:	0f 90       	pop	r0
    24e8:	0f 90       	pop	r0
    24ea:	0f 90       	pop	r0
    24ec:	0f 90       	pop	r0
    24ee:	cf 91       	pop	r28
    24f0:	df 91       	pop	r29
    24f2:	08 95       	ret

000024f4 <Timer0_SetcallBack>:
/*
 * This Function "Timer0_SetcallBack" Used to set the name of the function
 *  needed to behave every interrupt during running the Application
 */
void Timer0_SetcallBack(void(*a_ptr)(void)){
    24f4:	df 93       	push	r29
    24f6:	cf 93       	push	r28
    24f8:	00 d0       	rcall	.+0      	; 0x24fa <Timer0_SetcallBack+0x6>
    24fa:	cd b7       	in	r28, 0x3d	; 61
    24fc:	de b7       	in	r29, 0x3e	; 62
    24fe:	9a 83       	std	Y+2, r25	; 0x02
    2500:	89 83       	std	Y+1, r24	; 0x01
	g_callBackPtr = a_ptr;
    2502:	89 81       	ldd	r24, Y+1	; 0x01
    2504:	9a 81       	ldd	r25, Y+2	; 0x02
    2506:	90 93 7d 00 	sts	0x007D, r25
    250a:	80 93 7c 00 	sts	0x007C, r24
}
    250e:	0f 90       	pop	r0
    2510:	0f 90       	pop	r0
    2512:	cf 91       	pop	r28
    2514:	df 91       	pop	r29
    2516:	08 95       	ret

00002518 <Time0_deinit>:
/*
 * This Function "Time0_deinit" Used to disable Timer0 and reset it , To be used again
 */
void Time0_deinit(void){
    2518:	df 93       	push	r29
    251a:	cf 93       	push	r28
    251c:	cd b7       	in	r28, 0x3d	; 61
    251e:	de b7       	in	r29, 0x3e	; 62
TCCR0 = 0 ;
    2520:	e3 e5       	ldi	r30, 0x53	; 83
    2522:	f0 e0       	ldi	r31, 0x00	; 0
    2524:	10 82       	st	Z, r1
TCNT0 = 0 ;
    2526:	e2 e5       	ldi	r30, 0x52	; 82
    2528:	f0 e0       	ldi	r31, 0x00	; 0
    252a:	10 82       	st	Z, r1
TIMSK = 0 ;
    252c:	e9 e5       	ldi	r30, 0x59	; 89
    252e:	f0 e0       	ldi	r31, 0x00	; 0
    2530:	10 82       	st	Z, r1

}
    2532:	cf 91       	pop	r28
    2534:	df 91       	pop	r29
    2536:	08 95       	ret

00002538 <TWI_init>:

#include "common_macros.h"
#include <avr/io.h>

void TWI_init(const I2C_Config * ptr)
{
    2538:	df 93       	push	r29
    253a:	cf 93       	push	r28
    253c:	00 d0       	rcall	.+0      	; 0x253e <TWI_init+0x6>
    253e:	0f 92       	push	r0
    2540:	cd b7       	in	r28, 0x3d	; 61
    2542:	de b7       	in	r29, 0x3e	; 62
    2544:	9b 83       	std	Y+3, r25	; 0x03
    2546:	8a 83       	std	Y+2, r24	; 0x02
	uint8 SCL ;
    /* Bit Rate: 400.000 kbps using zero pre-scaler TWPS=00 and F_CPU=8Mhz */
	SCL = (uint8)((((F_CPU)/(ptr->Bit_Rate))-16)/2);
    2548:	ea 81       	ldd	r30, Y+2	; 0x02
    254a:	fb 81       	ldd	r31, Y+3	; 0x03
    254c:	22 81       	ldd	r18, Z+2	; 0x02
    254e:	33 81       	ldd	r19, Z+3	; 0x03
    2550:	44 81       	ldd	r20, Z+4	; 0x04
    2552:	55 81       	ldd	r21, Z+5	; 0x05
    2554:	80 e0       	ldi	r24, 0x00	; 0
    2556:	92 e1       	ldi	r25, 0x12	; 18
    2558:	aa e7       	ldi	r26, 0x7A	; 122
    255a:	b0 e0       	ldi	r27, 0x00	; 0
    255c:	bc 01       	movw	r22, r24
    255e:	cd 01       	movw	r24, r26
    2560:	0e 94 7d 14 	call	0x28fa	; 0x28fa <__udivmodsi4>
    2564:	da 01       	movw	r26, r20
    2566:	c9 01       	movw	r24, r18
    2568:	40 97       	sbiw	r24, 0x10	; 16
    256a:	a1 09       	sbc	r26, r1
    256c:	b1 09       	sbc	r27, r1
    256e:	b6 95       	lsr	r27
    2570:	a7 95       	ror	r26
    2572:	97 95       	ror	r25
    2574:	87 95       	ror	r24
    2576:	89 83       	std	Y+1, r24	; 0x01
    TWBR = SCL;
    2578:	e0 e2       	ldi	r30, 0x20	; 32
    257a:	f0 e0       	ldi	r31, 0x00	; 0
    257c:	89 81       	ldd	r24, Y+1	; 0x01
    257e:	80 83       	st	Z, r24
	TWSR = 0x00;
    2580:	e1 e2       	ldi	r30, 0x21	; 33
    2582:	f0 e0       	ldi	r31, 0x00	; 0
    2584:	10 82       	st	Z, r1
	
    /* Two Wire Bus address my address if any master device want to call me: 0x1 (used in case this MC is a slave device)
       General Call Recognition: Off */
    TWAR = ptr->My_Address ; // my address = 0x01 :)
    2586:	a2 e2       	ldi	r26, 0x22	; 34
    2588:	b0 e0       	ldi	r27, 0x00	; 0
    258a:	ea 81       	ldd	r30, Y+2	; 0x02
    258c:	fb 81       	ldd	r31, Y+3	; 0x03
    258e:	80 81       	ld	r24, Z
    2590:	91 81       	ldd	r25, Z+1	; 0x01
    2592:	8c 93       	st	X, r24
	
    TWCR = (1<<TWEN); /* enable TWI */
    2594:	e6 e5       	ldi	r30, 0x56	; 86
    2596:	f0 e0       	ldi	r31, 0x00	; 0
    2598:	84 e0       	ldi	r24, 0x04	; 4
    259a:	80 83       	st	Z, r24
}
    259c:	0f 90       	pop	r0
    259e:	0f 90       	pop	r0
    25a0:	0f 90       	pop	r0
    25a2:	cf 91       	pop	r28
    25a4:	df 91       	pop	r29
    25a6:	08 95       	ret

000025a8 <TWI_start>:

void TWI_start(void)
{
    25a8:	df 93       	push	r29
    25aa:	cf 93       	push	r28
    25ac:	cd b7       	in	r28, 0x3d	; 61
    25ae:	de b7       	in	r29, 0x3e	; 62
    /* 
	 * Clear the TWINT flag before sending the start bit TWINT=1
	 * send the start bit by TWSTA=1
	 * Enable TWI Module TWEN=1 
	 */
    TWCR = (1 << TWINT) | (1 << TWSTA) | (1 << TWEN);
    25b0:	e6 e5       	ldi	r30, 0x56	; 86
    25b2:	f0 e0       	ldi	r31, 0x00	; 0
    25b4:	84 ea       	ldi	r24, 0xA4	; 164
    25b6:	80 83       	st	Z, r24
    
    /* Wait for TWINT flag set in TWCR Register (start bit is send successfully) */
    while(BIT_IS_CLEAR(TWCR,TWINT));
    25b8:	e6 e5       	ldi	r30, 0x56	; 86
    25ba:	f0 e0       	ldi	r31, 0x00	; 0
    25bc:	80 81       	ld	r24, Z
    25be:	88 23       	and	r24, r24
    25c0:	dc f7       	brge	.-10     	; 0x25b8 <TWI_start+0x10>
}
    25c2:	cf 91       	pop	r28
    25c4:	df 91       	pop	r29
    25c6:	08 95       	ret

000025c8 <TWI_stop>:

void TWI_stop(void)
{
    25c8:	df 93       	push	r29
    25ca:	cf 93       	push	r28
    25cc:	cd b7       	in	r28, 0x3d	; 61
    25ce:	de b7       	in	r29, 0x3e	; 62
    /* 
	 * Clear the TWINT flag before sending the stop bit TWINT=1
	 * send the stop bit by TWSTO=1
	 * Enable TWI Module TWEN=1 
	 */
    TWCR = (1 << TWINT) | (1 << TWSTO) | (1 << TWEN);
    25d0:	e6 e5       	ldi	r30, 0x56	; 86
    25d2:	f0 e0       	ldi	r31, 0x00	; 0
    25d4:	84 e9       	ldi	r24, 0x94	; 148
    25d6:	80 83       	st	Z, r24
}
    25d8:	cf 91       	pop	r28
    25da:	df 91       	pop	r29
    25dc:	08 95       	ret

000025de <TWI_writeByte>:

void TWI_writeByte(uint8 data)
{
    25de:	df 93       	push	r29
    25e0:	cf 93       	push	r28
    25e2:	0f 92       	push	r0
    25e4:	cd b7       	in	r28, 0x3d	; 61
    25e6:	de b7       	in	r29, 0x3e	; 62
    25e8:	89 83       	std	Y+1, r24	; 0x01
    /* Put data On TWI data Register */
    TWDR = data;
    25ea:	e3 e2       	ldi	r30, 0x23	; 35
    25ec:	f0 e0       	ldi	r31, 0x00	; 0
    25ee:	89 81       	ldd	r24, Y+1	; 0x01
    25f0:	80 83       	st	Z, r24
    /* 
	 * Clear the TWINT flag before sending the data TWINT=1
	 * Enable TWI Module TWEN=1 
	 */ 
    TWCR = (1 << TWINT) | (1 << TWEN);
    25f2:	e6 e5       	ldi	r30, 0x56	; 86
    25f4:	f0 e0       	ldi	r31, 0x00	; 0
    25f6:	84 e8       	ldi	r24, 0x84	; 132
    25f8:	80 83       	st	Z, r24
    /* Wait for TWINT flag set in TWCR Register(data is send successfully) */
    while(BIT_IS_CLEAR(TWCR,TWINT));
    25fa:	e6 e5       	ldi	r30, 0x56	; 86
    25fc:	f0 e0       	ldi	r31, 0x00	; 0
    25fe:	80 81       	ld	r24, Z
    2600:	88 23       	and	r24, r24
    2602:	dc f7       	brge	.-10     	; 0x25fa <TWI_writeByte+0x1c>
}
    2604:	0f 90       	pop	r0
    2606:	cf 91       	pop	r28
    2608:	df 91       	pop	r29
    260a:	08 95       	ret

0000260c <TWI_readByteWithACK>:

uint8 TWI_readByteWithACK(void)
{
    260c:	df 93       	push	r29
    260e:	cf 93       	push	r28
    2610:	cd b7       	in	r28, 0x3d	; 61
    2612:	de b7       	in	r29, 0x3e	; 62
	/* 
	 * Clear the TWINT flag before reading the data TWINT=1
	 * Enable sending ACK after reading or receiving data TWEA=1
	 * Enable TWI Module TWEN=1 
	 */ 
    TWCR = (1 << TWINT) | (1 << TWEN) | (1 << TWEA);
    2614:	e6 e5       	ldi	r30, 0x56	; 86
    2616:	f0 e0       	ldi	r31, 0x00	; 0
    2618:	84 ec       	ldi	r24, 0xC4	; 196
    261a:	80 83       	st	Z, r24
    /* Wait for TWINT flag set in TWCR Register (data received successfully) */
    while(BIT_IS_CLEAR(TWCR,TWINT));
    261c:	e6 e5       	ldi	r30, 0x56	; 86
    261e:	f0 e0       	ldi	r31, 0x00	; 0
    2620:	80 81       	ld	r24, Z
    2622:	88 23       	and	r24, r24
    2624:	dc f7       	brge	.-10     	; 0x261c <TWI_readByteWithACK+0x10>
    /* Read Data */
    return TWDR;
    2626:	e3 e2       	ldi	r30, 0x23	; 35
    2628:	f0 e0       	ldi	r31, 0x00	; 0
    262a:	80 81       	ld	r24, Z
}
    262c:	cf 91       	pop	r28
    262e:	df 91       	pop	r29
    2630:	08 95       	ret

00002632 <TWI_readByteWithNACK>:

uint8 TWI_readByteWithNACK(void)
{
    2632:	df 93       	push	r29
    2634:	cf 93       	push	r28
    2636:	cd b7       	in	r28, 0x3d	; 61
    2638:	de b7       	in	r29, 0x3e	; 62
	/* 
	 * Clear the TWINT flag before reading the data TWINT=1
	 * Enable TWI Module TWEN=1 
	 */
    TWCR = (1 << TWINT) | (1 << TWEN);
    263a:	e6 e5       	ldi	r30, 0x56	; 86
    263c:	f0 e0       	ldi	r31, 0x00	; 0
    263e:	84 e8       	ldi	r24, 0x84	; 132
    2640:	80 83       	st	Z, r24
    /* Wait for TWINT flag set in TWCR Register (data received successfully) */
    while(BIT_IS_CLEAR(TWCR,TWINT));
    2642:	e6 e5       	ldi	r30, 0x56	; 86
    2644:	f0 e0       	ldi	r31, 0x00	; 0
    2646:	80 81       	ld	r24, Z
    2648:	88 23       	and	r24, r24
    264a:	dc f7       	brge	.-10     	; 0x2642 <TWI_readByteWithNACK+0x10>
    /* Read Data */
    return TWDR;
    264c:	e3 e2       	ldi	r30, 0x23	; 35
    264e:	f0 e0       	ldi	r31, 0x00	; 0
    2650:	80 81       	ld	r24, Z
}
    2652:	cf 91       	pop	r28
    2654:	df 91       	pop	r29
    2656:	08 95       	ret

00002658 <TWI_getStatus>:

uint8 TWI_getStatus(void)
{
    2658:	df 93       	push	r29
    265a:	cf 93       	push	r28
    265c:	0f 92       	push	r0
    265e:	cd b7       	in	r28, 0x3d	; 61
    2660:	de b7       	in	r29, 0x3e	; 62
    uint8 status;
    /* masking to eliminate first 3 bits and get the last 5 bits (status bits) */
    status = TWSR & 0xF8;
    2662:	e1 e2       	ldi	r30, 0x21	; 33
    2664:	f0 e0       	ldi	r31, 0x00	; 0
    2666:	80 81       	ld	r24, Z
    2668:	88 7f       	andi	r24, 0xF8	; 248
    266a:	89 83       	std	Y+1, r24	; 0x01
    return status;
    266c:	89 81       	ldd	r24, Y+1	; 0x01
}
    266e:	0f 90       	pop	r0
    2670:	cf 91       	pop	r28
    2672:	df 91       	pop	r29
    2674:	08 95       	ret

00002676 <UART_init>:
 * 1. Setup the Frame format like number of data bits, parity bit type and number of stop bits.
 * 2. Enable the UART.
 * 3. Setup the UART baud rate.
 */
void UART_init(uint32 baud_rate , const Uart_config * ptr)
{
    2676:	df 93       	push	r29
    2678:	cf 93       	push	r28
    267a:	cd b7       	in	r28, 0x3d	; 61
    267c:	de b7       	in	r29, 0x3e	; 62
    267e:	2c 97       	sbiw	r28, 0x0c	; 12
    2680:	0f b6       	in	r0, 0x3f	; 63
    2682:	f8 94       	cli
    2684:	de bf       	out	0x3e, r29	; 62
    2686:	0f be       	out	0x3f, r0	; 63
    2688:	cd bf       	out	0x3d, r28	; 61
    268a:	6b 83       	std	Y+3, r22	; 0x03
    268c:	7c 83       	std	Y+4, r23	; 0x04
    268e:	8d 83       	std	Y+5, r24	; 0x05
    2690:	9e 83       	std	Y+6, r25	; 0x06
    2692:	58 87       	std	Y+8, r21	; 0x08
    2694:	4f 83       	std	Y+7, r20	; 0x07
	uint16 ubrr_value = 0;
    2696:	1a 82       	std	Y+2, r1	; 0x02
    2698:	19 82       	std	Y+1, r1	; 0x01

	/* U2X = 1 for double transmission speed */
	UCSRA = (1<<U2X);
    269a:	eb e2       	ldi	r30, 0x2B	; 43
    269c:	f0 e0       	ldi	r31, 0x00	; 0
    269e:	82 e0       	ldi	r24, 0x02	; 2
    26a0:	80 83       	st	Z, r24
	 * RXEN  = 1 Receiver Enable
	 * RXEN  = 1 Transmitter Enable
	 * UCSZ2 = 0 For 8-bit data mode
	 * RXB8 & TXB8 not used for 8-bit data mode
	 ***********************************************************************/
	UCSRB = (1<<RXEN) | (1<<TXEN);
    26a2:	ea e2       	ldi	r30, 0x2A	; 42
    26a4:	f0 e0       	ldi	r31, 0x00	; 0
    26a6:	88 e1       	ldi	r24, 0x18	; 24
    26a8:	80 83       	st	Z, r24
	switch (ptr->data_bits){
    26aa:	ef 81       	ldd	r30, Y+7	; 0x07
    26ac:	f8 85       	ldd	r31, Y+8	; 0x08
    26ae:	80 81       	ld	r24, Z
    26b0:	28 2f       	mov	r18, r24
    26b2:	30 e0       	ldi	r19, 0x00	; 0
    26b4:	3c 87       	std	Y+12, r19	; 0x0c
    26b6:	2b 87       	std	Y+11, r18	; 0x0b
    26b8:	8b 85       	ldd	r24, Y+11	; 0x0b
    26ba:	9c 85       	ldd	r25, Y+12	; 0x0c
    26bc:	87 30       	cpi	r24, 0x07	; 7
    26be:	91 05       	cpc	r25, r1
    26c0:	29 f1       	breq	.+74     	; 0x270c <UART_init+0x96>
    26c2:	2b 85       	ldd	r18, Y+11	; 0x0b
    26c4:	3c 85       	ldd	r19, Y+12	; 0x0c
    26c6:	28 30       	cpi	r18, 0x08	; 8
    26c8:	31 05       	cpc	r19, r1
    26ca:	5c f4       	brge	.+22     	; 0x26e2 <UART_init+0x6c>
    26cc:	8b 85       	ldd	r24, Y+11	; 0x0b
    26ce:	9c 85       	ldd	r25, Y+12	; 0x0c
    26d0:	85 30       	cpi	r24, 0x05	; 5
    26d2:	91 05       	cpc	r25, r1
    26d4:	89 f0       	breq	.+34     	; 0x26f8 <UART_init+0x82>
    26d6:	2b 85       	ldd	r18, Y+11	; 0x0b
    26d8:	3c 85       	ldd	r19, Y+12	; 0x0c
    26da:	26 30       	cpi	r18, 0x06	; 6
    26dc:	31 05       	cpc	r19, r1
    26de:	89 f0       	breq	.+34     	; 0x2702 <UART_init+0x8c>
    26e0:	27 c0       	rjmp	.+78     	; 0x2730 <UART_init+0xba>
    26e2:	8b 85       	ldd	r24, Y+11	; 0x0b
    26e4:	9c 85       	ldd	r25, Y+12	; 0x0c
    26e6:	88 30       	cpi	r24, 0x08	; 8
    26e8:	91 05       	cpc	r25, r1
    26ea:	a9 f0       	breq	.+42     	; 0x2716 <UART_init+0xa0>
    26ec:	2b 85       	ldd	r18, Y+11	; 0x0b
    26ee:	3c 85       	ldd	r19, Y+12	; 0x0c
    26f0:	29 30       	cpi	r18, 0x09	; 9
    26f2:	31 05       	cpc	r19, r1
    26f4:	a9 f0       	breq	.+42     	; 0x2720 <UART_init+0xaa>
    26f6:	1c c0       	rjmp	.+56     	; 0x2730 <UART_init+0xba>
	case 5 :
		UCSRC = (1<<URSEL) | (1<<UCSZ0) | (1<<UCSZ1);
    26f8:	e0 e4       	ldi	r30, 0x40	; 64
    26fa:	f0 e0       	ldi	r31, 0x00	; 0
    26fc:	86 e8       	ldi	r24, 0x86	; 134
    26fe:	80 83       	st	Z, r24
    2700:	17 c0       	rjmp	.+46     	; 0x2730 <UART_init+0xba>
		break ;
	case 6 :
		UCSRC = (1<<URSEL) | (1<<UCSZ0) | (1<<UCSZ1) |(0x02);
    2702:	e0 e4       	ldi	r30, 0x40	; 64
    2704:	f0 e0       	ldi	r31, 0x00	; 0
    2706:	86 e8       	ldi	r24, 0x86	; 134
    2708:	80 83       	st	Z, r24
    270a:	12 c0       	rjmp	.+36     	; 0x2730 <UART_init+0xba>
			break ;
	case 7 :
		UCSRC = (1<<URSEL) | (1<<UCSZ0) | (1<<UCSZ1) |(0x04);
    270c:	e0 e4       	ldi	r30, 0x40	; 64
    270e:	f0 e0       	ldi	r31, 0x00	; 0
    2710:	86 e8       	ldi	r24, 0x86	; 134
    2712:	80 83       	st	Z, r24
    2714:	0d c0       	rjmp	.+26     	; 0x2730 <UART_init+0xba>
			break ;
	case 8 :
		UCSRC = (1<<URSEL) | (1<<UCSZ0) | (1<<UCSZ1) |(0x06);
    2716:	e0 e4       	ldi	r30, 0x40	; 64
    2718:	f0 e0       	ldi	r31, 0x00	; 0
    271a:	86 e8       	ldi	r24, 0x86	; 134
    271c:	80 83       	st	Z, r24
    271e:	08 c0       	rjmp	.+16     	; 0x2730 <UART_init+0xba>
			break ;
	case 9 :
		UCSRC = (1<<URSEL) | (1<<UCSZ0) | (1<<UCSZ1)| (0x06);
    2720:	e0 e4       	ldi	r30, 0x40	; 64
    2722:	f0 e0       	ldi	r31, 0x00	; 0
    2724:	86 e8       	ldi	r24, 0x86	; 134
    2726:	80 83       	st	Z, r24
		UCSRB = (1<<RXEN) | (1<<TXEN)|(0x04);
    2728:	ea e2       	ldi	r30, 0x2A	; 42
    272a:	f0 e0       	ldi	r31, 0x00	; 0
    272c:	8c e1       	ldi	r24, 0x1C	; 28
    272e:	80 83       	st	Z, r24
			break ;
	default :
		break ;
	}
	switch(ptr->stop_bits){
    2730:	ef 81       	ldd	r30, Y+7	; 0x07
    2732:	f8 85       	ldd	r31, Y+8	; 0x08
    2734:	81 81       	ldd	r24, Z+1	; 0x01
    2736:	28 2f       	mov	r18, r24
    2738:	30 e0       	ldi	r19, 0x00	; 0
    273a:	3a 87       	std	Y+10, r19	; 0x0a
    273c:	29 87       	std	Y+9, r18	; 0x09
    273e:	89 85       	ldd	r24, Y+9	; 0x09
    2740:	9a 85       	ldd	r25, Y+10	; 0x0a
    2742:	81 30       	cpi	r24, 0x01	; 1
    2744:	91 05       	cpc	r25, r1
    2746:	31 f0       	breq	.+12     	; 0x2754 <UART_init+0xde>
    2748:	29 85       	ldd	r18, Y+9	; 0x09
    274a:	3a 85       	ldd	r19, Y+10	; 0x0a
    274c:	22 30       	cpi	r18, 0x02	; 2
    274e:	31 05       	cpc	r19, r1
    2750:	41 f0       	breq	.+16     	; 0x2762 <UART_init+0xec>
    2752:	0e c0       	rjmp	.+28     	; 0x2770 <UART_init+0xfa>
	case 1 :
		UCSRC |= (0x00);
    2754:	e0 e4       	ldi	r30, 0x40	; 64
    2756:	f0 e0       	ldi	r31, 0x00	; 0
    2758:	a0 e4       	ldi	r26, 0x40	; 64
    275a:	b0 e0       	ldi	r27, 0x00	; 0
    275c:	8c 91       	ld	r24, X
    275e:	80 83       	st	Z, r24
    2760:	07 c0       	rjmp	.+14     	; 0x2770 <UART_init+0xfa>
		break ;
	case 2 :
		UCSRC |= (0x08);
    2762:	a0 e4       	ldi	r26, 0x40	; 64
    2764:	b0 e0       	ldi	r27, 0x00	; 0
    2766:	e0 e4       	ldi	r30, 0x40	; 64
    2768:	f0 e0       	ldi	r31, 0x00	; 0
    276a:	80 81       	ld	r24, Z
    276c:	88 60       	ori	r24, 0x08	; 8
    276e:	8c 93       	st	X, r24
	 * UCPOL   = 0 Used with the Synchronous operation only
	 ***********************************************************************/ 	

	
	/* Calculate the UBRR register value */
	ubrr_value = (uint16)(((F_CPU / (baud_rate * 8UL))) - 1);
    2770:	8b 81       	ldd	r24, Y+3	; 0x03
    2772:	9c 81       	ldd	r25, Y+4	; 0x04
    2774:	ad 81       	ldd	r26, Y+5	; 0x05
    2776:	be 81       	ldd	r27, Y+6	; 0x06
    2778:	88 0f       	add	r24, r24
    277a:	99 1f       	adc	r25, r25
    277c:	aa 1f       	adc	r26, r26
    277e:	bb 1f       	adc	r27, r27
    2780:	88 0f       	add	r24, r24
    2782:	99 1f       	adc	r25, r25
    2784:	aa 1f       	adc	r26, r26
    2786:	bb 1f       	adc	r27, r27
    2788:	88 0f       	add	r24, r24
    278a:	99 1f       	adc	r25, r25
    278c:	aa 1f       	adc	r26, r26
    278e:	bb 1f       	adc	r27, r27
    2790:	9c 01       	movw	r18, r24
    2792:	ad 01       	movw	r20, r26
    2794:	80 e0       	ldi	r24, 0x00	; 0
    2796:	92 e1       	ldi	r25, 0x12	; 18
    2798:	aa e7       	ldi	r26, 0x7A	; 122
    279a:	b0 e0       	ldi	r27, 0x00	; 0
    279c:	bc 01       	movw	r22, r24
    279e:	cd 01       	movw	r24, r26
    27a0:	0e 94 7d 14 	call	0x28fa	; 0x28fa <__udivmodsi4>
    27a4:	da 01       	movw	r26, r20
    27a6:	c9 01       	movw	r24, r18
    27a8:	01 97       	sbiw	r24, 0x01	; 1
    27aa:	9a 83       	std	Y+2, r25	; 0x02
    27ac:	89 83       	std	Y+1, r24	; 0x01

	/* First 8 bits from the BAUD_PRESCALE inside UBRRL and last 4 bits in UBRRH*/
	UBRRH = ubrr_value>>8;
    27ae:	e0 e4       	ldi	r30, 0x40	; 64
    27b0:	f0 e0       	ldi	r31, 0x00	; 0
    27b2:	89 81       	ldd	r24, Y+1	; 0x01
    27b4:	9a 81       	ldd	r25, Y+2	; 0x02
    27b6:	89 2f       	mov	r24, r25
    27b8:	99 27       	eor	r25, r25
    27ba:	80 83       	st	Z, r24
	UBRRL = ubrr_value;
    27bc:	e9 e2       	ldi	r30, 0x29	; 41
    27be:	f0 e0       	ldi	r31, 0x00	; 0
    27c0:	89 81       	ldd	r24, Y+1	; 0x01
    27c2:	80 83       	st	Z, r24
}
    27c4:	2c 96       	adiw	r28, 0x0c	; 12
    27c6:	0f b6       	in	r0, 0x3f	; 63
    27c8:	f8 94       	cli
    27ca:	de bf       	out	0x3e, r29	; 62
    27cc:	0f be       	out	0x3f, r0	; 63
    27ce:	cd bf       	out	0x3d, r28	; 61
    27d0:	cf 91       	pop	r28
    27d2:	df 91       	pop	r29
    27d4:	08 95       	ret

000027d6 <UART_sendByte>:
/*
 * Description :
 * Functional responsible for send byte to another UART device.
 */
void UART_sendByte(const uint8 data)
{
    27d6:	df 93       	push	r29
    27d8:	cf 93       	push	r28
    27da:	0f 92       	push	r0
    27dc:	cd b7       	in	r28, 0x3d	; 61
    27de:	de b7       	in	r29, 0x3e	; 62
    27e0:	89 83       	std	Y+1, r24	; 0x01
	/*
	 * UDRE flag is set when the Tx buffer (UDR) is empty and ready for
	 * transmitting a new byte so wait until this flag is set to one
	 */
	while(BIT_IS_CLEAR(UCSRA,UDRE)){}
    27e2:	eb e2       	ldi	r30, 0x2B	; 43
    27e4:	f0 e0       	ldi	r31, 0x00	; 0
    27e6:	80 81       	ld	r24, Z
    27e8:	88 2f       	mov	r24, r24
    27ea:	90 e0       	ldi	r25, 0x00	; 0
    27ec:	80 72       	andi	r24, 0x20	; 32
    27ee:	90 70       	andi	r25, 0x00	; 0
    27f0:	00 97       	sbiw	r24, 0x00	; 0
    27f2:	b9 f3       	breq	.-18     	; 0x27e2 <UART_sendByte+0xc>

	/*
	 * Put the required data in the UDR register and it also clear the UDRE flag as
	 * the UDR register is not empty now
	 */
	UDR = data;
    27f4:	ec e2       	ldi	r30, 0x2C	; 44
    27f6:	f0 e0       	ldi	r31, 0x00	; 0
    27f8:	89 81       	ldd	r24, Y+1	; 0x01
    27fa:	80 83       	st	Z, r24
	/************************* Another Method *************************
	UDR = data;
	while(BIT_IS_CLEAR(UCSRA,TXC)){} // Wait until the transmission is complete TXC = 1
	SET_BIT(UCSRA,TXC); // Clear the TXC flag
	*******************************************************************/
}
    27fc:	0f 90       	pop	r0
    27fe:	cf 91       	pop	r28
    2800:	df 91       	pop	r29
    2802:	08 95       	ret

00002804 <UART_recieveByte>:
/*
 * Description :
 * Functional responsible for receive byte from another UART device.
 */
uint8 UART_recieveByte(void)
{
    2804:	df 93       	push	r29
    2806:	cf 93       	push	r28
    2808:	cd b7       	in	r28, 0x3d	; 61
    280a:	de b7       	in	r29, 0x3e	; 62
	/* RXC flag is set when the UART receive data so wait until this flag is set to one */
	while(BIT_IS_CLEAR(UCSRA,RXC)){}
    280c:	eb e2       	ldi	r30, 0x2B	; 43
    280e:	f0 e0       	ldi	r31, 0x00	; 0
    2810:	80 81       	ld	r24, Z
    2812:	88 23       	and	r24, r24
    2814:	dc f7       	brge	.-10     	; 0x280c <UART_recieveByte+0x8>

	/*
	 * Read the received data from the Rx buffer (UDR)
	 * The RXC flag will be cleared after read the data
	 */
    return UDR;		
    2816:	ec e2       	ldi	r30, 0x2C	; 44
    2818:	f0 e0       	ldi	r31, 0x00	; 0
    281a:	80 81       	ld	r24, Z
}
    281c:	cf 91       	pop	r28
    281e:	df 91       	pop	r29
    2820:	08 95       	ret

00002822 <UART_sendString>:
/*
 * Description :
 * Send the required string through UART to the other UART device.
 */
void UART_sendString(const uint8 *Str)
{
    2822:	df 93       	push	r29
    2824:	cf 93       	push	r28
    2826:	00 d0       	rcall	.+0      	; 0x2828 <UART_sendString+0x6>
    2828:	0f 92       	push	r0
    282a:	cd b7       	in	r28, 0x3d	; 61
    282c:	de b7       	in	r29, 0x3e	; 62
    282e:	9b 83       	std	Y+3, r25	; 0x03
    2830:	8a 83       	std	Y+2, r24	; 0x02
	uint8 i = 0;
    2832:	19 82       	std	Y+1, r1	; 0x01
    2834:	0e c0       	rjmp	.+28     	; 0x2852 <UART_sendString+0x30>

	/* Send the whole string */
	while(Str[i] != '\0')
	{
		UART_sendByte(Str[i]);
    2836:	89 81       	ldd	r24, Y+1	; 0x01
    2838:	28 2f       	mov	r18, r24
    283a:	30 e0       	ldi	r19, 0x00	; 0
    283c:	8a 81       	ldd	r24, Y+2	; 0x02
    283e:	9b 81       	ldd	r25, Y+3	; 0x03
    2840:	fc 01       	movw	r30, r24
    2842:	e2 0f       	add	r30, r18
    2844:	f3 1f       	adc	r31, r19
    2846:	80 81       	ld	r24, Z
    2848:	0e 94 eb 13 	call	0x27d6	; 0x27d6 <UART_sendByte>
		i++;
    284c:	89 81       	ldd	r24, Y+1	; 0x01
    284e:	8f 5f       	subi	r24, 0xFF	; 255
    2850:	89 83       	std	Y+1, r24	; 0x01
void UART_sendString(const uint8 *Str)
{
	uint8 i = 0;

	/* Send the whole string */
	while(Str[i] != '\0')
    2852:	89 81       	ldd	r24, Y+1	; 0x01
    2854:	28 2f       	mov	r18, r24
    2856:	30 e0       	ldi	r19, 0x00	; 0
    2858:	8a 81       	ldd	r24, Y+2	; 0x02
    285a:	9b 81       	ldd	r25, Y+3	; 0x03
    285c:	fc 01       	movw	r30, r24
    285e:	e2 0f       	add	r30, r18
    2860:	f3 1f       	adc	r31, r19
    2862:	80 81       	ld	r24, Z
    2864:	88 23       	and	r24, r24
    2866:	39 f7       	brne	.-50     	; 0x2836 <UART_sendString+0x14>
	{
		UART_sendByte(*Str);
		Str++;
	}		
	*******************************************************************/
}
    2868:	0f 90       	pop	r0
    286a:	0f 90       	pop	r0
    286c:	0f 90       	pop	r0
    286e:	cf 91       	pop	r28
    2870:	df 91       	pop	r29
    2872:	08 95       	ret

00002874 <UART_receiveString>:
/*
 * Description :
 * Receive the required string until the '#' symbol through UART from the other UART device.
 */
void UART_receiveString(uint8 *Str)
{
    2874:	0f 93       	push	r16
    2876:	1f 93       	push	r17
    2878:	df 93       	push	r29
    287a:	cf 93       	push	r28
    287c:	00 d0       	rcall	.+0      	; 0x287e <UART_receiveString+0xa>
    287e:	0f 92       	push	r0
    2880:	cd b7       	in	r28, 0x3d	; 61
    2882:	de b7       	in	r29, 0x3e	; 62
    2884:	9b 83       	std	Y+3, r25	; 0x03
    2886:	8a 83       	std	Y+2, r24	; 0x02
	uint8 i = 0;
    2888:	19 82       	std	Y+1, r1	; 0x01

	/* Receive the first byte */
	Str[i] = UART_recieveByte();
    288a:	89 81       	ldd	r24, Y+1	; 0x01
    288c:	28 2f       	mov	r18, r24
    288e:	30 e0       	ldi	r19, 0x00	; 0
    2890:	8a 81       	ldd	r24, Y+2	; 0x02
    2892:	9b 81       	ldd	r25, Y+3	; 0x03
    2894:	8c 01       	movw	r16, r24
    2896:	02 0f       	add	r16, r18
    2898:	13 1f       	adc	r17, r19
    289a:	0e 94 02 14 	call	0x2804	; 0x2804 <UART_recieveByte>
    289e:	f8 01       	movw	r30, r16
    28a0:	80 83       	st	Z, r24
    28a2:	0f c0       	rjmp	.+30     	; 0x28c2 <UART_receiveString+0x4e>

	/* Receive the whole string until the '#' */
	while(Str[i] != '#')
	{
		i++;
    28a4:	89 81       	ldd	r24, Y+1	; 0x01
    28a6:	8f 5f       	subi	r24, 0xFF	; 255
    28a8:	89 83       	std	Y+1, r24	; 0x01
		Str[i] = UART_recieveByte();
    28aa:	89 81       	ldd	r24, Y+1	; 0x01
    28ac:	28 2f       	mov	r18, r24
    28ae:	30 e0       	ldi	r19, 0x00	; 0
    28b0:	8a 81       	ldd	r24, Y+2	; 0x02
    28b2:	9b 81       	ldd	r25, Y+3	; 0x03
    28b4:	8c 01       	movw	r16, r24
    28b6:	02 0f       	add	r16, r18
    28b8:	13 1f       	adc	r17, r19
    28ba:	0e 94 02 14 	call	0x2804	; 0x2804 <UART_recieveByte>
    28be:	f8 01       	movw	r30, r16
    28c0:	80 83       	st	Z, r24

	/* Receive the first byte */
	Str[i] = UART_recieveByte();

	/* Receive the whole string until the '#' */
	while(Str[i] != '#')
    28c2:	89 81       	ldd	r24, Y+1	; 0x01
    28c4:	28 2f       	mov	r18, r24
    28c6:	30 e0       	ldi	r19, 0x00	; 0
    28c8:	8a 81       	ldd	r24, Y+2	; 0x02
    28ca:	9b 81       	ldd	r25, Y+3	; 0x03
    28cc:	fc 01       	movw	r30, r24
    28ce:	e2 0f       	add	r30, r18
    28d0:	f3 1f       	adc	r31, r19
    28d2:	80 81       	ld	r24, Z
    28d4:	83 32       	cpi	r24, 0x23	; 35
    28d6:	31 f7       	brne	.-52     	; 0x28a4 <UART_receiveString+0x30>
		i++;
		Str[i] = UART_recieveByte();
	}

	/* After receiving the whole string plus the '#', replace the '#' with '\0' */
	Str[i] = '\0';
    28d8:	89 81       	ldd	r24, Y+1	; 0x01
    28da:	28 2f       	mov	r18, r24
    28dc:	30 e0       	ldi	r19, 0x00	; 0
    28de:	8a 81       	ldd	r24, Y+2	; 0x02
    28e0:	9b 81       	ldd	r25, Y+3	; 0x03
    28e2:	fc 01       	movw	r30, r24
    28e4:	e2 0f       	add	r30, r18
    28e6:	f3 1f       	adc	r31, r19
    28e8:	10 82       	st	Z, r1
}
    28ea:	0f 90       	pop	r0
    28ec:	0f 90       	pop	r0
    28ee:	0f 90       	pop	r0
    28f0:	cf 91       	pop	r28
    28f2:	df 91       	pop	r29
    28f4:	1f 91       	pop	r17
    28f6:	0f 91       	pop	r16
    28f8:	08 95       	ret

000028fa <__udivmodsi4>:
    28fa:	a1 e2       	ldi	r26, 0x21	; 33
    28fc:	1a 2e       	mov	r1, r26
    28fe:	aa 1b       	sub	r26, r26
    2900:	bb 1b       	sub	r27, r27
    2902:	fd 01       	movw	r30, r26
    2904:	0d c0       	rjmp	.+26     	; 0x2920 <__udivmodsi4_ep>

00002906 <__udivmodsi4_loop>:
    2906:	aa 1f       	adc	r26, r26
    2908:	bb 1f       	adc	r27, r27
    290a:	ee 1f       	adc	r30, r30
    290c:	ff 1f       	adc	r31, r31
    290e:	a2 17       	cp	r26, r18
    2910:	b3 07       	cpc	r27, r19
    2912:	e4 07       	cpc	r30, r20
    2914:	f5 07       	cpc	r31, r21
    2916:	20 f0       	brcs	.+8      	; 0x2920 <__udivmodsi4_ep>
    2918:	a2 1b       	sub	r26, r18
    291a:	b3 0b       	sbc	r27, r19
    291c:	e4 0b       	sbc	r30, r20
    291e:	f5 0b       	sbc	r31, r21

00002920 <__udivmodsi4_ep>:
    2920:	66 1f       	adc	r22, r22
    2922:	77 1f       	adc	r23, r23
    2924:	88 1f       	adc	r24, r24
    2926:	99 1f       	adc	r25, r25
    2928:	1a 94       	dec	r1
    292a:	69 f7       	brne	.-38     	; 0x2906 <__udivmodsi4_loop>
    292c:	60 95       	com	r22
    292e:	70 95       	com	r23
    2930:	80 95       	com	r24
    2932:	90 95       	com	r25
    2934:	9b 01       	movw	r18, r22
    2936:	ac 01       	movw	r20, r24
    2938:	bd 01       	movw	r22, r26
    293a:	cf 01       	movw	r24, r30
    293c:	08 95       	ret

0000293e <__prologue_saves__>:
    293e:	2f 92       	push	r2
    2940:	3f 92       	push	r3
    2942:	4f 92       	push	r4
    2944:	5f 92       	push	r5
    2946:	6f 92       	push	r6
    2948:	7f 92       	push	r7
    294a:	8f 92       	push	r8
    294c:	9f 92       	push	r9
    294e:	af 92       	push	r10
    2950:	bf 92       	push	r11
    2952:	cf 92       	push	r12
    2954:	df 92       	push	r13
    2956:	ef 92       	push	r14
    2958:	ff 92       	push	r15
    295a:	0f 93       	push	r16
    295c:	1f 93       	push	r17
    295e:	cf 93       	push	r28
    2960:	df 93       	push	r29
    2962:	cd b7       	in	r28, 0x3d	; 61
    2964:	de b7       	in	r29, 0x3e	; 62
    2966:	ca 1b       	sub	r28, r26
    2968:	db 0b       	sbc	r29, r27
    296a:	0f b6       	in	r0, 0x3f	; 63
    296c:	f8 94       	cli
    296e:	de bf       	out	0x3e, r29	; 62
    2970:	0f be       	out	0x3f, r0	; 63
    2972:	cd bf       	out	0x3d, r28	; 61
    2974:	09 94       	ijmp

00002976 <__epilogue_restores__>:
    2976:	2a 88       	ldd	r2, Y+18	; 0x12
    2978:	39 88       	ldd	r3, Y+17	; 0x11
    297a:	48 88       	ldd	r4, Y+16	; 0x10
    297c:	5f 84       	ldd	r5, Y+15	; 0x0f
    297e:	6e 84       	ldd	r6, Y+14	; 0x0e
    2980:	7d 84       	ldd	r7, Y+13	; 0x0d
    2982:	8c 84       	ldd	r8, Y+12	; 0x0c
    2984:	9b 84       	ldd	r9, Y+11	; 0x0b
    2986:	aa 84       	ldd	r10, Y+10	; 0x0a
    2988:	b9 84       	ldd	r11, Y+9	; 0x09
    298a:	c8 84       	ldd	r12, Y+8	; 0x08
    298c:	df 80       	ldd	r13, Y+7	; 0x07
    298e:	ee 80       	ldd	r14, Y+6	; 0x06
    2990:	fd 80       	ldd	r15, Y+5	; 0x05
    2992:	0c 81       	ldd	r16, Y+4	; 0x04
    2994:	1b 81       	ldd	r17, Y+3	; 0x03
    2996:	aa 81       	ldd	r26, Y+2	; 0x02
    2998:	b9 81       	ldd	r27, Y+1	; 0x01
    299a:	ce 0f       	add	r28, r30
    299c:	d1 1d       	adc	r29, r1
    299e:	0f b6       	in	r0, 0x3f	; 63
    29a0:	f8 94       	cli
    29a2:	de bf       	out	0x3e, r29	; 62
    29a4:	0f be       	out	0x3f, r0	; 63
    29a6:	cd bf       	out	0x3d, r28	; 61
    29a8:	ed 01       	movw	r28, r26
    29aa:	08 95       	ret

000029ac <_exit>:
    29ac:	f8 94       	cli

000029ae <__stop_program>:
    29ae:	ff cf       	rjmp	.-2      	; 0x29ae <__stop_program>
